roster_id,name,position,realized_value,future_value,total_value,value_over_expected,avenue
6,Josh Allen,QB,193.19063725490196,585.1958091664875,749.1266559630651,179.65308928705645,initial draft pick 1
1,Patrick Mahomes,QB,99.27577450980392,293.88293254919586,378.46456043153995,-158.71405554420375,initial draft pick 2
9,Christian McCaffrey,RB,-3.710803921568629,226.6934642520396,211.64798711786898,-304.2728194343965,initial draft pick 3
10,C.J. Stroud,QB,35.68447058823529,335.2435762751727,354.16586804964936,-141.2204800986744,initial draft pick 4
3,Justin Jefferson,WR,147.40205882352942,433.0200680464714,558.7711234676773,77.92577952382067,initial draft pick 5
8,Jalen Hurts,QB,132.8086041762159,403.98907243984667,516.5982229940703,51.348244589893056,initial draft pick 6
12,Sam LaPorta,TE,40.72460784313726,234.12672087932725,263.14499267849817,-188.99462674626307,initial draft pick 7
4,Joe Burrow,QB,180.92325569136744,498.08784165305315,654.106705261768,212.6673796348831,initial draft pick 8
11,Lamar Jackson,QB,229.60960924369743,590.8574998227863,790.9242340753444,359.82254065098243,initial draft pick 9
5,Ja'Marr Chase,WR,211.2793431372549,442.7885718548223,631.9284863993361,212.5590075034881,initial draft pick 10
2,Brock Purdy,QB,108.98210533061707,282.4168957639626,377.2781563063815,-32.024129352275565,initial draft pick 11
7,Justin Herbert,QB,37.52849019607842,304.80738868050236,327.0955094425557,-75.9268908368781,initial draft pick 12
7,Bijan Robinson,RB,165.01040196078432,543.4321430129444,681.2709378230815,288.92403452582215,initial draft pick 13
2,CeeDee Lamb,WR,101.6101862745098,324.9443216893717,410.3072918794129,26.93542779325969,initial draft pick 14
5,Trevor Lawrence,QB,18.811368483150822,273.1425950990302,278.2968338272295,-96.71593013126295,initial draft pick 15
11,Breece Hall,RB,78.38165686274509,329.18285063186295,391.1053649630149,26.127438270785717,initial draft pick 16
4,Amon-Ra St. Brown,WR,140.68452941176471,255.31674447984432,383.2354366676168,22.225245672451706,initial draft pick 17
12,Jordan Love,QB,59.30854901960783,294.85214018107644,339.41808219163045,-13.150539407748624,initial draft pick 18
8,Anthony Richardson,QB,-12.641627450980398,138.68072246686827,119.10505889254446,-228.70615168128197,initial draft pick 19
3,Dak Prescott,QB,22.103401960784304,175.79895496755216,189.11240917995886,-151.08997380428477,initial draft pick 20
10,Tyreek Hill,WR,52.12660784313726,71.98670531228721,120.51397788981012,-216.02900581714846,initial draft pick 21
9,Jonathan Taylor,RB,99.91174509803922,307.05989676161585,391.61864702157425,62.149836418044515,initial draft pick 22
1,Kyler Murray,QB,89.69597058823528,260.6154829632289,337.2806794033027,15.481031945712004,initial draft pick 23
6,Jahmyr Gibbs,RB,180.33892156862743,497.5400583820491,653.001977031574,335.6178134955257,initial draft pick 24
6,A.J. Brown,WR,89.63504901960785,171.3118510605218,252.38130752710356,-60.03399278351992,initial draft pick 25
1,Puka Nacua,WR,95.05436274509805,284.6851199681692,365.5052267148588,60.99139784623458,initial draft pick 26
9,Jared Goff,QB,141.87256782106783,175.012285179018,308.13423874113494,6.535898671618668,initial draft pick 27
10,Justin Fields,QB,-7.498974255156607,194.71187278834617,177.47730489377224,-117.59037771392528,initial draft pick 28
3,Tua Tagovailoa,QB,39.81212745098039,232.46825410849573,260.65696885405134,-29.60180889317496,initial draft pick 29
8,Garrett Wilson,WR,72.84577450980393,222.96196596732872,284.6596421787662,-0.9221463592774626,initial draft pick 30
12,Saquon Barkley,RB,190.24684313725487,317.07719049019477,491.4701741029399,208.38912990855152,initial draft pick 31
4,Chris Olave,WR,-17.79135294117647,204.78174791013484,176.75130757345164,-102.50682124041828,initial draft pick 32
11,Jaylen Waddle,WR,12.038401960784311,162.26726158190178,166.19230046359098,-107.75257780062691,initial draft pick 33
5,Travis Etienne,RB,1.8196568627450975,113.32756934843223,109.4808477437557,-158.8624732269759,initial draft pick 34
2,De'Von Achane,RB,147.2845588235294,398.7865800083341,526.1318098314468,261.97880104828084,initial draft pick 35
7,Nico Collins,WR,86.4486274509804,211.74039449096568,287.6020022173978,27.67227649606292,initial draft pick 36
7,rookie draft slot,1,NA,NA,375.47162896263666,120.31325695142692,initial draft pick 37
2,Brandon Aiyuk,WR,-22.180696078431374,66.86611477015299,41.34211295321396,-211.5423247064447,initial draft pick 38
5,Kyren Williams,RB,129.40307843137256,302.34255657727783,416.62850717978654,168.06601821348409,initial draft pick 39
11,Michael Pittman Jr.,WR,-31.05658823529412,47.99625246663946,14.539851608013365,-231.39251614264384,initial draft pick 40
4,Trey McBride,TE,116.6295588235294,252.31609854581905,356.3298524420575,114.22723739700325,initial draft pick 41
12,Rashee Rice,WR,17.224539215686274,198.30675560701988,205.61595704235515,-31.220573249342294,initial draft pick 42
8,T.J. Hockenson,TE,14.323725490196074,164.97064201032802,171.0458354000077,-63.415281992141814,initial draft pick 43
3,Kenneth Walker III,RB,53.18813725490195,318.90575347439784,356.1486030555799,126.68173348566523,initial draft pick 44
10,Isiah Pacheco,RB,14.152401960784315,121.44907247780358,129.5290208146977,-99.32173627793432,initial draft pick 45
9,Travis Kelce,TE,60.50294117647058,13.29944612468547,73.13741499492177,-150.68981059251388,initial draft pick 46
1,Mark Andrews,TE,0.5944607843137231,51.191346741478164,49.22624018871798,-171.20000668120153,initial draft pick 47
6,DeVonta Smith,WR,26.530098039215694,168.834081684672,186.92247563965407,-27.983694217239275,initial draft pick 48
6,Tank Dell,WR,-12.407499999999995,18.55524090124273,5.219978856180596,-210.08819219223847,initial draft pick 49
1,Tee Higgins,WR,95.88745098039216,179.42970915448126,266.34567467714936,55.92640586528728,initial draft pick 50
9,Cooper Kupp,WR,44.28679411764706,11.477572301642962,55.190487804207876,-154.11173755000266,initial draft pick 51
10,George Kittle,TE,127.45759803921572,116.43677268901638,238.07253209378126,31.38154159516614,initial draft pick 52
3,D.J. Moore,WR,49.28205882352941,127.83635584983472,170.7265968808724,-29.829632819732268,initial draft pick 53
8,Rachaad White,RB,51.64689215686274,98.0389536543321,144.78389812847823,-53.78496101140905,initial draft pick 54
12,Josh Jacobs,RB,102.24179411764705,263.3907711889067,352.46302674710836,156.46258551890378,initial draft pick 55
7,Dalton Kincaid,TE,10.77661764705882,71.52885261258218,78.72902762901188,-116.41904658789966,initial draft pick 56
11,Kyle Pitts,TE,0.3639705882352944,74.06016037880634,70.72112294810131,-119.7327438799218,initial draft pick 57
5,Stefon Diggs,WR,33.275323529411764,15.008456933019458,47.53335761578025,-140.5985249340112,initial draft pick 58
2,Drake London,WR,74.59911764705882,268.1253203627421,329.3181719916638,139.9196017323557,initial draft pick 59
4,James Cook,RB,114.1906568627451,278.9882046930802,379.22945132117127,196.36501925603488,initial draft pick 60
7,Zay Flowers,WR,33.42251960784314,207.40411107775276,230.45642513170827,48.70942447746424,initial draft pick 61
2,Deebo Samuel Sr.,WR,1.973666666666665,20.783968581440337,21.718436819034984,-158.72975157230738,initial draft pick 62
5,David Njoku,TE,35.77754901960784,58.102238743467225,90.9746758259017,-87.6101361288597,initial draft pick 63
11,DK Metcalf,WR,-2.983627450980398,143.4086594162731,133.25459899447904,-38.82238484616738,initial draft pick 64
4,Jaxon Smith-Njigba,WR,75.39124509803924,268.17450523431194,330.15702507063554,159.3468566139269,initial draft pick 65
12,George Pickens,WR,10.628117647058822,221.85731266547336,221.3925646792585,54.62981830650341,initial draft pick 66
8,Jordan Addison,WR,63.40007843137254,238.96495638494525,290.4167869970705,126.01187853738818,initial draft pick 67
3,Javonte Williams,RB,9.491225490196085,97.95468742632764,102.54817854520734,-60.60293960837562,initial draft pick 68
10,Davante Adams,WR,80.31126470588235,62.180298190317146,139.38254798668365,-21.464408346498573,initial draft pick 69
9,Christian Kirk,WR,-15.32555882352941,18.886244291846268,2.616373253724543,-156.42776941488904,initial draft pick 70
1,Alvin Kamara,RB,132.98263725490193,193.58036638460945,316.8839853202809,156.09247413114147,initial draft pick 71
6,D'Andre Swift,RB,33.943352941176464,132.58082517295057,159.8951368554795,2.8199631927219286,initial draft pick 72
6,Kirk Cousins,QB,23.922578431372543,6.7962426448489,30.379008943978995,-125.06704988730584,initial draft pick 73
1,rookie draft slot,2,NA,NA,336.1369841650192,181.82467719558045,initial draft pick 74
9,rookie draft slot,3,NA,NA,289.3249886573596,141.07455479268117,initial draft pick 75
10,rookie draft slot,4,NA,NA,287.1654033717136,134.64920452914302,initial draft pick 76
3,rookie draft slot,5,NA,NA,208.43896677695108,63.22977911559386,initial draft pick 77
8,rookie draft slot,6,NA,NA,200.2982239417343,58.352327938576565,initial draft pick 78
12,Baker Mayfield,QB,157.9095416857652,207.49642676796404,355.031147115331,215.55044994577605,initial draft pick 79
4,Tyjae Spears,RB,-3.558382352941176,106.440104001804,97.55971644877262,-43.82923230199678,initial draft pick 80
11,Deshaun Watson,QB,-4.527127450980394,0,-4.527127450980394,-145.25734805692576,initial draft pick 81
5,Geno Smith,QB,47.635715686274494,90.7046513690187,133.80513448684226,-3.1375686472037785,initial draft pick 82
2,Mike Evans,WR,82.18356862745097,71.02699921802319,149.659217884573,12.388476469525529,initial draft pick 83
7,Nick Chubb,RB,-3.375098039215687,70.18557796141957,63.301201024132894,-71.20376590944667,initial draft pick 84
7,Jayden Reed,WR,2.1490392156862725,73.02472536932034,71.52252831654059,-58.31882205926985,initial draft pick 85
2,Jake Ferguson,TE,2.2362745098039225,66.36885001546791,65.28668202449843,-60.50488252815204,initial draft pick 86
5,rookie draft slot,7,NA,NA,137.46649129138672,10.621386641339015,initial draft pick 87
11,Najee Harris,RB,22.211607843137255,102.6712988773516,119.74934177662128,-6.123300726440377,initial draft pick 88
4,Bryce Young,QB,6.807696078431372,287.6207579217803,280.04741610412265,154.69017977472151,initial draft pick 89
12,Derrick Henry,RB,141.06600980392156,193.1671631386438,324.5748147856332,202.56295875868778,initial draft pick 90
8,Evan Engram,TE,5.417303921568627,37.39485620428998,40.9424173156441,-77.83662868338124,initial draft pick 91
3,Joe Mixon,RB,92.3042156862745,141.87609200312528,227.08650308924354,108.23858030713072,initial draft pick 92
10,Christian Watson,WR,0,16.504501948091956,15.679276850687359,-104.77292419177243,initial draft pick 93
9,Terry McLaurin,WR,70.12558823529415,104.95711518225306,169.83484765843457,53.6806582078614,initial draft pick 94
1,Keenan Allen,WR,3.229558823529416,0,3.229558823529416,-111.19548303063117,initial draft pick 95
6,Tony Pollard,RB,50.95735294117647,111.79031926309122,157.15815624111312,43.115000552190935,initial draft pick 96
6,Michael Mayer,TE,0,31.820478427683028,30.229454506298875,-83.28746567527729,initial draft pick 97
1,David Montgomery,RB,96.66671568627451,175.15418395528775,263.06319044379785,149.00876140539395,initial draft pick 98
9,Chris Godwin,WR,32.96367647058824,40.295585951206945,71.24448312423483,-36.793151695363534,initial draft pick 99
10,Brian Robinson Jr.,RB,25.887009803921572,121.73463576830387,141.53491378381025,32.893956346192184,initial draft pick 100
3,Cole Kmet,TE,-8.45200980392157,46.17460760159592,35.41386741759455,-69.15654847633647,initial draft pick 101
8,Zach Charbonnet,RB,53.30523529411764,137.64072511770942,184.06392415594158,80.0238857837603,initial draft pick 102
12,Calvin Ridley,WR,15.433803921568629,21.93800132082789,36.27490517635512,-63.23854162307124,initial draft pick 103
4,Amari Cooper,WR,-36.61503921568628,2.652409066384338,-34.09525060262116,-132.8900053325327,initial draft pick 104
11,Rhamondre Stevenson,RB,7.848617647058822,99.22860706563904,102.1157943594159,0.38669352099955745,initial draft pick 105
5,Josh Downs,WR,-11.730029411764704,136.7026452762082,118.13748360063308,18.895919660160345,initial draft pick 106
2,Austin Ekeler,RB,0.43661764705882167,64.47187155502262,61.68489562433031,-34.94531503953428,initial draft pick 107
4,Jaylen Warren,RB,13.350147058823527,108.72703364769528,116.64082902413404,17.892925644481465,initial draft pick 108
7,Hollywood Brown,WR,0,21.73718676937214,20.650327430903534,-71.1372877586956,initial draft pick 109
2,rookie draft slot,8,NA,NA,110.75286294516263,17.04385024760893,initial draft pick 110
5,Diontae Johnson,WR,-4.344676470588235,8.214934920517106,3.459511703903015,-87.21834119895865,initial draft pick 111
11,Jameson Williams,WR,34.55788235294117,216.7095468211825,240.43195183306452,150.18567447104502,initial draft pick 112
4,Matthew Stafford,QB,34.6004705882353,99.67981877839836,129.29629842771374,37.380351624811055,initial draft pick 113
12,Aaron Jones,RB,22.67176470588235,84.5831502334963,103.02575742770384,11.74055627739061,initial draft pick 114
8,Quentin Johnston,WR,0,16.922562570640743,16.076434442108706,-72.91275197498297,initial draft pick 115
3,Will Levis,QB,-12.969107843137255,85.59979641407102,68.35069875023022,-20.1319987957674,initial draft pick 116
10,DeAndre Hopkins,WR,-7.158294117647056,0.10363570918996458,-7.05984019391659,-93.99640343492234,initial draft pick 117
9,James Conner,RB,102.06726470588237,118.68921675354504,214.82202062175014,128.80397678708457,initial draft pick 118
1,Aaron Rodgers,QB,-2.969578431372552,1.995165462228816,-1.074171242255177,-84.32163658629814,initial draft pick 119
6,Dallas Goedert,TE,18.615784313725484,29.786680030151494,46.9131303423694,-34.02939785736582,initial draft pick 120
6,Jerry Jeudy,WR,20.720588235294116,82.69868698936321,99.28434087518916,14.673096790304655,initial draft pick 121
1,Zamir White,RB,-6.808039215686275,69.83965912890422,59.539636956772725,-20.716889205219502,initial draft pick 122
9,Romeo Doubs,WR,0.916127450980392,17.990939443012984,18.00751992184273,-63.83264836788608,initial draft pick 123
10,Chase Brown,RB,131.9684803921569,296.9652865657005,414.0855026295724,335.5463022820743,initial draft pick 124
3,Mike Williams,WR,0,0,0,-78.71063251349341,initial draft pick 125
8,Chuba Hubbard,RB,97.27645098039218,300.34409146591486,382.60333787301124,304.41786717539003,initial draft pick 126
12,Pat Freiermuth,TE,2.9253921568627437,49.326595199718184,49.785657596595016,-24.848314753027168,initial draft pick 127
4,Dalton Schultz,TE,-2.3633823529411746,33.783276197404774,29.730730034593364,-47.23010700261622,initial draft pick 128
11,Jahan Dotson,WR,0,12.535419490049543,11.908648515547066,-63.9749601341755,initial draft pick 129
5,Luke Musgrave,TE,0,34.48860080128938,32.76417076122491,-42.95787693611839,initial draft pick 130
2,Daniel Jones,QB,8.861284313725488,110.42120591484588,113.76142993282907,40.07122292113115,initial draft pick 131
7,Derek Carr,QB,21.594980392156863,0,21.594980392156863,-46.48283702716568,initial draft pick 132
7,Jerome Ford,RB,14.507058823529412,87.85377795904353,97.96814788462075,27.74288642570022,initial draft pick 133
2,Isaiah Likely,TE,-2.2131862745098045,72.1597192836265,66.33854704493537,-5.224800533088896,initial draft pick 134
5,Courtland Sutton,WR,65.04361764705882,89.46265620963813,150.03314104621504,81.56260443188944,initial draft pick 135
11,Raheem Mostert,RB,-16.898480392156863,27.29154040230462,9.028482990032526,-56.99493194882115,initial draft pick 136
4,Roschon Johnson,RB,1.8374509803921557,92.00154591271802,89.23891959747428,22.68580404147967,initial draft pick 137
12,Russell Wilson,QB,9.814754901960786,14.86240146973296,23.934036298207097,-43.621105342521226,initial draft pick 138
8,Treylon Burks,WR,0,11.188966911148873,10.629518565591429,-55.671221501397326,initial draft pick 139
3,Darren Waller,TE,0,6.863521749542747,6.52034566206561,-61.07254509020743,initial draft pick 140
10,Chigoziem Okonkwo,TE,0,42.337006150157734,40.220155842649845,-26.251443663581668,initial draft pick 141
9,Jacoby Brissett,QB,-1.7475370002546473,33.29960650982021,29.887089184074547,-32.07440886586017,initial draft pick 142
1,Zack Moss,RB,-9.430196078431372,86.24230355743467,72.49999230113156,8.515465883616258,initial draft pick 143
6,Michael Wilson,WR,0,14.035303504189269,13.333538328979804,-46.80281231070621,initial draft pick 144
6,rookie draft slot,9,NA,NA,75.84792968560106,15.238995790350145,initial draft pick 145
1,DeMario Douglas,WR,1.185294117647059,19.935091587218594,20.123631125504723,-41.795266314994684,initial draft pick 146
9,Kendre Miller,RB,0,75.4246679409166,71.65343454387077,10.261461995220117,initial draft pick 147
10,Jakobi Meyers,WR,18.99067647058824,38.83589096435741,55.88477288672778,-4.2383609410072225,initial draft pick 148
3,Gabe Davis,WR,-2.8753431372549025,10.872542967299612,7.453572681679728,-51.38005016967965,initial draft pick 149
8,Keaton Mitchell,RB,0,80.96916107874574,76.92070302480845,18.482615042725115,initial draft pick 150
12,Devin Singletary,RB,-8.236127450980394,82.29655031918755,69.94559535224778,13.922435003062205,initial draft pick 151
4,Dontayvion Wicks,WR,-0.5905392156862757,12.455813777700026,11.242483873128748,-46.27005176463764,initial draft pick 152
11,Dameon Pierce,RB,0,72.69035436472889,69.05583664649244,14.301864297084158,initial draft pick 153
5,Ty Chandler,RB,-8.978382352941177,78.21532264828036,65.32617416292516,10.501364451844005,initial draft pick 154
2,Joshua Dobbs,QB,0,57.038632215298115,54.18670060453321,-1.6938339729231373,initial draft pick 155
7,J.K. Dobbins,RB,43.88560784313725,100.61830528919556,139.47299786787303,87.83110862472932,initial draft pick 156
7,Marvin Mims Jr.,WR,0,30.283512263999135,28.76933665079918,-23.060209485994978,initial draft pick 157
2,A.J. Dillon,RB,0,81.3624693703301,77.2943459018136,26.323943839193717,initial draft pick 158
5,Jonathan Mingo,WR,0,11.65740072800547,11.074530691605196,-40.869394076433075,initial draft pick 159
11,Elijah Moore,WR,0,13.94836672541809,13.250948389147185,-40.49486364700647,initial draft pick 160
4,Tyler Lockett,WR,-15.537745098039217,0,-15.537745098039217,-69.74634712845796,initial draft pick 161
12,Wan'Dale Robinson,WR,-1.596225490196078,17.656489016151056,15.177439075147424,-34.85062942839188,initial draft pick 162
8,Tyler Allgeier,RB,0,94.79383839892526,90.05414647897899,40.44972482789895,initial draft pick 163
3,Miles Sanders,RB,0,79.36798406435872,75.39958486114078,23.986140713325263,initial draft pick 164
10,Deuce Vaughn,RB,0,64.53427165641742,61.307558073596546,11.213331855418652,initial draft pick 165
9,Cade Otton,TE,18.205617647058823,57.154542296692846,72.50243282891702,23.74600924511745,initial draft pick 166
1,Adam Thielen,WR,-5.220882352941176,0,-5.220882352941176,-54.66744826994128,initial draft pick 167
6,Khalil Shakir,WR,10.126274509803924,50.918750567499785,58.49908754892871,8.47864722997214,initial draft pick 168
6,Jalin Hyatt,WR,0,12.33075463600984,11.714216904209346,-34.80282242492046,initial draft pick 169
1,Taysom Hill,TE,33.59,0.06626762327422674,33.65295424211052,-14.614780007539672,initial draft pick 170
9,Rashid Shaheed,WR,0,26.119559907447456,24.813581912075083,-22.771217082063327,initial draft pick 171
10,Rashod Bateman,WR,6.384754901960784,22.99897357853696,28.233779801570897,-20.536166948383233,initial draft pick 172
3,Cam Akers,RB,0,72.14049655216516,68.5334717245569,21.477163551665292,initial draft pick 173
8,Joshua Palmer,WR,-1.225686274509803,15.7598268085391,13.74614919360234,-29.911126378735275,initial draft pick 174
12,rookie draft slot,10,NA,NA,116.85678414429958,73.59974812421852,initial draft pick 175
4,Antonio Gibson,RB,5.055784313725489,78.0406595611819,79.1944108968483,35.042612501276494,initial draft pick 176
11,Tucker Kraft,TE,1.444539215686273,92.45419918248876,89.2760284390506,43.48815511903928,initial draft pick 177
5,Khalil Herbert,RB,0,82.34009762575425,78.22309274446654,36.69444635212494,initial draft pick 178
2,Alec Pierce,WR,0,15.694298963649466,14.909584015466992,-30.11275475276625,initial draft pick 179
7,Tank Bigsby,RB,-3.9592156862745087,109.32858318687992,99.90293834126142,57.269913912708056,initial draft pick 180
7,Gus Edwards,RB,11.44151960784314,0,11.44151960784314,-33.8467644132057,initial draft pick 181
2,Greg Dulcich,TE,0,29.679905459094176,28.195910186139464,-16.922542851590435,initial draft pick 182
5,Tyler Boyd,WR,0,0,0,-40.8363912454207,initial draft pick 183
11,Alexander Mattison,RB,6.613715686274508,77.96121258783552,80.67686764471824,38.748460765556786,initial draft pick 184
4,Elijah Mitchell,RB,0,87.2481805872983,82.88577155793338,43.71174235681797,initial draft pick 185
12,Brandin Cooks,WR,0,0,0,-40.561808501233386,initial draft pick 186
8,Sam Howell,QB,0,83.94496183987593,79.74771374788213,41.69405293895449,initial draft pick 187
3,Curtis Samuel,WR,0,9.094403603226969,8.63968342306562,-31.14507092636711,initial draft pick 188
10,Kenny Pickett,QB,0,93.51165755336636,88.83607467569804,47.97002211092929,initial draft pick 189
9,Israel Abanikanda,RB,0,61.35844185986178,58.290519766868684,23.652249896181218,initial draft pick 190
1,Kenneth Gainwell,RB,-6.97348039215686,76.6328046541201,65.82768402925723,26.731917187462898,initial draft pick 191
6,Trey Palmer,WR,0,12.501753205564318,11.876665545286102,-25.351335218735514,initial draft pick 192
6,Skyy Moore,WR,0,10.08738663175602,9.583017300168219,-29.961837511219276,initial draft pick 193
1,Darnell Mooney,WR,37.30111764705884,37.44784749152695,72.87657276400944,34.576064151512284,initial draft pick 194
9,Ezekiel Elliott,RB,-7.748382352941177,0,-7.748382352941177,-45.3493149711705,initial draft pick 195
10,Juwan Johnson,TE,6.86848039215686,32.76526495097595,37.99548209558401,1.210179613840502,initial draft pick 196
3,Trey Lance,QB,0,76.15091653168041,72.34337070509639,36.96397838658348,initial draft pick 197
8,A.T. Perry,WR,0,11.458065437397773,10.885162165527884,-26.89579930132332,initial draft pick 198
12,John Metchie III,WR,0,9.778960696884678,9.290012662040443,-27.915336697364996,initial draft pick 199
4,JuJu Smith-Schuster,WR,0,6.998379232973868,6.648460271325174,-29.52875666230405,initial draft pick 200
11,rookie draft slot,12,NA,NA,13.243137254901967,-23.439810992163288,initial draft pick 201
5,Rondale Moore,WR,0,9.20060174297076,8.74057165582222,-26.890565956916483,initial draft pick 202
2,Matt Gay,K,0,0,0,-34.89500510359753,initial draft pick 203
7,Sam Darnold,QB,112.9102450980392,155.27717189430396,260.42355839762797,225.8080452539278,initial draft pick 204
7,Rico Dowdle,RB,24.565549019607843,89.08080510465453,109.19231386902965,73.85820916081998,initial draft pick 205
2,Brandon McManus,K,-1.7191176470588232,0,-1.7191176470588232,-36.69715115760317,initial draft pick 206
5,Hendon Hooker,QB,0,93.29793308857226,88.63303643414365,53.9865114905542,initial draft pick 207
11,Aidan O'Connell,QB,-0.05580392156862679,83.16194380734898,78.9480426954129,44.68254661319021,initial draft pick 208
4,rookie draft slot,11,NA,NA,27.532305311661105,-8.002224294559667,initial draft pick 209
12,Chris Rodriguez Jr.,RB,0,70.8763310392509,67.33251448728835,32.81259868613859,initial draft pick 210
8,Isaiah Spiller,RB,0,0,0,-35.087236252400906,initial draft pick 211
3,Michael Thomas,WR,0,0,0,-37.657029332109694,initial draft pick 212
10,Dalvin Cook,RB,0,0,0,-32.75589762859657,initial draft pick 213
9,D'Onta Foreman,RB,0,0,0,-34.60691578888557,initial draft pick 214
1,Zay Jones,WR,0,2.467477877176389,2.3441039833175696,-32.35701586219203,initial draft pick 215
6,Andrei Iosivas,WR,0,14.249376143021529,13.53690733587045,-19.599538305350563,initial draft pick 216
6,Kadarius Toney,WR,0,0,0,-33.41976332597923,initial draft pick 217
1,Mike Gesicki,TE,0,30.25314156135492,28.740484483287172,-6.137166644623125,initial draft pick 218
9,Jason Sanders,K,31.791176470588233,0,31.791176470588233,-0.5467275758595278,initial draft pick 219
10,Odell Beckham Jr.,WR,0,0,0,-33.83328050627678,initial draft pick 220
3,Allen Lazard,WR,5.547205882352941,4.936975299070806,10.237332416470206,-21.98315962842182,initial draft pick 221
8,Jaleel McLaughlin,RB,-16.98142156862745,75.59308887273556,54.83201286047132,20.237857778270296,initial draft pick 222
12,Mac Jones,QB,0.33899633307868626,90.1103395293284,85.94381888594066,51.017415207414956,initial draft pick 223
7,Noah Fant,TE,3.4427450980392154,41.830151131376205,43.18138867284661,8.538489452973508,initial draft pick 224
11,Dawson Knox,TE,0,32.93325329742224,31.28659063255113,0.21097807527251788,initial draft pick 225
5,Jamaal Williams,RB,0,0,0,-30.62929639677631,initial draft pick 226
2,Cedric Tillman,WR,1.8550490196078435,22.33086372336953,23.069369556808894,-10.601144993392666,initial draft pick 227
7,Mecole Hardman,WR,0,9.891758873829012,9.39717093013756,-22.379732344334677,initial draft pick 228
1,Caleb Williams,QB,52.438852941176464,339.8559239854634,375.30198072736664,-69.45384925175563,2024 rookie draft pick 1
1,Marvin Harrison Jr.,WR,22.886117647058825,278.29272006833173,287.26420171197395,-116.69024687840579,2024 rookie draft pick 2
9,Malik Nabers,WR,98.4576274509804,394.1787820987908,472.92747044483167,100.18911401069664,2024 rookie draft pick 3
10,Jayden Daniels,QB,144.24207843137256,567.1740795468386,683.0574540008691,332.6160663943964,2024 rookie draft pick 4
3,Brock Bowers,TE,123.50200980392157,356.41664679847594,462.0978242624737,134.15308057686002,2024 rookie draft pick 5
8,Rome Odunze,WR,-4.1580882352941195,234.21426688738836,218.34546530772482,-90.0176740035798,2024 rookie draft pick 6
5,J.J. McCarthy,QB,0,301.32845971256035,286.2620367269323,-3.4941242908449226,2024 rookie draft pick 7
2,Drake Maye,QB,37.885568627450986,348.77258732651904,369.21952658764405,95.91088385125386,2024 rookie draft pick 8
6,Xavier Worthy,WR,-21.707745098039215,250.13189048014925,215.91755085810254,-42.7762800916494,2024 rookie draft pick 9
12,Jonathon Brooks,RB,0,109.82276629263568,104.3316279780039,-144.6361453321554,2024 rookie draft pick 10
4,Trey Benson,RB,0,129.69474934433612,123.2100118771193,-109.00961305871603,2024 rookie draft pick 11
11,Brian Thomas Jr.,WR,71.4042843137255,319.37822640768445,374.8135994010257,152.5724510541984,2024 rookie draft pick 12
7,Keon Coleman,WR,-6.846372549019607,107.02387096059977,94.82630486355016,-113.64099034348494,2024 rookie draft pick 13
7,Bo Nix,QB,105.13300078940664,332.1217204480442,420.6486352150486,219.93343897379077,2024 rookie draft pick 14
9,Michael Penix Jr.,QB,-3.851941176470589,266.8200461215605,249.6271026390119,61.671333476288254,2024 rookie draft pick 15
10,Ladd McConkey,WR,75.61235294117647,271.2623549220709,333.31159011714385,155.88813414919005,2024 rookie draft pick 16
3,Adonai Mitchell,WR,0,22.726832283752085,21.59049066956448,-148.25066209462983,2024 rookie draft pick 17
8,Blake Corum,RB,0,91.31279495032015,86.74715520280414,-72.48624299504918,2024 rookie draft pick 18
5,Xavier Legette,WR,-11.878392156862745,26.380552690327132,13.183132898948031,-141.19697401657672,2024 rookie draft pick 19
2,Ja'Lynn Polk,WR,0,11.904800575851958,11.309560547059359,-132.04877729126153,2024 rookie draft pick 20
6,MarShawn Lloyd,RB,0,91.64406976114802,87.06186627309062,-49.77292731611554,2024 rookie draft pick 21
12,Roman Wilson,WR,0,13.087255777152276,12.432892988294661,-116.32536722034484,2024 rookie draft pick 22
4,Ricky Pearsall,WR,0,210.9662435823922,200.41793140327258,75.57432257737221,2024 rookie draft pick 23
11,Ben Sinnott,TE,0,46.87496813951259,44.53121973253696,-69.14815038076927,2024 rookie draft pick 24
7,Kimani Vidal,RB,0,67.55662576587906,64.1787944775851,-45.0355854071705,2024 rookie draft pick 25
1,Jermaine Burton,WR,0,10.965069755463231,10.41681626769007,-92.72865407592862,2024 rookie draft pick 26
9,Jaylen Wright,RB,-13.986186274509803,123.04543123994948,102.9069734034422,7.291606783684557,2024 rookie draft pick 27
10,Ja'Tavion Sanders,TE,-1.5020098039215697,55.17415594094578,50.91343833997692,-36.13191913421393,2024 rookie draft pick 28
3,Ray Davis,RB,-6.858382352941176,96.57628484601476,84.88908825077284,0.6662202467260414,2024 rookie draft pick 29
8,Troy Franklin,WR,0,14.441008789696753,13.718958350211913,-63.42262379848396,2024 rookie draft pick 30
5,Bucky Irving,RB,81.08601960784314,389.6738589706821,451.2761856299911,379.03008616363,2024 rookie draft pick 31
2,Braelon Allen,RB,-6.038921568627453,141.30678844845772,128.2025274574074,59.53753368456192,2024 rookie draft pick 32
6,Jalen McMillan,WR,-5.383872549019609,33.75776341484999,26.68600269508788,-35.689374638262834,2024 rookie draft pick 33
12,Cody Schrader,RB,0,0,0,-57.75054830240459,2024 rookie draft pick 34
4,Malachi Corley,WR,0,11.168253262558764,10.609840599430825,-41.17951882347679,2024 rookie draft pick 35
11,Audric Estime,RB,0,88.01780749986398,83.61691712487078,36.11518692770843,2024 rookie draft pick 36
9,Cameron Ward,QB,0,291.5787085415067,276.9997731144314,-167.7560568646909,2025 rookie draft pick 1
11,Travis Hunter,WR,0,262.14644881484776,249.03912637410536,-154.91532221627438,2025 rookie draft pick 2
1,Ashton Jeanty,RB,0,506.6515404131705,481.31896339251193,108.5806069583769,2025 rookie draft pick 3
8,Omarion Hampton,RB,0,428.0023873483907,406.60226798097113,56.16088037449839,2025 rookie draft pick 4
4,Tetairoa McMillan,WR,0,256.60664153388336,243.77630945718917,-84.1684342284245,2025 rookie draft pick 5
5,Emeka Egbuka,WR,0,245.63149837852455,233.34992345959833,-75.01321585170629,2025 rookie draft pick 6
3,Matthew Golden,WR,0,208.9991658447156,198.54920755247983,-91.2069534652974,2025 rookie draft pick 7
1,Tyler Warren,TE,0,252.38105267347856,239.76200003980463,-33.546642696585565,2025 rookie draft pick 8
12,TreVeyon Henderson,RB,0,378.667840896845,359.73444885200274,101.0406179022508,2025 rookie draft pick 9
10,Quinshon Judkins,RB,0,333.40149961832765,316.73142463741124,67.76365132725195,2025 rookie draft pick 10
6,Colston Loveland,TE,0,212.94095576347112,202.29390797529757,-29.925716960537756,2025 rookie draft pick 11
8,RJ Harvey,RB,0,331.96529328852,315.36702862409396,93.12588027726665,2025 rookie draft pick 12
9,Cam Skattebo,RB,0,166.17084961066251,157.86230713012938,-50.60498807690573,2025 rookie draft pick 13
5,Jayden Higgins,WR,0,163.50589817151604,155.33060326294023,-45.38459297831761,2025 rookie draft pick 14
4,Kaleb Johnson,RB,0,420.58033498601145,399.55131823671087,211.59554907398723,2025 rookie draft pick 15
2,Jaxson Dart,QB,0,259.5807329038437,246.6016962586515,69.17824029069769,2025 rookie draft pick 16
1,Tre Harris,WR,0,90.5455087206524,86.01823328461978,-83.82291947957452,2025 rookie draft pick 17
8,Luther Burden,WR,0,188.41322908313393,178.9925676289772,19.759169431123894,2025 rookie draft pick 18
3,Jack Bech,WR,0,46.59314677573542,44.263489436948646,-110.1166174785761,2025 rookie draft pick 19
5,Jalen Milroe,QB,0,160.25067569016093,152.23814190565287,8.879804067331975,2025 rookie draft pick 20
12,Tyler Shough,QB,0,118.54437399475584,112.61715529501805,-24.217638294188106,2025 rookie draft pick 21
1,Shedeur Sanders,QB,0,114.0333502140781,108.33168270337418,-20.42657750526533,2025 rookie draft pick 22
8,Kyle Williams,WR,0,57.50614603567736,54.63083873389349,-70.21277009200688,2025 rookie draft pick 23
12,Jaylin Noel,WR,0,39.2247253442525,37.26348907703987,-76.41588103626637,2025 rookie draft pick 24
7,Mason Taylor,TE,0,125.95676269020232,119.65892455569221,10.444544670936608,2025 rookie draft pick 25
11,Bhayshul Tuten,RB,0,117.70278801897388,111.81764861802517,8.672178274406491,2025 rookie draft pick 26
11,Terrance Ferguson,TE,0,86.62401786058213,82.29281696755302,-13.322549652204614,2025 rookie draft pick 27
6,Jalen Royals,WR,0,18.14951038796468,17.242034868566442,-69.8033226056244,2025 rookie draft pick 28
7,Jaydon Blue,RB,0,138.8885130743676,131.94408742064923,47.72121941660242,2025 rookie draft pick 29
7,Pat Bryant,WR,0,23.966016698063648,22.767715863160465,-54.373866285535414,2025 rookie draft pick 30
3,Devin Neal,RB,0,115.24799807554288,109.48559817176573,37.239498705404614,2025 rookie draft pick 31
5,Elijah Arroyo,TE,0,94.60037792263785,89.87035902650595,21.205365253660474,2025 rookie draft pick 32
12,Harold Fannin,TE,0,99.4946540184627,94.51992131753956,32.14454398418884,2025 rookie draft pick 33
10,Elic Ayomanor,WR,0,21.030920578157048,19.979374549249194,-37.771173753155395,2025 rookie draft pick 34
9,Dylan Sampson,RB,0,195.56598585395105,185.78768656125348,133.99832713834587,2025 rookie draft pick 35
2,Will Howard,QB,0,95.35419447315336,90.58648474949568,43.08475455233333,2025 rookie draft pick 36
12,Carson Steele,RB,8.236127450980394,-22.18839880355104,-12.842851412393102,-12.842851412393102,2024 W1 trade with jzeigboi
6,Devin Singletary,RB,-8.236127450980394,22.18839880355104,12.842851412393102,12.842851412393102,2024 W1 trade with TheJandyStock
4,2025 1R Draft Pick,joeburrowmvp,0,95.72511874977835,90.93886281228941,90.93886281228941,"2024 W1 trade with ineedsomeLuBe, joeburrowmvp"
8,2025 1R Draft Pick,caskinner,0,-140.5187314982997,-133.49279492338468,-133.49279492338468,"2024 W1 trade with caskinner, joeburrowmvp"
1,2025 1R Draft Pick,ineedsomeLuBe,0,44.793612748521355,42.553932111095264,42.553932111095264,"2024 W1 trade with caskinner, ineedsomeLuBe"
7,Patrick Mahomes,QB,156.80164705882353,-278.64310921230634,-143.86512563428442,-143.86512563428442,2024 W1 trade with joeburrowmvp
1,2024 1R Draft Pick,DepressedBroncosFan,-156.80164705882353,278.6431092123064,147.37515508545854,147.37515508545854,2024 W1 trade with DepressedBroncosFan
7,Dalton Kincaid,TE,-113.32144117647059,-274.3562345968171,-373.9598640434468,-373.9598640434468,2024 W1 trade with caskinner
4,James Cook,RB,113.32144117647059,274.3562345968171,373.9598640434468,373.9598640434468,2024 W1 trade with DepressedBroncosFan
1,DeVonta Smith,WR,-64.57754901960784,-3.795140332198997,-68.18293233519688,-68.18293233519688,2024 W2 trade with jzeigboi
6,Tee Higgins,WR,64.57754901960784,3.795140332198997,68.18293233519688,68.18293233519688,2024 W2 trade with joeburrowmvp
2,2025 2R Draft Pick,jzeigboi,5.055784313725489,50.1455297529491,52.69403757902714,52.69403757902714,"2024 W5 trade with ineedsomeLuBe, jzeigboi"
8,2025 1R Draft Pick,SFOControl,-5.055784313725489,-90.01377810174296,-90.56887351038128,-90.56887351038128,"2024 W5 trade with SFOControl, jzeigboi"
6,Rome Odunze,WR,0,39.86824834879383,37.87483593135414,37.87483593135414,"2024 W5 trade with SFOControl, ineedsomeLuBe"
7,2027 1R Draft Pick,caskinner,-47.86258823529412,-187.5378045931448,-261.97932154019855,-261.97932154019855,2024 W5 trade with caskinner
4,2027 1R Draft Pick,DepressedBroncosFan,47.86258823529412,187.5378045931448,265.48935099137265,265.48935099137265,2024 W5 trade with DepressedBroncosFan
2,Harrison Butker,K,2.2892156862745097,-113.67937011330623,-105.7061859213664,-105.7061859213664,2024 W6 trade with TheJandyStock
12,2025 2R Draft Pick,SFOControl,-2.2892156862745097,113.67937011330623,105.7061859213664,105.7061859213664,2024 W6 trade with SFOControl
7,Drake Maye,QB,-68.57897058823528,859.8695167283953,712.3412513623233,712.3412513623233,2024 W8 trade with SFOControl
2,Patrick Mahomes,QB,68.57897058823526,-859.8695167283952,-708.8312219111491,-708.8312219111491,2024 W8 trade with DepressedBroncosFan
7,2026 2R Draft Pick,ineedsomeLuBe,8.093735294117646,161.25578693680043,161.28673288407805,161.28673288407805,2024 W8 trade with ineedsomeLuBe
8,Amari Cooper,WR,-8.093735294117646,-161.25578693680043,-161.28673288407805,-161.28673288407805,2024 W8 trade with DepressedBroncosFan
4,Minnesota Vikings,DST,-8.908333333333335,0,-8.908333333333335,-8.908333333333335,2024 W8 trade with ineedsomeLuBe
8,Denver Broncos,DST,8.908333333333335,0,8.908333333333335,8.908333333333335,2024 W8 trade with caskinner
7,Caleb Williams,QB,7.213294117647052,2.7389729041791213,9.815318376617228,9.815318376617228,2024 W8 trade with joeburrowmvp
1,Zay Flowers,WR,-7.213294117647052,-2.738972904179093,-9.815318376617242,-9.815318376617242,2024 W8 trade with DepressedBroncosFan
9,Tyler Lockett,WR,-15.537745098039215,-109.2143798847556,-119.29140598855703,-119.29140598855703,2024 W8 trade with DepressedBroncosFan
7,2025 3R Draft Pick,Arvs,15.537745098039215,109.2143798847556,119.29140598855703,119.29140598855703,2024 W8 trade with Arvs
1,Ja'Marr Chase,WR,79.2832058823529,-29.084514598118886,91.11876540673094,91.11876540673094,2024 W9 trade with ngernenz
5,Marvin Harrison Jr.,WR,-79.28320588235292,29.084514598118858,-87.60873595555688,-87.60873595555688,2024 W9 trade with joeburrowmvp
12,2027 1R Draft Pick,ineedsomeLuBe,0,-6.500740829773292,-6.175703788284636,-6.175703788284636,2024 W9 trade with ineedsomeLuBe
8,2027 1R Draft Pick,TheJandyStock,0,6.500740829773292,6.175703788284636,6.175703788284636,2024 W9 trade with TheJandyStock
7,Garrett Wilson,WR,-33.50277450980391,-253.52167508854046,-274.34836584391735,-274.34836584391735,2024 W9 trade with ineedsomeLuBe
8,Bo Nix,QB,33.50277450980391,253.52167508854046,274.34836584391735,274.34836584391735,2024 W9 trade with DepressedBroncosFan
8,2025 1R Draft Pick,jzeigboi,0.711078431372548,94.80921868329972,90.77983618050723,90.77983618050723,2024 W10 trade with jzeigboi
6,2025 1R Draft Pick,caskinner,-0.711078431372548,-94.80921868329975,-90.77983618050726,-90.77983618050726,2024 W10 trade with ineedsomeLuBe
9,2027 1R Draft Pick,DepressedBroncosFan,18.59436274509804,73.33895048178022,88.26636570278919,88.26636570278919,2024 W10 trade with caskinner
4,2027 1R Draft Pick,Arvs,-18.59436274509804,-73.33895048178022,-88.26636570278927,-88.26636570278927,2024 W10 trade with Arvs
4,Cooper Kupp,WR,11.498186274509816,-121.1032528713076,-103.5499039532324,-103.5499039532324,2024 W10 trade with jzeigboi
6,D'Andre Swift,RB,-11.498186274509816,121.1032528713076,103.5499039532324,103.5499039532324,2024 W10 trade with caskinner
9,Jaxon Smith-Njigba,WR,-23.447696078431385,-41.13439671914955,-98.48119190304033,-98.48119190304033,2024 W10 trade with caskinner
4,Jonathan Taylor,RB,23.44769607843139,41.13439671914957,101.99122135421442,101.99122135421442,2024 W10 trade with Arvs
9,2027 2R Draft Pick,DepressedBroncosFan,-50.30160784313726,-48.51674541120181,-132.34833492519587,-132.34833492519587,2024 W11 trade with DepressedBroncosFan
7,2026 2R Draft Pick,Arvs,50.30160784313726,48.51674541120181,135.85836437636988,135.85836437636988,2024 W11 trade with Arvs
9,Ray-Ray McCloud,WR,4.814705882352941,7.194081115805229,11.649082942367908,11.649082942367908,2024 W11 trade with ineedsomeLuBe
8,Tyler Lockett,WR,-4.814705882352941,-7.194081115805229,-11.649082942367908,-11.649082942367908,2024 W11 trade with Arvs
11,2025 3R Draft Pick,ineedsomeLuBe,8.124662999745354,-25.736884858241353,-16.325377615583932,-16.325377615583932,"2024 W11 trade with ineedsomeLuBe, ngernenz"
8,Xavier Legette,WR,-20.0030551566081,-148.59775869268935,-161.17092591466297,-161.17092591466297,"2024 W11 trade with akondratieff, ngernenz"
5,2025 2R Draft Pick,akondratieff,11.878392156862743,174.3346435509307,177.4963035302469,177.4963035302469,"2024 W11 trade with akondratieff, ineedsomeLuBe"
9,Caleb Williams,QB,-93.44556496052967,-15.539959471102975,-108.20852645807747,-108.20852645807747,2024 W11 trade with DepressedBroncosFan
7,Jared Goff,QB,93.44556496052967,15.539959471103032,108.20852645807742,108.20852645807742,2024 W11 trade with Arvs
9,Najee Harris,RB,-18.38093137254901,62.83987073876147,41.316945829274374,41.316945829274374,2024 W11 trade with akondratieff
11,Jauan Jennings,WR,18.38093137254901,-62.83987073876147,-41.316945829274374,-41.316945829274374,2024 W11 trade with Arvs
10,Alvin Kamara,RB,-29.821323529411757,-206.440248746101,-225.93955983820769,-225.93955983820769,2024 W11 trade with ngernenz
5,Ladd McConkey,WR,29.821323529411757,206.440248746101,225.93955983820766,225.93955983820766,2024 W11 trade with Gretsch0401
4,2025 2R Draft Pick,ineedsomeLuBe,0,-19.822975421339578,-18.831826650272575,-18.831826650272575,2025 W1 trade with ineedsomeLuBe
8,2025 2R Draft Pick,DepressedBroncosFan,0,19.822975421339578,18.83182665027256,18.83182665027256,2025 W1 trade with caskinner
1,2025 1R Draft Pick,ngernenz,0,93.70376363372509,89.01857545203882,89.01857545203882,2025 W1 trade with ngernenz
5,2025 1R Draft Pick,DepressedBroncosFan,0,-93.70376363372509,-89.01857545203882,-89.01857545203882,2025 W1 trade with joeburrowmvp
7,Los Angeles Chargers,DST,22.458627450980398,0,22.458627450980398,22.458627450980398,2024 Week 1 transaction
11,Cade Otton,TE,18.205617647058823,-15.535812068036044,3.446596182424585,3.446596182424585,2024 Week 1 transaction
7,Colby Parkinson,TE,-4.515588235294119,-6.005117939667798,-10.220450277978529,-10.220450277978529,2024 Week 1 transaction
7,Greg Dortch,WR,0,-19.888087841280985,-18.893683449216937,-18.893683449216937,2024 Week 1 transaction
8,Alec Pierce,WR,0,-26.742820139106875,-25.405679132151533,-25.405679132151533,2024 Week 1 transaction
1,Gardner Minshew,QB,-12.946166666666668,-15.468910929895543,-27.64163205006743,-27.64163205006743,2024 Week 1 transaction
8,Emanuel Wilson,RB,-1.1483823529411763,59.97498719258204,55.82785548001176,55.82785548001176,2024 Week 1 transaction
12,Chicago Bears,DST,24.190196078431384,0,24.190196078431384,24.190196078431384,2024 Week 1 transaction
6,Andrei Iosivas,WR,0,1.9186215070116894,1.8226904316611048,1.8226904316611048,2024 Week 1 transaction
9,Jalen Tolbert,WR,0,13.76832581666632,13.079909525833003,13.079909525833003,2024 Week 1 transaction
9,Samaje Perine,RB,-7.788686274509805,-14.811470521667587,-21.859583270094014,-21.859583270094014,2024 Week 1 transaction
9,Jordan Whittington,WR,4.660529411764706,-48.1277606205287,-41.06084317773755,-41.06084317773755,2024 Week 1 transaction
11,Demarcus Robinson,WR,0,1.771288081084701,1.6827236770304659,1.6827236770304659,2024 Week 1 transaction
11,Tampa Bay Buccaneers,DST,7.395686274509815,-88.01780749986398,-76.22123085036097,-76.22123085036097,2024 Week 1 transaction
4,Ka'imi Fairbairn,K,46.04117647058824,0,46.04117647058824,46.04117647058824,2024 Week 1 transaction
6,Devaughn Vele,WR,0,2.988203901416064,2.838793706345262,2.838793706345262,2024 Week 1 transaction
4,Seattle Seahawks,DST,1.2456862745098043,0,1.2456862745098043,1.2456862745098043,2024 Week 1 transaction
4,Jordan Mason,RB,8.291588235294112,108.02192546131728,110.91241742354552,110.91241742354552,2024 Week 1 transaction
8,Theo Johnson,TE,0,42.43711910275634,40.31526314761852,40.31526314761852,2024 Week 1 transaction
7,New Orleans Saints,DST,0.28421568627450355,0,0.28421568627450355,0.28421568627450355,2024 Week 1 transaction
6,Cincinnati Bengals,DST,15.908921568627457,0,15.908921568627457,15.908921568627457,2024 Week 1 transaction
6,Carson Steele,RB,0,28.28767308795348,26.8732894335558,26.8732894335558,2024 Week 1 transaction
3,Justice Hill,RB,-12.934411764705882,10.440281638264992,-3.0161442083541488,-3.0161442083541488,2024 Week 1 transaction
3,Sam Darnold,QB,112.91024509803921,155.27717189430396,260.42355839762797,260.42355839762797,2024 Week 1 transaction
1,Isaac Guerendo,RB,22.907343137254898,14.734306127528384,36.90493395840686,36.90493395840686,2024 Week 1 transaction
8,Luke McCaffrey,WR,0,13.368436098902444,12.700014293957322,12.700014293957322,2024 Week 1 transaction
8,Will Shipley,RB,0,79.32823591432158,75.3618241186055,75.3618241186055,2024 Week 1 transaction
8,Devontez Walker,WR,0,10.165433365563109,9.657161697284954,9.657161697284954,2024 Week 1 transaction
1,Spencer Rattler,QB,0,91.31631981372142,86.75050382303534,86.75050382303534,2024 Week 1 transaction
1,Javon Baker,WR,0,11.672723713342451,11.089087527675328,11.089087527675328,2024 Week 1 transaction
1,Dylan Laube,RB,0,69.21894945417523,65.75800198146646,65.75800198146646,2024 Week 1 transaction
3,Tyrone Tracy Jr.,RB,20.644460784313726,110.8803280243988,125.98077240749258,125.98077240749258,2024 Week 1 transaction
10,Kansas City Chiefs,DST,7.961176470588244,0,7.961176470588244,7.961176470588244,2024 Week 1 transaction
7,Tampa Bay Buccaneers,DST,9.374705882352952,0,9.374705882352952,9.374705882352952,2024 Week 1 transaction
6,Miami Dolphins,DST,8.904901960784317,-10.08738663175602,-0.6781153393839023,-0.6781153393839023,2024 Week 1 transaction
10,Cleveland Browns,DST,-1.6638725490196027,-32.76526495097595,-32.790874252446756,-32.790874252446756,2024 Week 1 transaction
5,Philadelphia Eagles,DST,28.30519607843138,0,28.30519607843138,28.30519607843138,2024 Week 1 transaction
2,Buffalo Bills,DST,32.88509803921569,-15.694298963649466,17.9755140237487,17.9755140237487,2024 Week 1 transaction
1,New York Jets,DST,-4.919509803921562,0,-4.919509803921562,-4.919509803921562,2024 Week 1 transaction
3,San Francisco 49ers,DST,22.181078431372562,0,22.181078431372562,22.181078431372562,2024 Week 1 transaction
4,Baltimore Ravens,DST,15.825882352941182,0,15.825882352941182,15.825882352941182,2024 Week 1 transaction
8,Dallas Cowboys,DST,3.3401960784313776,0,3.3401960784313776,3.3401960784313776,2024 Week 1 transaction
1,Kareem Hunt,RB,56.78529411764707,44.628113157985894,99.18200161773368,99.18200161773368,2024 Week 2 transaction
6,Cleveland Browns,DST,0.16666666666666607,0,0.16666666666666607,0.16666666666666607,2024 Week 2 transaction
4,Cleveland Browns,DST,-9.950294117647061,0,-9.950294117647061,-9.950294117647061,2024 Week 2 transaction
4,Seattle Seahawks,DST,-2.104313725490197,0,-2.104313725490197,-2.104313725490197,2024 Week 2 transaction
7,Skylar Thompson,QB,13.802637254901962,-88.68427691434427,-70.44742581372508,-70.44742581372508,2024 Week 2 transaction
7,Las Vegas Raiders,DST,-18.446568627450986,0,-18.446568627450986,-18.446568627450986,2024 Week 2 transaction
6,Quentin Johnston,WR,0,-74.72150719050728,-70.98543183098191,-70.98543183098191,2024 Week 2 transaction
7,Quentin Johnston,WR,0,6.527138147922594,6.2007812405264655,6.2007812405264655,2024 Week 2 transaction
8,Jalen Nailor,WR,0,0.23343098399973172,0.22175943479974514,0.22175943479974514,2024 Week 2 transaction
12,Skylar Thompson,QB,0,0,0,0,2024 Week 2 transaction
8,Darnell Mooney,WR,37.30111764705884,37.44784749152695,72.87657276400944,72.87657276400944,2024 Week 2 transaction
8,Dalvin Cook,RB,0,0,0,0,2024 Week 2 transaction
8,Colby Parkinson,TE,-1.0728431372549032,25.659599826145296,23.303776697583125,23.303776697583125,2024 Week 2 transaction
12,Skylar Thompson,QB,0,-2.14135732160005,-2.0342894555200473,-2.0342894555200473,2024 Week 2 transaction
12,Josh Reynolds,WR,0,2.14135732160005,2.0342894555200473,2.0342894555200473,2024 Week 2 transaction
12,Pittsburgh Steelers,DST,29.913529411764713,0,29.913529411764713,29.913529411764713,2024 Week 2 transaction
4,Baltimore Ravens,DST,2.7752941176470607,0,2.7752941176470607,2.7752941176470607,2024 Week 2 transaction
10,Jeff Wilson Jr.,RB,0,0,0,0,2024 Week 2 transaction
6,Jacksonville Jaguars,DST,-27.083921568627453,0,-27.083921568627453,-27.083921568627453,2024 Week 2 transaction
4,Rashid Shaheed,WR,0,19.12118067447359,18.16512164074991,18.16512164074991,2024 Week 2 transaction
7,Malik Willis,QB,-13.27593137254902,52.85924372263586,36.940350163955046,36.940350163955046,2024 Week 2 transaction
1,Alexander Mattison,RB,-30.687401960784328,40.51336509630857,7.800294880708805,7.800294880708805,2024 Week 2 transaction
4,D'Andre Swift,RB,33.13178431372549,54.54016561176867,84.94494164490573,84.94494164490573,2024 Week 3 transaction
1,Brock Wright,TE,-6.613715686274508,-45.94444620503262,-50.26093958105549,-50.26093958105549,2024 Week 3 transaction
4,Tennessee Titans,DST,7.658333333333332,0,7.658333333333332,7.658333333333332,2024 Week 3 transaction
4,Andy Dalton,QB,3.4879019607843134,-12.455813777700026,-8.34512112803071,-8.34512112803071,2024 Week 3 transaction
12,Andy Dalton,QB,2.8973627450980377,0,2.8973627450980377,2.8973627450980377,2024 Week 3 transaction
8,Tre Tucker,WR,0,12.942008921013915,12.294908474963218,12.294908474963218,2024 Week 3 transaction
7,Green Bay Packers,DST,20.983921568627455,0,20.983921568627455,20.983921568627455,2024 Week 3 transaction
9,Zach Ertz,TE,0.493235294117647,4.45154648874645,4.722204458426774,4.722204458426774,2024 Week 3 transaction
5,Jonnu Smith,TE,25.519803921568627,2.723482905541701,28.107112681833236,28.107112681833236,2024 Week 3 transaction
6,Jaylen Wright,RB,-0.8600490196078443,105.80785119551189,99.65740961612845,99.65740961612845,2024 Week 3 transaction
6,Michael Penix Jr.,QB,1.5319313725490202,233.0622827067105,222.94109994392403,222.94109994392403,2024 Week 3 transaction
6,Cooper Kupp,WR,-8.490999999999993,-121.1032528713076,-123.53909022774222,-123.53909022774222,2024 Week 3 transaction
7,Tyler Johnson,WR,6.543872549019608,2.5279542767219194,8.945429111905433,8.945429111905433,2024 Week 3 transaction
5,Cincinnati Bengals,DST,-8.820392156862734,0,-8.820392156862734,-8.820392156862734,2024 Week 3 transaction
9,Miami Dolphins,DST,-0.3686274509803926,0,-0.3686274509803926,-0.3686274509803926,2024 Week 3 transaction
9,Detroit Lions,DST,-17.64225490196079,0,-17.64225490196079,-17.64225490196079,2024 Week 3 transaction
9,Minnesota Vikings,DST,22.404019607843146,0,22.404019607843146,22.404019607843146,2024 Week 3 transaction
9,Blake Grupe,K,-27.27941176470588,0,-27.27941176470588,-27.27941176470588,2024 Week 3 transaction
9,Mike Gesicki,TE,3.8519411764705884,-236.5669045602056,-220.88661815572473,-220.88661815572473,2024 Week 3 transaction
9,Hunter Henry,TE,-29.930098039215693,9.367155165845855,-21.031300631662134,-21.031300631662134,2024 Week 3 transaction
9,Jauan Jennings,WR,17.77725490196078,-83.21400310135934,-61.276048044330594,-61.276048044330594,2024 Week 3 transaction
7,Ray-Ray McCloud,WR,7.258764705882354,-81.49019579853903,-70.15692130272971,-70.15692130272971,2024 Week 3 transaction
7,D'Onta Foreman,RB,0,0,0,0,2024 Week 3 transaction
9,Joe Flacco,QB,30.544708097784568,0,30.544708097784568,30.544708097784568,2024 Week 4 transaction
4,Seattle Seahawks,DST,-4.170686274509802,0,-4.170686274509802,-4.170686274509802,2024 Week 4 transaction
4,Denver Broncos,DST,42.694803921568635,0,42.694803921568635,42.694803921568635,2024 Week 4 transaction
8,Harrison Butker,K,7.520098039215687,-35.82503319170841,-26.5136834929073,-26.5136834929073,2024 Week 4 transaction
7,Romeo Doubs,WR,0.916127450980392,8.268904050485835,8.771586298941937,8.771586298941937,2024 Week 4 transaction
8,Mason Rudolph,QB,8.386029411764705,50.14106364159749,56.02003987128232,56.02003987128232,2024 Week 4 transaction
8,Joe Flacco,QB,22.79632574484339,-14.674439773696484,8.855607959831731,8.855607959831731,2024 Week 4 transaction
11,Tre Tucker,WR,0,-1.0063578044041748,-0.9560399141839664,-0.9560399141839664,2024 Week 4 transaction
9,Jacoby Brissett,QB,-2.6636644512350394,15.308667066807224,11.879569262231819,11.879569262231819,2024 Week 4 transaction
7,Tyler Huntley,QB,1.7930294117647063,89.90861780123052,87.2062163229337,87.2062163229337,2024 Week 4 transaction
1,Tyler Conklin,TE,-1.3109313725490201,-10.064940330813616,-10.872624686821958,-10.872624686821958,2024 Week 4 transaction
8,Alexander Mattison,RB,6.613715686274508,65.0192036668216,68.38195916975502,68.38195916975502,2024 Week 4 transaction
7,Samaje Perine,RB,-1.9625490196078432,50.21777299653087,45.744335327096486,45.744335327096486,2024 Week 4 transaction
7,Miami Dolphins,DST,2.9209803921568636,0,2.9209803921568636,2.9209803921568636,2024 Week 4 transaction
1,Samaje Perine,RB,-1.9625490196078432,60.61319741924902,55.619988528678725,55.619988528678725,2024 Week 4 transaction
9,Blake Grupe,K,2.7,0,2.7,2.7,2024 Week 4 transaction
9,Ty Johnson,RB,0,83.11610344225937,78.9602982701464,78.9602982701464,2024 Week 4 transaction
9,Brayden Narveson,K,-5.708333333333333,0,-5.708333333333333,-5.708333333333333,2024 Week 4 transaction
9,Malik Willis,QB,-12.055100254647314,55.38467040452406,40.56033662965053,40.56033662965053,2024 Week 4 transaction
9,Minnesota Vikings,DST,18.32352941176471,0,18.32352941176471,18.32352941176471,2024 Week 4 transaction
8,Alec Pierce,WR,-38.83382352941177,15.694298963649466,-23.924239513944777,-23.924239513944777,2024 Week 5 transaction
7,Ty Johnson,RB,-1.7216176470588227,13.551390802221448,11.152203615051548,11.152203615051548,2024 Week 5 transaction
7,Houston Texans,DST,33.601960784313725,0,33.601960784313725,33.601960784313725,2024 Week 5 transaction
9,Chase McLaughlin,K,16.032843137254904,0,16.032843137254904,16.032843137254904,2024 Week 5 transaction
9,Colby Parkinson,TE,0.23352941176470665,14.98030572421959,14.46481984977332,14.46481984977332,2024 Week 5 transaction
7,Tyler Goodson,RB,1.7216176470588227,59.169288217319775,57.93244145351261,57.93244145351261,2024 Week 5 transaction
4,Jaleel McLaughlin,RB,-4.620049019607843,75.59308887273556,67.19338540949093,67.19338540949093,2024 Week 5 transaction
4,MarShawn Lloyd,RB,0,91.64406976114802,87.06186627309062,87.06186627309062,2024 Week 5 transaction
4,Kendre Miller,RB,0,75.4246679409166,71.65343454387077,71.65343454387077,2024 Week 5 transaction
9,Tyler Huntley,QB,1.7930294117647063,1.224340886886253,2.956153254306656,2.956153254306656,2024 Week 5 transaction
9,Dare Ogunbowale,RB,-2.408431372549022,-83.11610344225937,-81.36872964269541,-81.36872964269541,2024 Week 5 transaction
9,Brayden Narveson,K,-3.469117647058823,0,-3.469117647058823,-3.469117647058823,2024 Week 5 transaction
5,Chicago Bears,DST,6.169215686274514,0,6.169215686274514,6.169215686274514,2024 Week 5 transaction
12,Justin Watson,WR,0,5.461653413729553,5.188570743043075,5.188570743043075,2024 Week 5 transaction
6,Washington Commanders,DST,3.431274509803924,0,3.431274509803924,3.431274509803924,2024 Week 5 transaction
8,Antonio Gibson,RB,9.675833333333333,2.4475706884463335,12.001025487357367,12.001025487357367,2024 Week 5 transaction
3,Austin Seibert,K,2.230882352941177,0,2.230882352941177,2.230882352941177,2024 Week 5 transaction
7,Clyde Edwards-Helaire,RB,-1.7930294117647063,-16.159061858472683,-17.144138177313764,-17.144138177313764,2024 Week 5 transaction
7,Seattle Seahawks,DST,-8.366666666666667,0,-8.366666666666667,-8.366666666666667,2024 Week 5 transaction
1,Trey Sermon,RB,0,4.355262298879651,4.137499183935674,4.137499183935674,2024 Week 5 transaction
9,Tutu Atwell,WR,7.748382352941177,13.738057106964929,20.799536604557858,20.799536604557858,2024 Week 5 transaction
9,Dameon Pierce,RB,0,39.39074785490868,37.421210462163245,37.421210462163245,2024 Week 6 transaction
7,DeMario Douglas,WR,1.185294117647059,-63.18101185504078,-58.83666714464167,-58.83666714464167,2024 Week 6 transaction
9,DeMario Douglas,WR,1.185294117647059,6.197034480253665,7.072476873888041,7.072476873888041,2024 Week 6 transaction
9,Sean Tucker,RB,0,80.20344083483239,76.19326879309077,76.19326879309077,2024 Week 6 transaction
7,Cincinnati Bengals,DST,18.20294117647059,0,18.20294117647059,18.20294117647059,2024 Week 6 transaction
8,Minnesota Vikings,DST,13.182156862745103,-15.694298963649466,-1.727427152721889,-1.727427152721889,2024 Week 6 transaction
8,Sean Tucker,RB,5.963039215686274,71.07530988044682,73.48458360211075,73.48458360211075,2024 Week 6 transaction
7,Bub Means,WR,-7.514705882352944,-76.34655687197215,-80.04393491072649,-80.04393491072649,2024 Week 6 transaction
7,Sean Tucker,RB,-11.44151960784314,80.20344083483239,64.75174918524763,64.75174918524763,2024 Week 6 transaction
10,Emanuel Wilson,RB,-1.1483823529411763,-16.614107790143578,-16.931784753577574,-16.931784753577574,2024 Week 6 transaction
8,Brayden Narveson,K,-10.351960784313729,0,-10.351960784313729,-10.351960784313729,2024 Week 6 transaction
8,Ray-Ray McCloud,WR,-19.72602941176471,7.194081115805229,-12.891652351749745,-12.891652351749745,2024 Week 6 transaction
8,Tyler Goodson,RB,1.7216176470588227,69.56471264003792,67.80809465509485,67.80809465509485,2024 Week 6 transaction
8,Minnesota Vikings,DST,13.182156862745103,0,13.182156862745103,13.182156862745103,2024 Week 6 transaction
12,Harrison Butker,K,2.2892156862745097,-5.461653413729553,-2.8993550567685658,-2.8993550567685658,2024 Week 6 transaction
8,Xavier Hutchinson,WR,-4.814656862745098,-67.76941880883722,-69.19560473114045,-69.19560473114045,2024 Week 6 transaction
6,Los Angeles Chargers,DST,23.856960784313728,0,23.856960784313728,23.856960784313728,2024 Week 6 transaction
12,Aidan O'Connell,QB,-0.05580392156862679,83.16194380734898,78.9480426954129,78.9480426954129,2024 Week 6 transaction
8,JuJu Smith-Schuster,WR,-2.2892156862745097,6.998379232973868,4.359244585050664,4.359244585050664,2024 Week 6 transaction
2,Ezekiel Elliott,RB,-7.748382352941177,0,-7.748382352941177,-7.748382352941177,2024 Week 6 transaction
10,Philadelphia Eagles,DST,37.613235294117644,0,37.613235294117644,37.613235294117644,2024 Week 6 transaction
8,Wil Lutz,K,4.5468137254902,-65.83536260524696,-57.996780749494405,-57.996780749494405,2024 Week 6 transaction
1,Romeo Doubs,WR,2.8786764705882355,-42.622257976236035,-37.612468606835996,-37.612468606835996,2024 Week 6 transaction
9,Darius Slayton,WR,-15.064294117647066,11.95958314410699,-3.7026901307454256,-3.7026901307454256,2024 Week 6 transaction
9,Green Bay Packers,DST,5.671274509803924,-30.25314156135492,-23.069209973483247,-23.069209973483247,2024 Week 6 transaction
1,Jalen McMillan,WR,-5.40828431372549,11.805937362860707,5.80735618099218,5.80735618099218,2024 Week 7 transaction
1,Troy Franklin,WR,0,-15.96644150680607,-15.168119431465769,-15.168119431465769,2024 Week 7 transaction
9,Dorian Thompson-Robinson,QB,0,64.44188880729406,61.21979436692936,61.21979436692936,2024 Week 7 transaction
9,Detroit Lions,DST,18.654607843137256,0,18.654607843137256,18.654607843137256,2024 Week 7 transaction
9,Jalen McMillan,WR,-5.383872549019609,20.01970630788506,13.634848443471197,13.634848443471197,2024 Week 7 transaction
7,Detroit Lions,DST,-22.756372549019606,0,-22.756372549019606,-22.756372549019606,2024 Week 7 transaction
4,Khalil Shakir,WR,19.8771568627451,33.99618799685904,52.17353545976118,52.17353545976118,2024 Week 7 transaction
9,Jameis Winston,QB,30.895009803921567,-38.8928136319118,-6.053163146394638,-6.053163146394638,2024 Week 7 transaction
9,Hunter Henry,TE,-0.23352941176470665,7.076401650822497,6.489052156516664,6.489052156516664,2024 Week 7 transaction
9,Marcus Mariota,QB,-2.4043137254901965,0,-2.4043137254901965,-2.4043137254901965,2024 Week 7 transaction
9,Wil Lutz,K,-7.694117647058826,0,-7.694117647058826,-7.694117647058826,2024 Week 7 transaction
9,Khalil Shakir,WR,19.8771568627451,32.03250627565352,50.30803782461594,50.30803782461594,2024 Week 7 transaction
1,Khalil Shakir,WR,19.8771568627451,-23.276170860284083,-2.235205454524788,-2.235205454524788,2024 Week 7 transaction
1,Hunter Henry,TE,-33.82352941176471,20.77845984421459,-14.083992559760851,-14.083992559760851,2024 Week 7 transaction
12,Khalil Shakir,WR,19.8771568627451,-9.189400948136722,11.147225962015213,11.147225962015213,2024 Week 7 transaction
6,Noah Gray,TE,-12.064705882352941,-34.509600698091354,-44.84882654553973,-44.84882654553973,2024 Week 7 transaction
12,Khalil Shakir,WR,19.8771568627451,-9.189400948136722,11.147225962015213,11.147225962015213,2024 Week 7 transaction
9,Chicago Bears,DST,-9.381078431372547,-72.69035436472889,-78.43691507786498,-78.43691507786498,2024 Week 7 transaction
9,Tutu Atwell,WR,0,-60.239420785439506,-57.22744974616754,-57.22744974616754,2024 Week 7 transaction
6,Noah Fant,TE,-16.434411764705885,-9.08859943612358,-25.06858122902328,-25.06858122902328,2024 Week 7 transaction
9,Tyler Goodson,RB,1.7216176470588227,69.56471264003792,67.80809465509485,67.80809465509485,2024 Week 7 transaction
8,Clyde Edwards-Helaire,RB,-5.383862745098039,73.74955594275784,64.67821540052189,64.67821540052189,2024 Week 7 transaction
7,Troy Franklin,WR,0,2.9337877026253842,2.787098317494115,2.787098317494115,2024 Week 7 transaction
9,Pierre Strong Jr.,RB,0,62.01789474829745,58.917000010882575,58.917000010882575,2024 Week 7 transaction
4,Quentin Johnston,WR,0,-52.917096558263474,-50.2712417303503,-50.2712417303503,2024 Week 7 transaction
1,Erick All Jr.,TE,0,19.44238054103959,18.470261513987612,18.470261513987612,2024 Week 7 transaction
5,Indianapolis Colts,DST,-5.757745098039212,0,-5.757745098039212,-5.757745098039212,2024 Week 7 transaction
5,Jason Myers,K,2.101960784313728,0,2.101960784313728,2.101960784313728,2024 Week 7 transaction
4,Zamir White,RB,0,69.83965912890422,66.347676172459,66.347676172459,2024 Week 7 transaction
4,Jordan Travis,QB,0,-26.119559907447456,-24.813581912075083,-24.813581912075083,2024 Week 7 transaction
10,Cameron Dicker,K,38.83382352941177,0,38.83382352941177,38.83382352941177,2024 Week 7 transaction
8,Alec Pierce,WR,5.963039215686274,6.566168009263897,12.200898824486977,12.200898824486977,2024 Week 7 transaction
8,Jerome Ford,RB,5.793088235294121,18.2890653190056,23.167700288349437,23.167700288349437,2024 Week 7 transaction
12,Brandon McManus,K,-1.7191176470588232,0,-1.7191176470588232,-1.7191176470588232,2024 Week 7 transaction
7,Devaughn Vele,WR,0,-56.511975898320244,-53.686377103404226,-53.686377103404226,2024 Week 7 transaction
7,Isaac Guerendo,RB,15.93386274509804,8.251007339389105,23.77231971751769,23.77231971751769,2024 Week 7 transaction
8,Will Reichard,K,16.91617647058824,0,16.91617647058824,16.91617647058824,2024 Week 7 transaction
8,New Orleans Saints,DST,-11.638725490196077,0,-11.638725490196077,-11.638725490196077,2024 Week 7 transaction
9,D'Ernest Johnson,RB,0,0,0,0,2024 Week 7 transaction
1,Keaton Mitchell,RB,0,6.774239650961874,6.435527668413769,6.435527668413769,2024 Week 8 transaction
7,Elijah Moore,WR,0,13.94836672541809,13.250948389147185,13.250948389147185,2024 Week 8 transaction
8,Joe Flacco,QB,5.383862745098039,-15.694298963649466,-9.525721270368953,-9.525721270368953,2024 Week 8 transaction
7,New England Patriots,DST,2.8767647058823487,0,2.8767647058823487,2.8767647058823487,2024 Week 8 transaction
12,Cincinnati Bengals,DST,32.08570588235294,-83.16194380734898,-46.91814073462858,-46.91814073462858,2024 Week 8 transaction
9,Joe Flacco,QB,5.383862745098039,-77.67257004662714,-68.40507879919774,-68.40507879919774,2024 Week 8 transaction
9,Elijah Moore,WR,0,13.94836672541809,13.250948389147185,13.250948389147185,2024 Week 8 transaction
9,Washington Commanders,DST,-21.619313725490194,0,-21.619313725490194,-21.619313725490194,2024 Week 8 transaction
9,Cameron Dicker,K,25.42794117647059,0,25.42794117647059,25.42794117647059,2024 Week 8 transaction
7,Dalvin Cook,RB,0,0,0,0,2024 Week 8 transaction
7,Isaac Guerendo,RB,15.93386274509804,91.36711078164848,102.73261798766409,102.73261798766409,2024 Week 8 transaction
9,Quentin Johnston,WR,0,-18.902470621067664,-17.95734709001428,-17.95734709001428,2024 Week 8 transaction
9,Taysom Hill,TE,33.59,-13.671789483690702,20.601799990493838,20.601799990493838,2024 Week 8 transaction
9,Tyler Conklin,TE,0.02441176470588146,-66.06598144787469,-62.73827061077508,-62.73827061077508,2024 Week 8 transaction
9,Gardner Minshew,QB,2.9876960784313713,-12.119607648111042,-8.525931187274125,-8.525931187274125,2024 Week 8 transaction
8,Christian Kirk,WR,0,11.8878650588724,11.293471805928778,11.293471805928778,2024 Week 8 transaction
2,Green Bay Packers,DST,2.4043137254901965,-81.3624693703301,-74.8900321763234,-74.8900321763234,2024 Week 8 transaction
2,Green Bay Packers,DST,2.4043137254901965,0,2.4043137254901965,2.4043137254901965,2024 Week 8 transaction
6,Anders Carlson,K,8.28921568627451,0,8.28921568627451,8.28921568627451,2024 Week 8 transaction
9,Audric Estime,RB,0,88.01780749986398,83.61691712487078,83.61691712487078,2024 Week 8 transaction
6,Gardner Minshew,QB,2.9876960784313713,34.06804872037673,35.352342362789265,35.352342362789265,2024 Week 8 transaction
8,Trey Palmer,WR,0,-61.24780273719352,-58.185412600333834,-58.185412600333834,2024 Week 8 transaction
10,Mason Rudolph,QB,-17.041911764705887,65.83536260524696,45.50168271027872,45.50168271027872,2024 Week 8 transaction
8,Cedric Tillman,WR,-1.8412254901960798,22.33086372336953,19.37309504700497,19.37309504700497,2024 Week 8 transaction
9,Sterling Shepard,WR,-1.8550490196078435,-22.33086372336953,-23.069369556808894,-23.069369556808894,2024 Week 8 transaction
9,Cedric Tillman,WR,1.8550490196078435,3.444619431523261,5.127437479554942,5.127437479554942,2024 Week 8 transaction
9,Baltimore Ravens,DST,24.535980392156866,0,24.535980392156866,24.535980392156866,2024 Week 8 transaction
1,New York Giants,DST,-18.28970588235294,0,-18.28970588235294,-18.28970588235294,2024 Week 9 transaction
1,Khalil Herbert,RB,0,82.34009762575425,78.22309274446654,78.22309274446654,2024 Week 9 transaction
9,Detroit Lions,DST,-13.164411764705878,0,-13.164411764705878,-13.164411764705878,2024 Week 9 transaction
8,Mike Gesicki,TE,-14.940196078431375,30.25314156135492,13.800288404855797,13.800288404855797,2024 Week 9 transaction
5,Mike Gesicki,TE,-7.1259803921568645,30.25314156135492,21.614504091130307,21.614504091130307,2024 Week 9 transaction
5,Mike Gesicki,TE,-7.1259803921568645,30.25314156135492,21.614504091130307,21.614504091130307,2024 Week 9 transaction
4,Khalil Herbert,RB,4.620049019607843,6.74700875301869,11.029707334975612,11.029707334975612,2024 Week 9 transaction
7,New York Giants,DST,-13.585392156862742,0,-13.585392156862742,-13.585392156862742,2024 Week 9 transaction
9,Cooper Rush,QB,28.239509803921557,-10.68181805360866,18.09178265299333,18.09178265299333,2024 Week 9 transaction
9,Nick Westbrook-Ikhine,WR,-6.590539215686276,-4.953962330034038,-11.296803429218611,-11.296803429218611,2024 Week 9 transaction
7,Mike Gesicki,TE,0,13.015561516917327,12.36478344107146,12.36478344107146,2024 Week 9 transaction
12,Noah Brown,WR,0,6.049530487890878,5.747053963496334,5.747053963496334,2024 Week 9 transaction
9,Theo Johnson,TE,0,31.00610556534412,29.455800287076915,29.455800287076915,2024 Week 9 transaction
9,Rakim Jarrett,WR,-0.02441176470588146,-11.270007998380622,-10.730919363167473,-10.730919363167473,2024 Week 9 transaction
5,New York Giants,DST,-13.585392156862742,-11.65740072800547,-24.659922848467936,-24.659922848467936,2024 Week 9 transaction
3,Chicago Bears,DST,-9.381078431372547,0,-9.381078431372547,-9.381078431372547,2024 Week 9 transaction
10,Julius Chestnut,RB,-4.52421568627451,-9.182092969092437,-13.24720400691232,-13.24720400691232,2024 Week 9 transaction
4,Jaleel McLaughlin,RB,-4.620049019607843,0.16842093181895734,-4.460049134379844,-4.460049134379844,2024 Week 9 transaction
1,Dalvin Cook,RB,0,-83.11610344225937,-78.9602982701464,-78.9602982701464,2024 Week 9 transaction
7,Jalen Coker,WR,-17.79117647058824,18.447177364330393,-0.26635797447436715,-0.26635797447436715,2024 Week 9 transaction
7,Jake Bates,K,17.79117647058824,-11.507221087071368,6.859316437870442,6.859316437870442,2024 Week 9 transaction
5,Wil Lutz,K,16.643627450980397,-82.34009762575425,-61.579465293486145,-61.579465293486145,2024 Week 9 transaction
1,Ty Johnson,RB,0,83.11610344225937,78.9602982701464,78.9602982701464,2024 Week 9 transaction
1,Jordan Whittington,WR,0,13.23068123933308,12.569147177366425,12.569147177366425,2024 Week 9 transaction
5,Washington Commanders,DST,-5.410392156862742,0,-5.410392156862742,-5.410392156862742,2024 Week 9 transaction
6,Blake Grupe,K,5.280882352941177,0,5.280882352941177,5.280882352941177,2024 Week 9 transaction
2,Darius Slayton,WR,-2.4043137254901965,11.95958314410699,8.957290261411444,8.957290261411444,2024 Week 9 transaction
1,Tennessee Titans,DST,15.475000000000001,0,15.475000000000001,15.475000000000001,2024 Week 9 transaction
9,Calvin Austin III,WR,0,-73.5340223514504,-69.85732123387787,-69.85732123387787,2024 Week 9 transaction
9,New Orleans Saints,DST,9.106666666666666,0,9.106666666666666,9.106666666666666,2024 Week 9 transaction
9,Malik Willis,QB,-16.643627450980397,88.68427691434427,67.60643561764664,67.60643561764664,2024 Week 9 transaction
9,Parker Washington,WR,0,11.43101353741222,10.859462860541608,10.859462860541608,2024 Week 9 transaction
9,Nick Chubb,RB,4.047941176470587,56.41725214475325,57.644330713986164,57.644330713986164,2024 Week 10 transaction
9,Houston Texans,DST,-5.449901960784295,0,-5.449901960784295,-5.449901960784295,2024 Week 10 transaction
1,Audric Estime,RB,0,74.7871262605309,71.04776994750435,71.04776994750435,2024 Week 10 transaction
8,Drew Lock,QB,8.124662999745354,79.36294476325885,83.51946052484126,83.51946052484126,2024 Week 10 transaction
7,Audric Estime,RB,0,88.01780749986398,83.61691712487078,83.61691712487078,2024 Week 10 transaction
4,Audric Estime,RB,0,17.141476460613077,16.28440263758243,16.28440263758243,2024 Week 10 transaction
4,Marquez Valdes-Scantling,WR,-0.6395098039215679,-9.040677645181123,-9.228153566843634,-9.228153566843634,2024 Week 10 transaction
5,Houston Texans,DST,4.455980392156867,0,4.455980392156867,4.455980392156867,2024 Week 10 transaction
5,Jason Sanders,K,6.5034313725490165,0,6.5034313725490165,6.5034313725490165,2024 Week 10 transaction
8,Audric Estime,RB,-5.206323529411765,72.25798069132487,63.43875812734687,63.43875812734687,2024 Week 10 transaction
8,Nick Chubb,RB,4.047941176470587,70.18557796141957,70.72424023981917,70.72424023981917,2024 Week 10 transaction
7,Xavier Hutchinson,WR,-10.010980392156862,-61.057447007034,-68.01555504883915,-68.01555504883915,2024 Week 10 transaction
3,Nick Westbrook-Ikhine,WR,-6.590539215686276,10.19629223285983,3.0959384055305623,3.0959384055305623,2024 Week 10 transaction
4,Chris Rodriguez Jr.,RB,0,70.8763310392509,67.33251448728835,67.33251448728835,2024 Week 10 transaction
4,Mason Tipton,WR,0,10.652474911064434,10.119851165511212,10.119851165511212,2024 Week 10 transaction
10,Jaleel McLaughlin,RB,-4.620049019607843,7.877632078605217,2.863701455067101,2.863701455067101,2024 Week 10 transaction
5,Mac Jones,QB,0.33899633307868626,-3.187593559243865,-2.68921754820299,-2.68921754820299,2024 Week 10 transaction
8,Sterling Shepard,WR,0,-15.694298963649466,-14.909584015466992,-14.909584015466992,2024 Week 10 transaction
1,Rashid Shaheed,WR,0,26.119559907447456,24.813581912075083,24.813581912075083,2024 Week 10 transaction
6,Joe Flacco,QB,2.3961666666666677,-75.89819985175293,-69.70712319249861,-69.70712319249861,2024 Week 10 transaction
6,Cameron Dicker,K,31.147058823529413,0,31.147058823529413,31.147058823529413,2024 Week 10 transaction
7,Joe Flacco,QB,5.383862745098039,-17.237580044437593,-10.991838297117674,-10.991838297117674,2024 Week 10 transaction
7,New York Jets,DST,-6.566372549019608,0,-6.566372549019608,-6.566372549019608,2024 Week 10 transaction
8,Chad Ryland,K,-1.644117647058824,0,-1.644117647058824,-1.644117647058824,2024 Week 10 transaction
5,Atlanta Falcons,DST,13.977647058823528,0,13.977647058823528,13.977647058823528,2024 Week 10 transaction
9,Audric Estime,RB,-5.383862745098039,88.01780749986398,78.23305437977274,78.23305437977274,2024 Week 10 transaction
9,Ben Sinnott,TE,6.590539215686276,36.67867590665276,41.4352813270064,41.4352813270064,2024 Week 10 transaction
9,Jake Moody,K,-38.60098039215686,0,-38.60098039215686,-38.60098039215686,2024 Week 10 transaction
8,Devaughn Vele,WR,0,3.4692542277712732,3.2957915163827103,3.2957915163827103,2024 Week 11 transaction
6,Tommy DeVito,QB,1.0476960784313718,-41.38859915366158,-38.271473117547124,-38.271473117547124,2024 Week 11 transaction
1,Arizona Cardinals,DST,-13.702352941176468,0,-13.702352941176468,-13.702352941176468,2024 Week 11 transaction
9,Washington Commanders,DST,-8.736862745098037,-70.18557796141957,-75.41316180844662,-75.41316180844662,2024 Week 11 transaction
9,Tommy DeVito,QB,-10.393823529411769,0,-10.393823529411769,-10.393823529411769,2024 Week 11 transaction
6,Washington Commanders,DST,-2.614705882352939,0,-2.614705882352939,-2.614705882352939,2024 Week 11 transaction
7,Jason Myers,K,7.1259803921568645,0,7.1259803921568645,7.1259803921568645,2024 Week 11 transaction
7,Washington Commanders,DST,-2.614705882352939,0,-2.614705882352939,-2.614705882352939,2024 Week 11 transaction
2,Will Dissly,TE,-12.86509803921569,26.32291162387756,12.14166800346799,12.14166800346799,2024 Week 11 transaction
4,Devaughn Vele,WR,0.6395098039215679,15.625782778554282,15.484003443548135,15.484003443548135,2024 Week 11 transaction
12,Tyquan Thornton,WR,0,-5.1162340649250595,-4.860422361678806,-4.860422361678806,2024 Week 11 transaction
5,Washington Commanders,DST,-2.614705882352939,0,-2.614705882352939,-2.614705882352939,2024 Week 11 transaction
5,Devaughn Vele,WR,0,17.237580044437593,16.375701042215713,16.375701042215713,2024 Week 11 transaction
5,Ray-Ray McCloud,WR,0,7.194081115805229,6.834377060014967,6.834377060014967,2024 Week 11 transaction
10,Lucas Krull,TE,-6.905588235294117,-75.59308887273556,-78.7190226643929,-78.7190226643929,2024 Week 11 transaction
9,Alec Pierce,WR,12.86509803921569,-10.628612660228093,2.7679160119990023,2.7679160119990023,2024 Week 11 transaction
7,Jalen McMillan,WR,-5.383872549019609,16.520183370412397,10.310301652872166,10.310301652872166,2024 Week 11 transaction
7,AJ Barner,TE,0,30.767465362730093,29.229092094593586,29.229092094593586,2024 Week 11 transaction
6,Cleveland Browns,DST,-0.5956862745098035,0,-0.5956862745098035,-0.5956862745098035,2024 Week 11 transaction
8,Jalen Tolbert,WR,0,13.76832581666632,13.079909525833003,13.079909525833003,2024 Week 11 transaction
12,Calvin Austin III,WR,0,9.10072407500299,8.64568787125284,8.64568787125284,2024 Week 11 transaction
9,Will Dissly,TE,-12.86509803921569,26.32291162387756,12.14166800346799,12.14166800346799,2024 Week 11 transaction
7,Kayshon Boutte,WR,-5.383862745098039,9.858516639366435,3.981728062300075,3.981728062300075,2024 Week 11 transaction
1,New Orleans Saints,DST,13.875833333333334,-33.75776341484999,-18.194041910774153,-18.194041910774153,2024 Week 11 transaction
5,Cooper Rush,QB,28.239509803921557,-11.65740072800547,17.16497911231636,17.16497911231636,2024 Week 11 transaction
12,Los Angeles Rams,DST,-32.333627450980394,0,-32.333627450980394,-32.333627450980394,2024 Week 11 transaction
7,Devaughn Vele,WR,0,17.237580044437593,16.375701042215713,16.375701042215713,2024 Week 11 transaction
1,Miami Dolphins,DST,23.719313725490196,0,23.719313725490196,23.719313725490196,2024 Week 11 transaction
8,Jake Bates,K,12.584852941176475,-15.7598268085391,-2.386982526935668,-2.386982526935668,2024 Week 11 transaction
11,Green Bay Packers,DST,2.4043137254901965,0,2.4043137254901965,2.4043137254901965,2024 Week 11 transaction
4,John Metchie III,WR,0,-61.09737034236622,-58.04250182524791,-58.04250182524791,2024 Week 11 transaction
9,Gus Edwards,RB,-16.797990196078416,0,-16.797990196078416,-16.797990196078416,2024 Week 11 transaction
7,Atlanta Falcons,DST,18.333627450980394,-9.858516639366435,8.96803664358228,8.96803664358228,2024 Week 12 transaction
7,New Orleans Saints,DST,-10.6293137254902,0,-10.6293137254902,-10.6293137254902,2024 Week 12 transaction
7,Dallas Cowboys,DST,11.29764705882353,-30.767465362730093,-17.931445035770054,-17.931445035770054,2024 Week 12 transaction
4,Jeremy McNichols,RB,0,-82.34009762575425,-78.22309274446654,-78.22309274446654,2024 Week 12 transaction
5,Noah Gray,TE,0,-48.72174037566682,-46.28565335688348,-46.28565335688348,2024 Week 12 transaction
4,Gus Edwards,RB,11.44151960784314,-82.34009762575425,-66.7815731366234,-66.7815731366234,2024 Week 12 transaction
6,Noah Gray,TE,0,-34.509600698091354,-32.78412066318679,-32.78412066318679,2024 Week 12 transaction
4,Noah Gray,TE,0,7.605322956256806,7.225056808443959,7.225056808443959,2024 Week 12 transaction
4,Daniel Jones,QB,0,100.6422452179612,95.61013295706314,95.61013295706314,2024 Week 12 transaction
7,Baltimore Ravens,DST,17.716960784313727,0,17.716960784313727,17.716960784313727,2024 Week 12 transaction
2,Brandon Allen,QB,4.7397058823529425,-66.36885001546791,-58.31070163234157,-58.31070163234157,2024 Week 12 transaction
9,Marquez Valdes-Scantling,WR,-0.6395098039215679,-45.26317087362928,-43.639522133869384,-43.639522133869384,2024 Week 12 transaction
7,Seattle Seahawks,DST,-8.634019607843138,0,-8.634019607843138,-8.634019607843138,2024 Week 12 transaction
7,Wil Lutz,K,26.79578431372549,0,26.79578431372549,26.79578431372549,2024 Week 12 transaction
11,Chase McLaughlin,K,20.62696078431373,-12.535419490049543,8.718312268766665,8.718312268766665,2024 Week 12 transaction
5,Cincinnati Bengals,DST,28.82558823529412,0,28.82558823529412,28.82558823529412,2024 Week 12 transaction
2,New York Giants,DST,-10.61470588235294,0,-10.61470588235294,-10.61470588235294,2024 Week 12 transaction
5,Harrison Butker,K,0,-7.194081115805229,-6.834377060014967,-6.834377060014967,2024 Week 12 transaction
2,Cleveland Browns,DST,0,-11.904800575851958,-11.309560547059359,-11.309560547059359,2024 Week 12 transaction
10,Samaje Perine,RB,-1.9625490196078432,60.61319741924902,55.619988528678725,55.619988528678725,2024 Week 12 transaction
2,Spencer Shrader,K,6.16421568627451,0,6.16421568627451,6.16421568627451,2024 Week 12 transaction
7,Seattle Seahawks,DST,-1.5080392156862734,0,-1.5080392156862734,-1.5080392156862734,2024 Week 12 transaction
9,Ben Sinnott,TE,-11.44151960784314,46.87496813951259,33.08970012469382,33.08970012469382,2024 Week 12 transaction
4,Jaleel McLaughlin,RB,0,75.59308887273556,71.81343442909878,71.81343442909878,2024 Week 13 transaction
6,Tennessee Titans,DST,4.704313725490197,0,4.704313725490197,4.704313725490197,2024 Week 13 transaction
6,Juwan Johnson,TE,6.86848039215686,32.76526495097595,37.99548209558401,37.99548209558401,2024 Week 13 transaction
4,Sincere McCormick,RB,0,67.58677755688949,64.20743867904501,64.20743867904501,2024 Week 13 transaction
4,Khalil Herbert,RB,0,82.34009762575425,78.22309274446654,78.22309274446654,2024 Week 13 transaction
4,Jason Myers,K,7.1259803921568645,0,7.1259803921568645,7.1259803921568645,2024 Week 13 transaction
4,Evan McPherson,K,0,0,0,0,2024 Week 13 transaction
12,Evan McPherson,K,0,0,0,0,2024 Week 13 transaction
8,Mac Jones,QB,0,76.34201371266208,72.52491302702897,72.52491302702897,2024 Week 13 transaction
7,Evan McPherson,K,0,0,0,0,2024 Week 13 transaction
5,Mac Jones,QB,0,59.85719796797348,56.8643380695748,56.8643380695748,2024 Week 13 transaction
2,Ty Johnson,RB,0,83.11610344225937,78.9602982701464,78.9602982701464,2024 Week 13 transaction
2,Kenneth Gainwell,RB,-6.97348039215686,76.6328046541201,65.82768402925723,65.82768402925723,2024 Week 13 transaction
6,Tennessee Titans,DST,4.704313725490197,0,4.704313725490197,4.704313725490197,2024 Week 13 transaction
9,Evan McPherson,K,-1.3392156862745104,0,-1.3392156862745104,-1.3392156862745104,2024 Week 13 transaction
6,Aidan O'Connell,QB,-0.05580392156862679,7.263743955596041,6.844752836247608,6.844752836247608,2024 Week 13 transaction
1,Gus Edwards,RB,11.44151960784314,-80.96916107874574,-65.4791834169653,-65.4791834169653,2024 Week 13 transaction
9,Jake Ferguson,TE,-16.43352941176471,66.36885001546791,46.6168781029298,46.6168781029298,2024 Week 13 transaction
9,Gus Edwards,RB,14.28573529411765,-15.694298963649466,-0.6238487213493418,-0.6238487213493418,2024 Week 13 transaction
9,Isaiah Davis,RB,6.059215686274509,7.5439089552763505,13.225929193787053,13.225929193787053,2024 Week 14 transaction
4,Patrick Taylor,RB,0,-108.02192546131728,-102.6208291882514,-102.6208291882514,2024 Week 14 transaction
7,AJ Barner,TE,-18.333627450980394,30.767465362730093,10.895464643613192,10.895464643613192,2024 Week 14 transaction
7,Kayshon Boutte,WR,0,9.858516639366435,9.365590807398114,9.365590807398114,2024 Week 14 transaction
4,Sincere McCormick,RB,0,-40.435147904427794,-38.413390509206394,-38.413390509206394,2024 Week 14 transaction
4,Justin Tucker,K,4.81421568627451,0,4.81421568627451,4.81421568627451,2024 Week 14 transaction
11,Sincere McCormick,RB,-3.786764705882354,67.58677755688949,60.42067397316266,60.42067397316266,2024 Week 14 transaction
11,Ameer Abdullah,RB,4.877549019607843,-27.29154040230462,-21.049414362581544,-21.049414362581544,2024 Week 14 transaction
11,Ameer Abdullah,RB,4.877549019607843,-27.29154040230462,-21.049414362581544,-21.049414362581544,2024 Week 14 transaction
5,Joshua Palmer,WR,5.206323529411765,-62.45549583974126,-54.12639751834243,-54.12639751834243,2024 Week 14 transaction
9,Will Reichard,K,14.940196078431375,0,14.940196078431375,14.940196078431375,2024 Week 14 transaction
9,Matthew Wright,K,0,-30.767465362730093,-29.229092094593586,-29.229092094593586,2024 Week 14 transaction
8,Detroit Lions,DST,-8.825,0,-8.825,-8.825,2024 Week 14 transaction
3,Chris Rodriguez Jr.,RB,0,70.8763310392509,67.33251448728835,67.33251448728835,2024 Week 14 transaction
5,Ray-Ray McCloud,WR,0,7.194081115805229,6.834377060014967,6.834377060014967,2024 Week 14 transaction
2,Detroit Lions,DST,-9.491372549019605,0,-9.491372549019605,-9.491372549019605,2024 Week 14 transaction
12,Ka'imi Fairbairn,K,0,0,0,0,2024 Week 14 transaction
9,AJ Barner,TE,9.491372549019605,30.767465362730093,38.72046464361319,38.72046464361319,2024 Week 14 transaction
1,Tyler Conklin,TE,-5.5882352941176485,21.951826051989283,15.26599945527217,15.26599945527217,2024 Week 14 transaction
1,Nick Folk,K,-10.447549019607845,0,-10.447549019607845,-10.447549019607845,2024 Week 14 transaction
4,Jaleel McLaughlin,RB,0,14.979891453486545,14.23089688081221,14.23089688081221,2024 Week 14 transaction
4,Samaje Perine,RB,0,-22.502906023010354,-21.37776072185983,-21.37776072185983,2024 Week 14 transaction
4,Ty Johnson,RB,0,15.529325885369886,14.752859591101384,14.752859591101384,2024 Week 14 transaction
7,Parker Washington,WR,0,1.5724968980457845,1.4938720531434946,1.4938720531434946,2024 Week 14 transaction
7,Kayshon Boutte,WR,0,9.858516639366435,9.365590807398114,9.365590807398114,2024 Week 14 transaction
7,Jake Moody,K,1.3392156862745104,0,1.3392156862745104,1.3392156862745104,2024 Week 14 transaction
8,Jacksonville Jaguars,DST,5.037941176470591,-13.76832581666632,-8.041968349362412,-8.041968349362412,2024 Week 14 transaction
9,Seattle Seahawks,DST,-1.5080392156862734,-0.06626762327422674,-1.5709934577967888,-1.5709934577967888,2024 Week 14 transaction
9,Blake Grupe,K,-1.3392156862745104,0,-1.3392156862745104,-1.3392156862745104,2024 Week 14 transaction
1,Atlanta Falcons,DST,18.333627450980394,0,18.333627450980394,18.333627450980394,2024 Week 15 transaction
1,Brenton Strange,TE,-5.358921568627451,39.889592224958875,32.53619104508348,32.53619104508348,2024 Week 15 transaction
9,Atlanta Falcons,DST,18.333627450980394,0,18.333627450980394,18.333627450980394,2024 Week 15 transaction
9,Brenton Strange,TE,-5.358921568627451,-14.129798214020646,-18.78222987194706,-18.78222987194706,2024 Week 15 transaction
6,Brenton Strange,TE,-7.383578431372548,29.076153325972207,20.23876722830105,20.23876722830105,2024 Week 15 transaction
6,Rashid Shaheed,WR,0.05580392156862679,-57.04238389990152,-54.134460783337815,-54.134460783337815,2024 Week 15 transaction
7,Brenton Strange,TE,-5.358921568627451,31.07395291421806,24.16133369987971,24.16133369987971,2024 Week 15 transaction
9,Desmond Ridder,QB,0,75.9712164909688,72.17265566642035,72.17265566642035,2024 Week 15 transaction
6,Baltimore Ravens,DST,19.121274509803925,0,19.121274509803925,19.121274509803925,2024 Week 15 transaction
9,Tommy DeVito,QB,0,0,0,0,2024 Week 15 transaction
7,Audric Estime,RB,0,57.250342137133885,54.3878250302772,54.3878250302772,2024 Week 15 transaction
4,Audric Estime,RB,0,88.01780749986398,83.61691712487078,83.61691712487078,2024 Week 15 transaction
7,Kendre Miller,RB,0,63.99365440350439,60.79397168332916,60.79397168332916,2024 Week 15 transaction
8,Kendrick Bourne,WR,0,4.780495863717158,4.5414710705313,4.5414710705313,2024 Week 15 transaction
8,Taysom Hill,TE,0,0.06626762327422674,0.0629542421105154,0.0629542421105154,2024 Week 15 transaction
4,Nick Chubb,RB,0,70.18557796141957,66.67629906334858,66.67629906334858,2024 Week 15 transaction
8,Noah Brown,WR,0.6663725490196057,6.049530487890878,6.413426512515939,6.413426512515939,2024 Week 15 transaction
1,Nick Chubb,RB,-6.059215686274509,-17.83222953844441,-22.999833747796714,-22.999833747796714,2024 Week 15 transaction
9,Marquez Valdes-Scantling,WR,0,1.6117972658833115,1.5312074025891458,1.5312074025891458,2024 Week 16 transaction
7,Parker Washington,WR,0,-2.5173531880058704,-2.3914855286055765,-2.3914855286055765,2024 Week 16 transaction
9,AJ Barner,TE,0,-31.07395291421806,-29.52025526850716,-29.52025526850716,2024 Week 16 transaction
1,Jason Myers,K,1.7867647058823541,0,1.7867647058823541,1.7867647058823541,2024 Week 16 transaction
7,Ben Sinnott,TE,0,32.43395934981584,30.812261382325048,30.812261382325048,2024 Week 16 transaction
7,Jacksonville Jaguars,DST,-0.6663725490196057,0,-0.6663725490196057,-0.6663725490196057,2024 Week 16 transaction
9,Craig Reynolds,RB,-5.255882352941176,-77.72948691669592,-79.09889492380229,-79.09889492380229,2024 Week 16 transaction
12,Tim Patrick,WR,-17.124019607843138,0,-17.124019607843138,-17.124019607843138,2024 Week 16 transaction
6,Clyde Edwards-Helaire,RB,0,73.74955594275784,70.06207814561994,70.06207814561994,2024 Week 16 transaction
4,Patrick Taylor,RB,0,-75.59308887273556,-71.81343442909878,-71.81343442909878,2024 Week 16 transaction
9,Aidan O'Connell,QB,-0.05580392156862679,81.550146541465665,77.41683529282375,77.41683529282375,2024 Week 16 transaction
1,Raheem Mostert,RB,-4.877549019607843,27.29154040230462,21.049414362581544,21.049414362581544,2024 Week 16 transaction
6,Sione Vaki,RB,0,62.95366028635499,59.80597727203724,59.80597727203724,2024 Week 16 transaction
9,Indianapolis Colts,DST,-10.666372549019606,0,-10.666372549019606,-10.666372549019606,2024 Week 16 transaction
2,Tyler Bass,K,3.786764705882354,0,3.786764705882354,3.786764705882354,2024 Week 16 transaction
8,Malik Washington,WR,0,9.137000408406811,8.680150387986469,8.680150387986469,2024 Week 16 transaction
7,Jordan Whittington,WR,0,-17.536784123397013,-16.65994491722716,-16.65994491722716,2024 Week 16 transaction
9,Joe Flacco,QB,5.383862745098039,-30.767465362730093,-23.845229349495547,-23.845229349495547,2024 Week 17 transaction
4,Alec Pierce,WR,0,-56.657771898187086,-53.82488330327773,-53.82488330327773,2024 Week 17 transaction
9,Raheem Blackshear,RB,-6.777549019607843,-1.6117972658833115,-8.30875642219699,-8.30875642219699,2024 Week 17 transaction
4,Miami Dolphins,DST,5.61264705882353,0,5.61264705882353,5.61264705882353,2024 Week 17 transaction
4,Michael Carter,RB,0,72.35207086183655,68.73446731874472,68.73446731874472,2024 Week 17 transaction
8,Tai Felton,WR,0,10.239504369548186,9.727529151070776,9.727529151070776,2025 Week 1 transaction
1,Quinn Ewers,QB,0,97.15317010962414,92.29551160414293,92.29551160414293,2025 Week 1 transaction
9,Jerome Ford,RB,0,-9.299392150580616,-8.834422543051588,-8.834422543051588,2025 Week 1 transaction
8,Christian Kirk,WR,0,18.886244291846268,17.941932077253952,17.941932077253952,2025 Week 1 transaction
8,Deshaun Watson,QB,0,0,0,0,2025 Week 1 transaction
6,Blake Corum,RB,0,9.016244631132608,8.565432399575968,8.565432399575968,2025 Week 1 transaction
6,Brenton Strange,TE,0,10.825614107629434,10.284333402247967,10.284333402247967,2025 Week 1 transaction
8,Darren Waller,TE,0,-54.977896527405406,-52.22900170103514,-52.22900170103514,2025 Week 1 transaction
12,Chris Boswell,K,0,0,0,0,2025 Week 1 transaction
12,Amari Cooper,WR,0,-10.664100330094026,-10.130895313589326,-10.130895313589326,2025 Week 1 transaction
12,Harrison Butker,K,0,0,0,0,2025 Week 1 transaction
12,Adam Thielen,WR,0,0,0,0,2025 Week 1 transaction
12,Chimere Dike,WR,0,13.316509396478365,12.650683926654446,12.650683926654446,2025 Week 1 transaction
12,Erick All Jr.,TE,0,30.407450296502823,28.887077781677682,28.887077781677682,2025 Week 1 transaction
9,Jarquez Hunter,RB,0,55.11150880106352,52.355933361010344,52.355933361010344,2025 Week 1 transaction
6,Jacory Croskey-Merritt,RB,0,3.3608639501151316,3.1928207526093786,3.1928207526093786,2025 Week 1 transaction
7,Audric Estime,RB,0,78.15929086049755,74.25132631747266,74.25132631747266,2025 Week 1 transaction
9,Daniel Carlson,K,0,0,0,0,2025 Week 1 transaction
8,Woody Marks,RB,0,-9.92281065206926,-9.426670119465797,-9.426670119465797,2025 Week 1 transaction
8,Savion Williams,WR,0,13.4062997647238,12.735984776487609,12.735984776487609,2025 Week 1 transaction
11,Joe Flacco,QB,0,-87.85377795904353,-83.46108906109134,-83.46108906109134,2025 Week 1 transaction
11,Jerome Ford,RB,0,86.08248987795882,81.77836538406088,81.77836538406088,2025 Week 1 transaction
9,Chigoziem Okonkwo,TE,0,42.337006150157734,40.220155842649845,40.220155842649845,2025 Week 1 transaction
5,Baltimore Ravens,DST,0,0,0,0,2025 Week 1 transaction
4,Tyler Loop,K,0,0,0,0,2025 Week 1 transaction
4,Houston Texans,DST,0,0,0,0,2025 Week 1 transaction
9,Kyle Monangai,RB,0,75.43849340277957,71.66656873264058,71.66656873264058,2025 Week 1 transaction
9,Quinn Ewers,QB,0,97.15317010962414,92.29551160414293,92.29551160414293,2025 Week 1 transaction
7,Cincinnati Bengals,DST,0,0,0,0,2025 Week 1 transaction
7,Dallas Cowboys,DST,0,0,0,0,2025 Week 1 transaction
3,Nick Nash,WR,0,-0.039563714176175324,-0.03758552846736585,-0.03758552846736585,2025 Week 1 transaction
10,Mike Gesicki,TE,0,-24.92101437959086,-23.674963660611315,-23.674963660611315,2025 Week 1 transaction
5,Tory Horton,WR,0,13.967934184818702,13.269537475577767,13.269537475577767,2025 Week 1 transaction
1,Jordan James,RB,0,111.80048294444514,106.21045879722287,106.21045879722287,2025 Week 1 transaction
1,Trevor Etienne,RB,0,119.34000569296472,113.37300540831649,113.37300540831649,2025 Week 1 transaction
6,Minnesota Vikings,DST,0,0,0,0,2025 Week 1 transaction
6,Isaac TeSlaa,WR,0,12.722166460712206,12.086058137676595,12.086058137676595,2025 Week 1 transaction
5,Joshua Palmer,WR,0,15.7598268085391,14.971835468112143,14.971835468112143,2025 Week 1 transaction
6,Jameis Winston,QB,0,51.01580416931872,48.46501396085278,48.46501396085278,2025 Week 1 transaction
1,Xavier Restrepo,WR,0,12.520050849854034,11.89404830736133,11.89404830736133,2025 Week 1 transaction
6,Dillon Gabriel,QB,0,89.25001199229109,84.78751139267654,84.78751139267654,2025 Week 1 transaction
1,Tahj Brooks,RB,0,83.57054432371672,79.39201710753088,79.39201710753088,2025 Week 1 transaction
4,Ollie Gordon,RB,0,99.3310661863156,94.36451287699981,94.36451287699981,2025 Week 1 transaction
4,DJ Giddens,RB,0,115.54763469433884,109.77025295962189,109.77025295962189,2025 Week 1 transaction
9,Joe Milton,QB,0,101.7500073969087,96.66250702706326,96.66250702706326,2025 Week 1 transaction
9,Mike Gesicki,TE,0,-12.183977541401422,-11.574778664331351,-11.574778664331351,2025 Week 1 transaction
10,Michael Gallup,WR,0,0,0,0,2025 Week 1 transaction
9,Washington Commanders,DST,0,0,0,0,2025 Week 1 transaction
9,Jordan Mason,RB,0,108.02192546131728,102.6208291882514,102.6208291882514,2025 Week 1 transaction
8,Brenton Strange,TE,0,61.841418276948154,58.749347363100746,58.749347363100746,2025 Week 1 transaction
8,Marvin Mims Jr.,WR,0,30.283512263999135,28.76933665079918,28.76933665079918,2025 Week 1 transaction
