display_name,player_id,name_code,name,position,future_value,upcoming_year
jzeigboi,4984,Josh Allen,Josh Allen,QB,768.7361576822256,183.44081167771537
akondratieff,4881,Lamar Jackson,Lamar Jackson,QB,642.2716083142973,142.3526179866273
joeburrowmvp,11560,Caleb Williams,Caleb Williams,QB,605.4995575606326,131.39150309744565
caskinner,6770,Joe Burrow,Joe Burrow,QB,598.2434487822261,130.17287416366008
jzeigboi,9221,Jahmyr Gibbs,Jahmyr Gibbs,RB,556.0059806448297,157.948445583378
joeburrowmvp,9509,Bijan Robinson,Bijan Robinson,RB,552.9891246765209,144.0722038368006
ElatedBroncosFan,11564,Drake Maye,Drake Maye,QB,551.7529545286834,91.87200930341228
Gretsch0401,11566,Jayden Daniels,Jayden Daniels,QB,541.1659169549382,102.217064507939
ElatedBroncosFan,7523,Trevor Lawrence,Trevor Lawrence,QB,534.7074386197735,104.28501714615554
obiwanginobiIi,12508,Jaxson Dart,Jaxson Dart,QB,534.5722140935579,79.11886592144305
akondratieff,13287,Jeremiyah Love,Jeremiyah Love,RB,508.04644716207656,85.75833577968956
jzeigboi,6904,Jalen Hurts,Jalen Hurts,QB,484.6625367023604,107.59657724641988
SFOControl,8183,Brock Purdy,Brock Purdy,QB,479.4132426751564,108.15538324825276
ngernenz,6797,Justin Herbert,Justin Herbert,QB,479.2226066888847,89.24091296155072
ElatedBroncosFan,9488,Jaxon Smith-Njigba,Jaxon Smith-Njigba,WR,474.6944841549828,138.13582494769554
lukestip,11604,Brock Bowers,Brock Bowers,TE,456.29167847402783,78.67593778949879
joeburrowmvp,7564,Ja'Marr Chase,Ja'Marr Chase,WR,455.43861120135824,100.62371175431036
obiwanginobiIi,12507,Omarion Hampton,Omarion Hampton,RB,445.8048668465553,95.99504897197716
SFOControl,4046,Patrick Mahomes,Patrick Mahomes,QB,444.94652377148145,122.523448672758
lukestip,13269,Fernando Mendoza,Fernando Mendoza,QB,442.6703024139181,49.74333220822164
caskinner,8130,Trey McBride,Trey McBride,TE,440.8916235441228,117.20515371110724
jzeigboi,12517,Colston Loveland,Colston Loveland,TE,427.91637043159807,29.30935421961211
ElatedBroncosFan,12527,Ashton Jeanty,Ashton Jeanty,RB,427.594643617144,110.93588231550704
obiwanginobiIi,11563,Bo Nix,Bo Nix,QB,423.12266140271066,72.14166068116494
TheJandyStock,6804,Jordan Love,Jordan Love,QB,403.4832925503064,76.85553285162864
TheJandyStock,12545,Tyler Shough,Tyler Shough,QB,391.80999428599625,99.9937973456356
caskinner,7547,Amon-Ra St. Brown,Amon-Ra St. Brown,WR,390.99841640391475,132.25154727263617
joeburrowmvp,12518,Tyler Warren,Tyler Warren,TE,371.9126524119444,63.14101953218595
ngernenz,NA,2027 1R Draft Pick - ngernenz,2027 1R Draft Pick,ngernenz,371.0192973956053,0
caskinner,6813,Jonathan Taylor,Jonathan Taylor,RB,363.51833930090015,127.79473669202224
ElatedBroncosFan,9493,Puka Nacua,Puka Nacua,WR,362.96289555193226,84.94225400259883
SFOControl,9226,De'Von Achane,De'Von Achane,RB,362.2440413192726,96.88857096548584
jzeigboi,11632,Malik Nabers,Malik Nabers,WR,359.3135003956349,57.82024980382943
Arvs,9228,Bryce Young,Bryce Young,QB,353.5518803699658,90.92955741902952
lukestip,8151,Kenneth Walker III,Kenneth Walker III,RB,350.6551583600188,130.96981911290058
caskinner,12522,Cameron Ward,Cameron Ward,QB,348.59452005429495,36.84142949860255
caskinner,8138,James Cook,James Cook,RB,342.7923337645754,99.92175624093008
TheJandyStock,NA,2027 1R Draft Pick - obiwanginobiIi,2027 1R Draft Pick,obiwanginobiIi,340.5857288086021,0
Gretsch0401,NA,2027 1R Draft Pick - Gretsch0401,2027 1R Draft Pick,Gretsch0401,339.872026185442,0
lukestip,3294,Dak Prescott,Dak Prescott,QB,338.5434843096416,109.97144929396788
Gretsch0401,9758,C.J. Stroud,C.J. Stroud,QB,335.03667355864377,66.02400397615403
TheJandyStock,12506,Harold Fannin,Harold Fannin,TE,333.6316438612887,15.996331605154568
joeburrowmvp,NA,2027 1R Draft Pick - SFOControl,2027 1R Draft Pick,SFOControl,331.04681266621634,0
Arvs,3163,Jared Goff,Jared Goff,QB,317.68633315592916,103.53441198916902
SFOControl,6786,CeeDee Lamb,CeeDee Lamb,WR,313.7350622470997,112.03659689718587
ElatedBroncosFan,NA,2028 1R Draft Pick - SFOControl,2028 1R Draft Pick,SFOControl,313.6498454297234,0
Gretsch0401,NA,2028 1R Draft Pick - Gretsch0401,2028 1R Draft Pick,Gretsch0401,311.8048713385293,0
ngernenz,NA,2027 1R Draft Pick - akondratieff,2027 1R Draft Pick,akondratieff,311.0637799803789,0
SFOControl,NA,2029 1R Draft Pick - SFOControl,2029 1R Draft Pick,SFOControl,310.9709189748885,0
lukestip,6794,Justin Jefferson,Justin Jefferson,WR,307.8797199096422,102.97236540477948
caskinner,12526,Tetairoa McMillan,Tetairoa McMillan,WR,304.8225907481624,50.56416456030737
akondratieff,13286,Jadarian Price,Jadarian Price,RB,304.2057256794928,51.96033797797168
TheJandyStock,4892,Baker Mayfield,Baker Mayfield,QB,302.8669271483223,74.64691533462828
ElatedBroncosFan,NA,2028 1R Draft Pick - Arvs,2028 1R Draft Pick,Arvs,299.58473878915316,0
TheJandyStock,NA,2028 1R Draft Pick - TheJandyStock,2028 1R Draft Pick,TheJandyStock,297.2528449116445,0
caskinner,NA,2027 1R Draft Pick - Arvs,2027 1R Draft Pick,Arvs,295.13911010634956,0
Gretsch0401,NA,2029 1R Draft Pick - Gretsch0401,2029 1R Draft Pick,Gretsch0401,288.8461381851698,0
obiwanginobiIi,13279,Carnell Tate,Carnell Tate,WR,287.56135904097545,24.96644270111743
caskinner,9224,Chase Brown,Chase Brown,RB,285.01957326432876,82.22907531785386
Arvs,NA,2029 1R Draft Pick - Arvs,2029 1R Draft Pick,Arvs,284.9352072307415,0
obiwanginobiIi,NA,2027 1R Draft Pick - TheJandyStock,2027 1R Draft Pick,TheJandyStock,282.5465241898074,0
ElatedBroncosFan,NA,2028 1R Draft Pick - ngernenz,2028 1R Draft Pick,ngernenz,281.7440880917601,0
Gretsch0401,12512,Quinshon Judkins,Quinshon Judkins,RB,281.7149830151857,49.689636023180775
SFOControl,8112,Drake London,Drake London,WR,281.5123434760895,55.88376282203103
obiwanginobiIi,NA,2028 1R Draft Pick - obiwanginobiIi,2028 1R Draft Pick,obiwanginobiIi,279.3404209908269,0
ElatedBroncosFan,13330,Kenyon Sadiq,Kenyon Sadiq,TE,279.1079907284612,10.214412455061556
akondratieff,NA,2028 1R Draft Pick - akondratieff,2028 1R Draft Pick,akondratieff,278.895238407839,0
lukestip,4943,Sam Darnold,Sam Darnold,QB,278.4516956794153,50.20929984088495
akondratieff,12490,Bhayshul Tuten,Bhayshul Tuten,RB,278.1410400953417,46.38862892982156
obiwanginobiIi,NA,2029 1R Draft Pick - obiwanginobiIi,2029 1R Draft Pick,obiwanginobiIi,274.5775906897934,0
jzeigboi,NA,2028 1R Draft Pick - jzeigboi,2028 1R Draft Pick,jzeigboi,274.3498941853704,0
akondratieff,8155,Breece Hall,Breece Hall,RB,272.4225823442446,82.23244000844143
jzeigboi,NA,2027 1R Draft Pick - jzeigboi,2027 1R Draft Pick,jzeigboi,272.3507014965375,0
TheJandyStock,NA,2029 1R Draft Pick - TheJandyStock,2029 1R Draft Pick,TheJandyStock,270.9628791281727,0
Arvs,13275,Ty Simpson,Ty Simpson,QB,263.47054562290907,24.42201549240194
akondratieff,NA,2029 1R Draft Pick - akondratieff,2029 1R Draft Pick,akondratieff,263.00639898079345,0
lukestip,NA,2028 1R Draft Pick - lukestip,2028 1R Draft Pick,lukestip,261.90751586024425,0
ngernenz,11584,Bucky Irving,Bucky Irving,RB,260.4643922757307,72.75301578444228
ngernenz,NA,2027 1R Draft Pick - joeburrowmvp,2027 1R Draft Pick,joeburrowmvp,259.2297211303111,0
Arvs,12481,Cam Skattebo,Cam Skattebo,RB,259.10789501932237,58.889634907203735
ngernenz,NA,2028 1R Draft Pick - ElatedBroncosFan,2028 1R Draft Pick,ElatedBroncosFan,258.9140710591976,0
lukestip,NA,2029 1R Draft Pick - lukestip,2029 1R Draft Pick,lukestip,255.9030875705828,0
TheJandyStock,12529,TreVeyon Henderson,TreVeyon Henderson,RB,255.4846840933081,54.05803523896663
akondratieff,9484,Tucker Kraft,Tucker Kraft,TE,248.292319214518,42.52664816782526
ngernenz,12514,Emeka Egbuka,Emeka Egbuka,WR,248.24926423040395,43.74491382042108
Gretsch0401,8144,Chris Olave,Chris Olave,WR,247.14920013501913,85.75673712913313
jzeigboi,NA,2029 1R Draft Pick - jzeigboi,2029 1R Draft Pick,jzeigboi,246.5219134395591,0
lukestip,NA,2027 1R Draft Pick - lukestip,2027 1R Draft Pick,lukestip,246.06050387428087,0
ngernenz,NA,2029 1R Draft Pick - ngernenz,2029 1R Draft Pick,ngernenz,246.00390272359397,0
ElatedBroncosFan,NA,2029 1R Draft Pick - ElatedBroncosFan,2029 1R Draft Pick,ElatedBroncosFan,245.19055750521224,0
ElatedBroncosFan,NA,2029 1R Draft Pick - joeburrowmvp,2029 1R Draft Pick,joeburrowmvp,243.42270098700084,0
TheJandyStock,10859,Sam LaPorta,Sam LaPorta,TE,241.10169959092917,48.46101054657596
Arvs,NA,2028 1R Draft Pick - joeburrowmvp,2028 1R Draft Pick,joeburrowmvp,239.85160753015344,0
joeburrowmvp,4034,Christian McCaffrey,Christian McCaffrey,RB,239.5871357931832,96.18049958792749
Arvs,13281,Jordyn Tyson,Jordyn Tyson,WR,238.694346592999,24.412740666555393
TheJandyStock,4866,Saquon Barkley,Saquon Barkley,RB,231.98052171408136,78.04419495296943
Arvs,NA,2027 1R Draft Pick - ElatedBroncosFan,2027 1R Draft Pick,ElatedBroncosFan,229.59853838817972,0
caskinner,NA,2029 1R Draft Pick - caskinner,2029 1R Draft Pick,caskinner,229.0145634716471,0
caskinner,NA,2028 1R Draft Pick - caskinner,2028 1R Draft Pick,caskinner,228.34260960256373,0
obiwanginobiIi,12519,Luther Burden,Luther Burden,WR,227.220996730128,23.506059559056915
joeburrowmvp,5849,Kyler Murray,Kyler Murray,QB,225.78478465978455,45.49098369556643
caskinner,5870,Daniel Jones,Daniel Jones,QB,224.83082763149272,54.69021892711451
Arvs,NA,2027 1R Draft Pick - caskinner,2027 1R Draft Pick,caskinner,222.15856756461127,0
ElatedBroncosFan,8161,Malik Willis,Malik Willis,QB,219.03626344251776,36.450155605467515
lukestip,7588,Javonte Williams,Javonte Williams,RB,216.9314822940415,75.86524989427113
TheJandyStock,3198,Derrick Henry,Derrick Henry,RB,213.04230633807424,112.62799708417228
ElatedBroncosFan,8150,Kyren Williams,Kyren Williams,RB,212.5451728880923,70.90413518461052
ElatedBroncosFan,9487,Parker Washington,Parker Washington,WR,207.11784574338293,42.82302656382457
caskinner,421,Matthew Stafford,Matthew Stafford,QB,206.8344164690435,83.16047946199247
obiwanginobiIi,13294,Makai Lemon,Makai Lemon,WR,205.55018776320975,14.235844875077792
SFOControl,8131,Isaiah Likely,Isaiah Likely,TE,203.76236847831305,39.89450843502003
obiwanginobiIi,10236,Dalton Kincaid,Dalton Kincaid,TE,201.29973218428523,65.0663606048723
Arvs,8146,Garrett Wilson,Garrett Wilson,WR,200.44338953411312,57.36328981757512
Gretsch0401,13298,KC Concepcion,KC Concepcion,WR,199.6088698962508,12.518439805646224
jzeigboi,9997,Zay Flowers,Zay Flowers,WR,197.80946855403573,60.65444205809014
Arvs,6790,D'Andre Swift,D'Andre Swift,RB,196.09230315013608,88.54299592657989
joeburrowmvp,7569,Nico Collins,Nico Collins,WR,191.24434931133152,59.16599653136066
Arvs,11620,Rome Odunze,Rome Odunze,WR,189.4846008158998,32.65405036106259
ngernenz,11635,Ladd McConkey,Ladd McConkey,WR,184.77673236763005,46.330084867194294
caskinner,13289,Drew Allar,Drew Allar,QB,176.23018230903585,6.281859151930457
ngernenz,7543,Travis Etienne,Travis Etienne,RB,176.15987542480727,60.032757385309466
Arvs,11559,Michael Penix Jr.,Michael Penix Jr.,QB,174.6082473805548,15.494919273123916
joeburrowmvp,7525,DeVonta Smith,DeVonta Smith,WR,171.7325705806674,62.09007512415722
lukestip,12501,Matthew Golden,Matthew Golden,WR,171.61011593824605,19.150046084693933
jzeigboi,13272,Carson Beck,Carson Beck,QB,167.0394643539096,10.353897486698369
ngernenz,NA,2027 2R Draft Pick - ngernenz,2027 2R Draft Pick,ngernenz,165.46882835738813,0
joeburrowmvp,12524,Shedeur Sanders,Shedeur Sanders,QB,160.71398079916315,12.117794298757213
jzeigboi,12534,Kyle Monangai,Kyle Monangai,RB,158.87326515553744,26.739252655065116
ngernenz,NA,2027 2R Draft Pick - obiwanginobiIi,2027 2R Draft Pick,obiwanginobiIi,156.22966199395506,0
Gretsch0401,NA,2027 2R Draft Pick - Gretsch0401,2027 2R Draft Pick,Gretsch0401,156.18121931362242,0
SFOControl,NA,2027 2R Draft Pick - SFOControl,2027 2R Draft Pick,SFOControl,153.16794276759,0
lukestip,13345,Jonah Coleman,Jonah Coleman,RB,151.62108060336496,15.712344459793616
akondratieff,8148,Jameson Williams,Jameson Williams,WR,150.3536075140287,27.825363991343195
lukestip,11646,Jalen Coker,Jalen Coker,WR,147.0166115232056,63.66510581336445
akondratieff,NA,2027 2R Draft Pick - akondratieff,2027 2R Draft Pick,akondratieff,145.79300071631573,0
ngernenz,11565,J.J. McCarthy,J.J. McCarthy,QB,144.38494775695844,7.145019617804663
SFOControl,NA,2028 2R Draft Pick - SFOControl,2028 2R Draft Pick,SFOControl,143.96175110731355,0
ElatedBroncosFan,5892,David Montgomery,David Montgomery,RB,143.44980140568924,50.41450459508947
Gretsch0401,NA,2028 2R Draft Pick - Gretsch0401,2028 2R Draft Pick,Gretsch0401,143.43108345821724,0
Arvs,6801,Tee Higgins,Tee Higgins,WR,142.78732418188935,46.26653528028192
akondratieff,7526,Jaylen Waddle,Jaylen Waddle,WR,141.33974833575422,32.92244974604625
SFOControl,NA,2029 2R Draft Pick - SFOControl,2029 2R Draft Pick,SFOControl,141.1244121824761,0
akondratieff,11631,Brian Thomas Jr.,Brian Thomas Jr.,WR,140.74066186974872,20.576559267862734
ngernenz,NA,2027 2R Draft Pick - Arvs,2027 2R Draft Pick,Arvs,140.2692668324024,0
jzeigboi,NA,2028 2R Draft Pick - Arvs,2028 2R Draft Pick,Arvs,139.5544350317212,0
jzeigboi,11586,Blake Corum,Blake Corum,RB,139.39832233458924,35.70507208615265
obiwanginobiIi,9229,Anthony Richardson,Anthony Richardson,QB,138.83517218763166,8.368980199818349
TheJandyStock,10229,Rashee Rice,Rashee Rice,WR,138.69591914745365,36.260535542479325
obiwanginobiIi,NA,2028 2R Draft Pick - TheJandyStock,2028 2R Draft Pick,TheJandyStock,138.38029317119953,0
TheJandyStock,11583,Jonathon Brooks,Jonathon Brooks,RB,137.43504143967593,15.33561705082396
TheJandyStock,NA,2027 2R Draft Pick - TheJandyStock,2027 2R Draft Pick,TheJandyStock,135.1233918527931,0
Gretsch0401,NA,2029 2R Draft Pick - Gretsch0401,2029 2R Draft Pick,Gretsch0401,133.64665351944257,0
ElatedBroncosFan,7553,Kyle Pitts,Kyle Pitts,TE,132.94593256055455,18.590095386593248
Arvs,NA,2029 2R Draft Pick - Arvs,2029 2R Draft Pick,Arvs,132.5459809578982,0
ngernenz,NA,2028 2R Draft Pick - ngernenz,2028 2R Draft Pick,ngernenz,132.41213163524299,0
obiwanginobiIi,3257,Jacoby Brissett,Jacoby Brissett,QB,131.90301081470494,24.100281902048337
TheJandyStock,NA,2028 2R Draft Pick - obiwanginobiIi,2028 2R Draft Pick,obiwanginobiIi,131.81737803607862,0
akondratieff,NA,2028 2R Draft Pick - akondratieff,2028 2R Draft Pick,akondratieff,131.63679088818185,0
ElatedBroncosFan,5859,A.J. Brown,A.J. Brown,WR,131.20344561771714,43.33692939045083
ngernenz,NA,2027 2R Draft Pick - jzeigboi,2027 2R Draft Pick,jzeigboi,130.96559382254767,0
jzeigboi,NA,2028 2R Draft Pick - jzeigboi,2028 2R Draft Pick,jzeigboi,130.23070504634546,0
obiwanginobiIi,NA,2029 2R Draft Pick - obiwanginobiIi,2029 2R Draft Pick,obiwanginobiIi,128.7191234792401,0
TheJandyStock,NA,2029 2R Draft Pick - TheJandyStock,2029 2R Draft Pick,TheJandyStock,127.14500369824496,0
akondratieff,5854,Drew Lock,Drew Lock,QB,126.85547800243675,32.91008727059303
obiwanginobiIi,7594,Chuba Hubbard,Chuba Hubbard,RB,125.524094012842,57.035753844352
Arvs,NA,2027 2R Draft Pick - joeburrowmvp,2027 2R Draft Pick,joeburrowmvp,125.4814737996949,0
Gretsch0401,7591,Justin Fields,Justin Fields,QB,125.12171054562812,13.03808223114583
lukestip,NA,2028 2R Draft Pick - lukestip,2028 2R Draft Pick,lukestip,125.11263233808214,0
Gretsch0401,8167,Christian Watson,Christian Watson,WR,124.82022849020238,61.871442035623474
akondratieff,NA,2029 2R Draft Pick - akondratieff,2029 2R Draft Pick,akondratieff,124.3559992891588,0
lukestip,6768,Tua Tagovailoa,Tua Tagovailoa,QB,124.0765416328192,14.1015317461871
ngernenz,NA,2028 2R Draft Pick - ElatedBroncosFan,2028 2R Draft Pick,ElatedBroncosFan,123.885595642028,0
akondratieff,13404,Garrett Nussmeier,Garrett Nussmeier,QB,123.58679517798814,6.708430842836971
lukestip,NA,2029 2R Draft Pick - lukestip,2029 2R Draft Pick,lukestip,121.58188116838282,0
lukestip,NA,2027 2R Draft Pick - lukestip,2027 2R Draft Pick,lukestip,119.83905575811607,0
Arvs,1373,Geno Smith,Geno Smith,QB,118.95630093354065,19.880141424133964
jzeigboi,NA,2029 2R Draft Pick - jzeigboi,2029 2R Draft Pick,jzeigboi,117.95930230691064,0
ngernenz,NA,2029 2R Draft Pick - ngernenz,2029 2R Draft Pick,ngernenz,117.50728952982398,0
ElatedBroncosFan,NA,2029 2R Draft Pick - ElatedBroncosFan,2029 2R Draft Pick,ElatedBroncosFan,117.32086231694416,0
Gretsch0401,2307,Marcus Mariota,Marcus Mariota,QB,117.05988259120592,18.255272959486103
joeburrowmvp,NA,2029 2R Draft Pick - joeburrowmvp,2029 2R Draft Pick,joeburrowmvp,116.34698026729409,0
ngernenz,11628,Marvin Harrison Jr.,Marvin Harrison Jr.,WR,116.32652438138982,4.477973282295903
joeburrowmvp,NA,2028 2R Draft Pick - joeburrowmvp,2028 2R Draft Pick,joeburrowmvp,115.85094382442894,0
joeburrowmvp,NA,2027 2R Draft Pick - ElatedBroncosFan,2027 2R Draft Pick,ElatedBroncosFan,112.31474624458129,0
joeburrowmvp,3161,Carson Wentz,Carson Wentz,QB,111.9549655234306,14.767855737116218
caskinner,NA,2028 2R Draft Pick - caskinner,2028 2R Draft Pick,caskinner,110.93056784321026,0
caskinner,NA,2029 2R Draft Pick - caskinner,2029 2R Draft Pick,caskinner,110.59060390513083,0
akondratieff,13346,Denzel Boston,Denzel Boston,WR,109.91116312356284,8.679732125550768
caskinner,NA,2027 2R Draft Pick - caskinner,2027 2R Draft Pick,caskinner,108.85456382736172,0
TheJandyStock,13305,Mike Washington Jr.,Mike Washington Jr.,RB,108.34151556141484,11.934584670958586
Gretsch0401,4217,George Kittle,George Kittle,TE,107.61772777321715,43.81215689015279
obiwanginobiIi,9753,Zach Charbonnet,Zach Charbonnet,RB,105.02914367978146,19.19572587725833
ngernenz,1166,Kirk Cousins,Kirk Cousins,QB,104.31793361443836,45.731326773861895
obiwanginobiIi,12489,RJ Harvey,RJ Harvey,RB,103.05975981782828,20.79909603486858
obiwanginobiIi,12533,Jacory Croskey-Merritt,Jacory Croskey-Merritt,RB,102.09982669422372,16.1815992291367
caskinner,13414,Kaelon Black,Kaelon Black,RB,101.5785322623864,20.058259802016916
joeburrowmvp,13337,Emmett Johnson,Emmett Johnson,RB,101.54818450950968,10.363035002248369
akondratieff,7611,Rhamondre Stevenson,Rhamondre Stevenson,RB,100.76838949124566,30.47007623127123
caskinner,11576,Braelon Allen,Braelon Allen,RB,97.27778523656418,7.244632587797521
Arvs,8228,Jaylen Warren,Jaylen Warren,RB,96.44620043355371,26.07021941938283
ElatedBroncosFan,12493,Oronde Gadsden,Oronde Gadsden,TE,93.92434350987416,5.207578352987437
Arvs,8408,Jordan Mason,Jordan Mason,RB,91.68281750199762,18.573345523884484
Gretsch0401,13288,Nicholas Singleton,Nicholas Singleton,RB,90.33965888985144,6.4456080797362905
akondratieff,12469,Dylan Sampson,Dylan Sampson,RB,89.50674254357513,3.001250978067816
Arvs,12474,Woody Marks,Woody Marks,RB,89.4580272262945,13.092298835516043
joeburrowmvp,12504,Kaleb Johnson,Kaleb Johnson,RB,89.25508179070047,6.409839526805829
SFOControl,6806,J.K. Dobbins,J.K. Dobbins,RB,89.16028411896691,11.051415848313969
caskinner,9225,Tank Bigsby,Tank Bigsby,RB,87.93304846568597,10.345722240252597
ngernenz,11581,MarShawn Lloyd,MarShawn Lloyd,RB,87.65860282996718,12.573695311269
TheJandyStock,5850,Josh Jacobs,Josh Jacobs,RB,87.5613967815228,20.89820927688847
Arvs,9757,Kendre Miller,Kendre Miller,RB,87.21066174777478,9.747209781617816
caskinner,13405,Kaytron Allen,Kaytron Allen,RB,86.97257476788008,9.225428208630415
caskinner,13349,Eli Stowers,Eli Stowers,TE,86.75095124779182,4.0659431717129335
obiwanginobiIi,13421,Eli Raridon,Eli Raridon,TE,86.41593479757199,0.7407801490768458
obiwanginobiIi,8132,Tyler Allgeier,Tyler Allgeier,RB,86.09878187524708,12.081667149099404
caskinner,9508,Tyjae Spears,Tyjae Spears,RB,85.83417066967505,11.44788155214439
ngernenz,13347,Demond Claiborne,Demond Claiborne,RB,85.30307155759041,6.18531896576499
ElatedBroncosFan,7021,Rico Dowdle,Rico Dowdle,RB,83.12452587649395,17.24685627803339
Gretsch0401,7567,Kenny Gainwell,Kenny Gainwell,RB,82.92196430002488,7.516839548786255
lukestip,4983,D.J. Moore,D.J. Moore,WR,82.00369012731109,40.38002623922349
ngernenz,NA,2027 3R Draft Pick - ngernenz,2027 3R Draft Pick,ngernenz,81.84586694349821,0
jzeigboi,9480,Brenton Strange,Brenton Strange,TE,79.99182432282834,10.049660826595064
Arvs,13417,De'Zhaun Stribling,De'Zhaun Stribling,WR,78.47828417854146,10.638524945793575
joeburrowmvp,12467,Jordan James,Jordan James,RB,78.34531962006206,3.096596009001763
obiwanginobiIi,8136,Rachaad White,Rachaad White,RB,78.24637485611548,14.262867177351565
jzeigboi,10219,Chris Rodriguez Jr.,Chris Rodriguez Jr.,RB,77.73233831928009,11.739020653431355
joeburrowmvp,8154,Brian Robinson Jr.,Brian Robinson Jr.,RB,76.96250787084091,13.113312205922917
Arvs,NA,2027 3R Draft Pick - obiwanginobiIi,2027 3R Draft Pick,obiwanginobiIi,76.34205567783305,0
Gretsch0401,NA,2027 3R Draft Pick - Gretsch0401,2027 3R Draft Pick,Gretsch0401,76.29102424018059,0
jzeigboi,5967,Tony Pollard,Tony Pollard,RB,75.33703161172764,15.18517823738395
Arvs,8110,Jake Ferguson,Jake Ferguson,TE,75.17666887222197,13.398426210176895
Arvs,4199,Aaron Jones,Aaron Jones,RB,75.10797387402579,20.7008574944197
SFOControl,NA,2027 3R Draft Pick - SFOControl,2027 3R Draft Pick,SFOControl,74.58989038174718,0
lukestip,9506,Sean Tucker,Sean Tucker,RB,72.89735549611727,8.531468152837753
obiwanginobiIi,9756,Jordan Addison,Jordan Addison,WR,72.65576986360342,5.076657802172228
ngernenz,12521,Elijah Arroyo,Elijah Arroyo,TE,70.57527775742625,2.8189764014961622
akondratieff,NA,2027 3R Draft Pick - akondratieff,2027 3R Draft Pick,akondratieff,70.56480506254935,0
SFOControl,NA,2028 3R Draft Pick - SFOControl,2028 3R Draft Pick,SFOControl,70.35342564063382,0
Gretsch0401,NA,2028 3R Draft Pick - Gretsch0401,2028 3R Draft Pick,Gretsch0401,70.03666469395043,0
SFOControl,NA,2029 3R Draft Pick - SFOControl,2029 3R Draft Pick,SFOControl,69.30591393714893,0
ElatedBroncosFan,11603,AJ Barner,AJ Barner,TE,69.18943971914172,5.128612329910346
lukestip,11655,Tyrone Tracy Jr.,Tyrone Tracy Jr.,RB,67.84797332501954,7.536733487657239
Arvs,NA,2028 3R Draft Pick - Arvs,2028 3R Draft Pick,Arvs,67.71970728383913,0
ElatedBroncosFan,NA,2027 3R Draft Pick - Arvs,2027 3R Draft Pick,Arvs,67.62139593941906,0
ElatedBroncosFan,1466,Travis Kelce,Travis Kelce,TE,67.37198704195656,41.00670592123866
Gretsch0401,8205,Isiah Pacheco,Isiah Pacheco,RB,67.25859568671105,9.957486345282309
jzeigboi,NA,2028 3R Draft Pick - TheJandyStock,2028 3R Draft Pick,TheJandyStock,67.13760472836255,0
obiwanginobiIi,10232,Michael Wilson,Michael Wilson,WR,66.9478075296199,19.980475255062075
lukestip,11435,Emanuel Wilson,Emanuel Wilson,RB,66.22404852261359,8.931335464492959
jzeigboi,8800,Malik Davis,Malik Davis,RB,65.30234524098216,9.117016903812042
Gretsch0401,NA,2029 3R Draft Pick - Gretsch0401,2029 3R Draft Pick,Gretsch0401,65.0104623629321,0
TheJandyStock,NA,2027 3R Draft Pick - TheJandyStock,2027 3R Draft Pick,TheJandyStock,64.86243988307601,0
Arvs,NA,2029 3R Draft Pick - Arvs,2029 3R Draft Pick,Arvs,64.3535701802425,0
ngernenz,NA,2028 3R Draft Pick - ngernenz,2028 3R Draft Pick,ngernenz,64.00551202632515,0
TheJandyStock,NA,2028 3R Draft Pick - obiwanginobiIi,2028 3R Draft Pick,obiwanginobiIi,63.60819534543355,0
akondratieff,NA,2028 3R Draft Pick - akondratieff,2028 3R Draft Pick,akondratieff,63.53267065266088,0
lukestip,9482,Michael Mayer,Michael Mayer,TE,63.2249092342998,3.1825895413315415
SFOControl,2216,Mike Evans,Mike Evans,WR,63.05612945590833,36.62751396667652
jzeigboi,NA,2027 3R Draft Pick - jzeigboi,2027 3R Draft Pick,jzeigboi,62.73812228762213,0
jzeigboi,NA,2028 3R Draft Pick - jzeigboi,2028 3R Draft Pick,jzeigboi,62.62229207642693,0
Gretsch0401,2133,Davante Adams,Davante Adams,WR,62.553924593336376,56.18862532928536
jzeigboi,10235,Roschon Johnson,Roschon Johnson,RB,62.415193370403024,5.807032237830451
ngernenz,12502,Gunnar Helm,Gunnar Helm,TE,62.3216606155589,4.078727215820517
joeburrowmvp,NA,2029 3R Draft Pick - obiwanginobiIi,2029 3R Draft Pick,obiwanginobiIi,62.27488946167405,0
Gretsch0401,4035,Alvin Kamara,Alvin Kamara,RB,61.74455757295114,11.56043062763609
TheJandyStock,NA,2029 3R Draft Pick - TheJandyStock,2029 3R Draft Pick,TheJandyStock,61.50520785583201,0
Gretsch0401,13278,Max Klare,Max Klare,TE,60.82384454131757,0.45203878891530913
lukestip,NA,2028 3R Draft Pick - lukestip,2028 3R Draft Pick,lukestip,59.98726903793657,0
akondratieff,NA,2029 3R Draft Pick - akondratieff,2029 3R Draft Pick,akondratieff,59.94728739414502,0
ElatedBroncosFan,NA,2027 3R Draft Pick - joeburrowmvp,2027 3R Draft Pick,joeburrowmvp,59.86602446666883,0
ngernenz,NA,2028 3R Draft Pick - ElatedBroncosFan,2028 3R Draft Pick,ElatedBroncosFan,59.35232208981949,0
lukestip,NA,2029 3R Draft Pick - lukestip,2029 3R Draft Pick,lukestip,58.44573474555192,0
SFOControl,6130,Devin Singletary,Devin Singletary,RB,56.99006955809048,9.555753574035444
lukestip,NA,2027 3R Draft Pick - lukestip,2027 3R Draft Pick,lukestip,56.976108099028224,0
obiwanginobiIi,NA,2029 3R Draft Pick - jzeigboi,2029 3R Draft Pick,jzeigboi,56.50447422269003,0
ngernenz,NA,2029 3R Draft Pick - ngernenz,2029 3R Draft Pick,ngernenz,56.34780084651155,0
ElatedBroncosFan,NA,2029 3R Draft Pick - ElatedBroncosFan,2029 3R Draft Pick,ElatedBroncosFan,56.17722523677224,0
caskinner,NA,2029 3R Draft Pick - joeburrowmvp,2029 3R Draft Pick,joeburrowmvp,55.73359250994062,0
joeburrowmvp,NA,2028 3R Draft Pick - joeburrowmvp,2028 3R Draft Pick,joeburrowmvp,55.15752180542591,0
caskinner,5022,Dallas Goedert,Dallas Goedert,TE,53.308402753195246,14.28548349820381
jzeigboi,NA,2027 3R Draft Pick - ElatedBroncosFan,2027 3R Draft Pick,ElatedBroncosFan,52.943765492822266,0
jzeigboi,NA,2029 3R Draft Pick - caskinner,2029 3R Draft Pick,caskinner,52.66301251521545,0
caskinner,NA,2028 3R Draft Pick - caskinner,2028 3R Draft Pick,caskinner,52.559626480929225,0
ElatedBroncosFan,13319,Oscar Delp,Oscar Delp,TE,52.490173310964906,-1.167244162388221
SFOControl,8122,Bam Knight,Bam Knight,RB,52.31021282083523,3.782591099037008
ngernenz,9500,Josh Downs,Josh Downs,WR,52.021757533762255,13.387868898953656
caskinner,NA,2027 3R Draft Pick - caskinner,2027 3R Draft Pick,caskinner,51.22461927475902,0
obiwanginobiIi,5844,T.J. Hockenson,T.J. Hockenson,TE,49.880227359166035,12.721751820946189
lukestip,8142,Alec Pierce,Alec Pierce,WR,49.06372051942545,13.434062689050627
jzeigboi,8210,Chigoziem Okonkwo,Chigoziem Okonkwo,TE,48.44218918167683,5.884711421112602
SFOControl,7002,Juwan Johnson,Juwan Johnson,TE,47.11230377048155,19.44660497874522
ngernenz,13296,Caleb Douglas,Caleb Douglas,WR,46.67366942706192,1.2698674017157958
Arvs,5012,Mark Andrews,Mark Andrews,TE,46.60534491773731,14.25571196742551
obiwanginobiIi,13276,Omar Cooper Jr.,Omar Cooper Jr.,WR,45.71618762409537,0.7418614830046744
akondratieff,3214,Hunter Henry,Hunter Henry,TE,42.57389812871445,11.593196712388162
caskinner,5927,Terry McLaurin,Terry McLaurin,WR,38.08139613016041,20.197223261213654
ElatedBroncosFan,5846,DK Metcalf,DK Metcalf,WR,36.859687644815025,17.742340106883788
Arvs,11624,Xavier Worthy,Xavier Worthy,WR,36.572716908579615,1.8804076228988416
akondratieff,4066,Evan Engram,Evan Engram,TE,33.82078212635152,7.235097788513691
ngernenz,13311,Chris Bell,Chris Bell,WR,33.78872123576726,-2.4743187724049833
TheJandyStock,2449,Stefon Diggs,Stefon Diggs,WR,33.27659777764067,16.201368899678037
obiwanginobiIi,13293,Ja'Kobi Lane,Ja'Kobi Lane,WR,32.62879045119456,-2.4989692786381728
joeburrowmvp,13301,Antonio Williams,Antonio Williams,WR,30.7377060420657,-2.4743187724049833
Gretsch0401,13285,Malachi Fields,Malachi Fields,WR,28.035767347443524,-0.5529663561550945
Arvs,4037,Chris Godwin,Chris Godwin,WR,27.820016996361908,11.960315227624466
TheJandyStock,8126,Wan'Dale Robinson,Wan'Dale Robinson,WR,27.45261908434077,4.945915230769766
ngernenz,12484,Jayden Higgins,Jayden Higgins,WR,27.329885583,2.7392994218493896
caskinner,9754,Quentin Johnston,Quentin Johnston,WR,26.840382420052073,6.85761380397026
joeburrowmvp,4993,Mike Gesicki,Mike Gesicki,TE,26.635038058812633,4.768926576003781
TheJandyStock,13401,Michael Trigg,Michael Trigg,TE,26.170266518225148,-1.2145037024129888
joeburrowmvp,96,Aaron Rodgers,Aaron Rodgers,QB,26.080947849003675,23.012601043238536
joeburrowmvp,10222,Jayden Reed,Jayden Reed,WR,25.307387012285343,-4.676484445175097
akondratieff,6819,Michael Pittman Jr.,Michael Pittman Jr.,WR,24.097018662941924,0.7903256781398014
jzeigboi,8134,Khalil Shakir,Khalil Shakir,WR,23.73625741768979,-0.745645047910525
ElatedBroncosFan,13320,Zachariah Branch,Zachariah Branch,WR,23.502406110994144,-3.078961002420349
joeburrowmvp,9486,Dontayvion Wicks,Dontayvion Wicks,WR,23.002951158933243,3.1866828009946
lukestip,12492,Pat Bryant,Pat Bryant,WR,22.64060429117189,1.6609538848916734
akondratieff,12530,Travis Hunter,Travis Hunter,WR,21.94068764438148,-0.02129931993085986
jzeigboi,13413,Cyrus Allen,Cyrus Allen,WR,21.71841564557284,0.4539131316521584
caskinner,5045,Courtland Sutton,Courtland Sutton,WR,21.397235866213684,8.391494242359366
jzeigboi,13268,Elijah Sarratt,Elijah Sarratt,WR,21.308971825167372,0.12756402196518385
lukestip,13317,Ted Hurst,Ted Hurst,WR,20.70548947234582,-4.965353814974524
ngernenz,9504,Kayshon Boutte,Kayshon Boutte,WR,20.63443415896606,1.8097680829643608
SFOControl,13274,Germie Bernard,Germie Bernard,WR,20.016410724167766,-2.4417786326220936
Gretsch0401,12499,Elic Ayomanor,Elic Ayomanor,WR,19.90634566227989,-0.2465454218444627
ElatedBroncosFan,11618,Jalen McMillan,Jalen McMillan,WR,19.63065784573907,2.4439847270315274
lukestip,11625,Adonai Mitchell,Adonai Mitchell,WR,19.467609651721013,1.0447254670385615
TheJandyStock,12509,Tre Harris,Tre Harris,WR,19.326157352771755,1.8081780180647429
SFOControl,5872,Deebo Samuel Sr.,Deebo Samuel Sr.,WR,18.770395450478414,7.219972884037093
Gretsch0401,8121,Romeo Doubs,Romeo Doubs,WR,18.679424311047836,1.160134917695708
joeburrowmvp,13402,Skyler Bell,Skyler Bell,WR,18.265397682788805,1.4450914574336575
jzeigboi,12535,Isaac TeSlaa,Isaac TeSlaa,WR,17.965524908723275,2.106480775773961
ElatedBroncosFan,10213,Tre Tucker,Tre Tucker,WR,17.911879225126224,1.7538463795015855
ngernenz,11610,Malik Washington,Malik Washington,WR,17.189021342147033,1.7070984707244656
Gretsch0401,5947,Jakobi Meyers,Jakobi Meyers,WR,16.89193062741701,6.272191115269617
ngernenz,13411,Zavion Thomas,Zavion Thomas,WR,16.263881517877692,-3.5902957051986597
lukestip,12483,Jack Bech,Jack Bech,WR,16.150004585579175,0.7550640257967565
TheJandyStock,8180,Jalen Nailor,Jalen Nailor,WR,15.55541276239436,3.9802028292703104
jzeigboi,11834,Devaughn Vele,Devaughn Vele,WR,14.44822338033181,6.03485083662744
ngernenz,13353,Chris Brazzell II,Chris Brazzell II,WR,14.303396964763325,-2.4411336536694495
jzeigboi,1479,Keenan Allen,Keenan Allen,WR,13.970920352521468,1.5590377772326476
obiwanginobiIi,10218,Xavier Hutchinson,Xavier Hutchinson,WR,13.908408130219128,0.1153784128336362
caskinner,11638,Ricky Pearsall,Ricky Pearsall,WR,13.615905850374896,0.6271195399358082
jzeigboi,9502,Tank Dell,Tank Dell,WR,13.154254011010964,1.6225820438787704
Arvs,8676,Rashid Shaheed,Rashid Shaheed,WR,12.894765986417342,2.314661746827135
ngernenz,11783,Ryan Flournoy,Ryan Flournoy,WR,12.24157571948647,1.265891529376095
jzeigboi,4039,Cooper Kupp,Cooper Kupp,WR,11.890433322521218,2.4667266476180267
TheJandyStock,4981,Calvin Ridley,Calvin Ridley,WR,8.91973506778491,2.1653920608199546
Gretsch0401,3321,Tyreek Hill,Tyreek Hill,WR,8.148345277491977,0.3755770319436814
akondratieff,4454,Kendrick Bourne,Kendrick Bourne,WR,7.307565195012202,1.8269989663853636
TheJandyStock,13394,Josh Cameron,Josh Cameron,WR,7.204337399303263,-3.4343969178521183
akondratieff,3634,Kalif Raymond,Kalif Raymond,WR,6.745184048960358,0.2094223016704149
SFOControl,5848,Hollywood Brown,Hollywood Brown,WR,4.933275852338623,2.5082697618696135
joeburrowmvp,6650,Chase McLaughlin,Chase McLaughlin,K,0,0
joeburrowmvp,HOU,Houston Texans,Houston Texans,DST,0,0
joeburrowmvp,KC,Kansas City Chiefs,Kansas City Chiefs,DST,0,0
SFOControl,331,Philip Rivers,Philip Rivers,QB,0,0
SFOControl,5095,Daniel Carlson,Daniel Carlson,K,0,0
SFOControl,5189,Eddy Pineiro,Eddy Pineiro,K,0,0
SFOControl,7042,Tyler Bass,Tyler Bass,K,0,0
SFOControl,BUF,Buffalo Bills,Buffalo Bills,DST,0,0
SFOControl,DET,Detroit Lions,Detroit Lions,DST,0,0
lukestip,4195,Jake Elliott,Jake Elliott,K,0,0
lukestip,MIN,Minnesota Vikings,Minnesota Vikings,DST,0,0
caskinner,12711,Tyler Loop,Tyler Loop,K,0,0
caskinner,TB,Tampa Bay Buccaneers,Tampa Bay Buccaneers,DST,0,0
ngernenz,11786,Cam Little,Cam Little,K,0,0
ngernenz,GB,Green Bay Packers,Green Bay Packers,DST,0,0
jzeigboi,8259,Cameron Dicker,Cameron Dicker,K,0,0
jzeigboi,BAL,Baltimore Ravens,Baltimore Ravens,DST,0,0
ElatedBroncosFan,7839,Evan McPherson,Evan McPherson,K,0,0
ElatedBroncosFan,SF,San Francisco 49ers,San Francisco 49ers,DST,0,0
obiwanginobiIi,11539,Jake Bates,Jake Bates,K,0,0
obiwanginobiIi,DEN,Denver Broncos,Denver Broncos,DST,0,0
Arvs,3451,Ka'imi Fairbairn,Ka'imi Fairbairn,K,0,0
Arvs,SEA,Seattle Seahawks,Seattle Seahawks,DST,0,0
Gretsch0401,11533,Brandon Aubrey,Brandon Aubrey,K,0,0
Gretsch0401,2747,Jason Myers,Jason Myers,K,0,0
Gretsch0401,PHI,Philadelphia Eagles,Philadelphia Eagles,DST,0,0
akondratieff,2020,Cairo Santos,Cairo Santos,K,0,0
akondratieff,LAR,Los Angeles Rams,Los Angeles Rams,DST,0,0
TheJandyStock,1945,Chris Boswell,Chris Boswell,K,0,0
TheJandyStock,4227,Harrison Butker,Harrison Butker,K,0,0
TheJandyStock,8137,George Pickens,George Pickens,WR,0,0
TheJandyStock,PIT,Pittsburgh Steelers,Pittsburgh Steelers,DST,0,0
joeburrowmvp,NA,2030 1R Draft Pick - joeburrowmvp,2030 1R Draft Pick,joeburrowmvp,0,0
SFOControl,NA,2030 1R Draft Pick - SFOControl,2030 1R Draft Pick,SFOControl,0,0
lukestip,NA,2030 1R Draft Pick - lukestip,2030 1R Draft Pick,lukestip,0,0
caskinner,NA,2030 1R Draft Pick - caskinner,2030 1R Draft Pick,caskinner,0,0
ngernenz,NA,2030 1R Draft Pick - ngernenz,2030 1R Draft Pick,ngernenz,0,0
jzeigboi,NA,2030 1R Draft Pick - jzeigboi,2030 1R Draft Pick,jzeigboi,0,0
ElatedBroncosFan,NA,2030 1R Draft Pick - ElatedBroncosFan,2030 1R Draft Pick,ElatedBroncosFan,0,0
obiwanginobiIi,NA,2030 1R Draft Pick - obiwanginobiIi,2030 1R Draft Pick,obiwanginobiIi,0,0
Arvs,NA,2030 1R Draft Pick - Arvs,2030 1R Draft Pick,Arvs,0,0
Gretsch0401,NA,2030 1R Draft Pick - Gretsch0401,2030 1R Draft Pick,Gretsch0401,0,0
akondratieff,NA,2030 1R Draft Pick - akondratieff,2030 1R Draft Pick,akondratieff,0,0
TheJandyStock,NA,2030 1R Draft Pick - TheJandyStock,2030 1R Draft Pick,TheJandyStock,0,0
joeburrowmvp,NA,2030 2R Draft Pick - joeburrowmvp,2030 2R Draft Pick,joeburrowmvp,0,0
SFOControl,NA,2030 2R Draft Pick - SFOControl,2030 2R Draft Pick,SFOControl,0,0
lukestip,NA,2030 2R Draft Pick - lukestip,2030 2R Draft Pick,lukestip,0,0
caskinner,NA,2030 2R Draft Pick - caskinner,2030 2R Draft Pick,caskinner,0,0
ngernenz,NA,2030 2R Draft Pick - ngernenz,2030 2R Draft Pick,ngernenz,0,0
jzeigboi,NA,2030 2R Draft Pick - jzeigboi,2030 2R Draft Pick,jzeigboi,0,0
ElatedBroncosFan,NA,2030 2R Draft Pick - ElatedBroncosFan,2030 2R Draft Pick,ElatedBroncosFan,0,0
obiwanginobiIi,NA,2030 2R Draft Pick - obiwanginobiIi,2030 2R Draft Pick,obiwanginobiIi,0,0
Arvs,NA,2030 2R Draft Pick - Arvs,2030 2R Draft Pick,Arvs,0,0
Gretsch0401,NA,2030 2R Draft Pick - Gretsch0401,2030 2R Draft Pick,Gretsch0401,0,0
akondratieff,NA,2030 2R Draft Pick - akondratieff,2030 2R Draft Pick,akondratieff,0,0
TheJandyStock,NA,2030 2R Draft Pick - TheJandyStock,2030 2R Draft Pick,TheJandyStock,0,0
joeburrowmvp,NA,2030 3R Draft Pick - joeburrowmvp,2030 3R Draft Pick,joeburrowmvp,0,0
SFOControl,NA,2030 3R Draft Pick - SFOControl,2030 3R Draft Pick,SFOControl,0,0
lukestip,NA,2030 3R Draft Pick - lukestip,2030 3R Draft Pick,lukestip,0,0
caskinner,NA,2030 3R Draft Pick - caskinner,2030 3R Draft Pick,caskinner,0,0
ngernenz,NA,2030 3R Draft Pick - ngernenz,2030 3R Draft Pick,ngernenz,0,0
jzeigboi,NA,2030 3R Draft Pick - jzeigboi,2030 3R Draft Pick,jzeigboi,0,0
ElatedBroncosFan,NA,2030 3R Draft Pick - ElatedBroncosFan,2030 3R Draft Pick,ElatedBroncosFan,0,0
obiwanginobiIi,NA,2030 3R Draft Pick - obiwanginobiIi,2030 3R Draft Pick,obiwanginobiIi,0,0
Arvs,NA,2030 3R Draft Pick - Arvs,2030 3R Draft Pick,Arvs,0,0
Gretsch0401,NA,2030 3R Draft Pick - Gretsch0401,2030 3R Draft Pick,Gretsch0401,0,0
akondratieff,NA,2030 3R Draft Pick - akondratieff,2030 3R Draft Pick,akondratieff,0,0
TheJandyStock,NA,2030 3R Draft Pick - TheJandyStock,2030 3R Draft Pick,TheJandyStock,0,0
