trade_id,team_name,season,total_trade_value,total_future_value,total_realized_value
1,TheJandyStock,2024,-44.0926150997938,-56.99006955809048,10.047950980392159
1,jzeigboi,2024,44.0926150997938,56.99006955809048,-10.047950980392159
2,caskinner,2024,118.17276764386952,124.39238699354689,0
2,joeburrowmvp,2024,68.52964097850474,72.13646418789972,0
2,obiwanginobiIi,2024,-186.70240862237426,-196.5288511814466,0
3,ElatedBroncosFan,2024,8.708490937789534,-390.4066483336567,414.39768627450974
3,joeburrowmvp,2024,-5.477331778509594,390.4066483336567,-414.39768627450974
4,ElatedBroncosFan,2024,-555.1737502653989,-213.20834393261813,-352.6258235294117
4,caskinner,2024,555.1737502653989,213.2083439326181,352.6258235294117
5,joeburrowmvp,2024,-118.56839114322949,-60.061835878322015,-61.50964705882359
5,jzeigboi,2024,118.56839114322952,60.06183587832203,61.509647058823575
6,SFOControl,2024,-30.180900902811373,-23.39060776147329,-7.959823529411766
6,jzeigboi,2024,2.3786690028176167,-43.69417710745722,43.88813725490197
6,obiwanginobiIi,2024,27.802231899993757,67.08478486893051,-35.928313725490206
7,ElatedBroncosFan,2024,-265.67907124412187,-192.500129680973,-48.00106862745098
7,caskinner,2024,268.91023040340167,192.50012968097303,48.00106862745098
8,SFOControl,2024,-95.1928368750859,-126.82579320184482,25.29166666666667
8,TheJandyStock,2024,95.1928368750859,126.82579320184482,-25.29166666666667
9,ElatedBroncosFan,2024,744.5347960955316,908.7035800057622,-83.93072549019604
9,SFOControl,2024,-741.3036369362518,-908.7035800057622,83.93072549019608
10,ElatedBroncosFan,2024,211.67062698638,214.16494275140104,8.213931372549016
10,obiwanginobiIi,2024,-211.67062698638,-214.16494275140104,-8.213931372549016
11,caskinner,2024,-5.31519607843137,0,-5.31519607843137
11,obiwanginobiIi,2024,5.31519607843137,0,5.31519607843137
12,ElatedBroncosFan,2024,517.5556468735095,369.214550888524,166.80182352941176
12,joeburrowmvp,2024,-517.5556468735097,-369.21455088852406,-166.80182352941176
13,Arvs,2024,-131.782999508292,-122.36378689211335,-15.537401960784312
13,ElatedBroncosFan,2024,131.782999508292,122.36378689211335,15.537401960784312
14,joeburrowmvp,2024,558.4103482264378,277.36752924701733,256.8771568627451
14,ngernenz,2024,-555.179189067158,-277.3675292470173,-256.8771568627451
15,TheJandyStock,2024,72.22531771154405,76.02665022267792,0
15,obiwanginobiIi,2024,-72.22531771154405,-76.02665022267792,0
16,ElatedBroncosFan,2024,-363.50893154172456,-277.9444480624964,-99.46170588235296
16,obiwanginobiIi,2024,363.5089315417245,277.94444806249635,99.46170588235296
17,jzeigboi,2024,-269.98696467823015,-219.03047881506168,-61.908009803921566
17,obiwanginobiIi,2024,269.98696467823015,219.0304788150617,61.908009803921566
18,Arvs,2024,62.74733943816989,-40.500282531544656,101.22260784313727
18,caskinner,2024,-62.74733943816989,40.500282531544656,-101.22260784313727
19,caskinner,2024,-273.65842339505764,-184.20186982761487,-98.66664705882353
19,jzeigboi,2024,273.65842339505764,184.20186982761487,98.66664705882353
20,Arvs,2024,52.280813907216,156.94361423477983,-62.0127401960784
20,caskinner,2024,-49.04965474793623,-156.9436142347799,62.01274019607831
21,Arvs,2024,-213.2947855150407,-124.1278268495357,-60.57047058823531
21,ElatedBroncosFan,2024,216.5259446743205,124.1278268495357,60.57047058823531
22,Arvs,2024,4.776617647058822,0,4.776617647058822
22,obiwanginobiIi,2024,-4.776617647058822,0,-4.776617647058822
23,akondratieff,2024,28.203057172137846,5.680442018143054,22.806637254901965
23,ngernenz,2024,217.45811908513775,220.3061728243968,8.167254901960781
23,obiwanginobiIi,2024,-245.6611762572756,-225.98661484253984,-30.973892156862746
24,Arvs,2024,-285.687762583751,92.8374428942974,-373.8833333333334
24,ElatedBroncosFan,2024,285.6877625837511,-92.8374428942974,373.88333333333344
25,Arvs,2024,-7.415891579348916,48.38837006095368,-53.38484313725491
25,akondratieff,2024,7.415891579348916,-48.38837006095368,53.38484313725491
26,Gretsch0401,2024,-300.9559976165091,-264.17767550963805,-49.987205882352924
26,ngernenz,2024,300.9559976165091,264.17767550963805,49.987205882352924
27,TheJandyStock,2025,-6.6137649341728775,-6.961857825445122,0
27,obiwanginobiIi,2025,6.613764934172892,6.961857825445136,0
28,TheJandyStock,2025,-37.36532689940899,-41.83137609638512,2.374480392156869
28,ngernenz,2025,37.36532689940899,41.83137609638512,-2.374480392156869
29,ElatedBroncosFan,2025,-21.50111763733848,27.62246065136449,-7.595029411764704
29,akondratieff,2025,28.985734732509293,-27.6224606513645,7.595029411764704
30,akondratieff,2025,-16.983189100684157,22.715987077976934,1.584049019607832
30,joeburrowmvp,2025,24.467806195854948,-22.715987077976934,-1.5840490196078338
31,caskinner,2025,-4.4711092230757,-4.706430761132339,0
31,obiwanginobiIi,2025,4.471109223075686,4.706430761132353,0
32,joeburrowmvp,2025,91.44007141967381,96.25270675755144,0
32,ngernenz,2025,-91.44007141967381,-96.25270675755144,0
33,ElatedBroncosFan,2025,-315.21552853246044,-273.00808988968976,-55.8578431372549
33,joeburrowmvp,2025,315.2155285324604,273.00808988969,55.85784313725492
34,ElatedBroncosFan,2025,334.3092033188219,384.3547547834865,-30.82781372549019
34,SFOControl,2025,-334.3092033188219,-384.3547547834865,30.82781372549019
35,ElatedBroncosFan,2025,-67.34974650301618,-95.48008403826267,23.35633333333334
35,jzeigboi,2025,67.3497465030162,95.48008403826267,-23.35633333333334
36,Arvs,2025,-272.0993697765266,-228.8851731793598,-14.511029411764703
36,jzeigboi,2025,279.58398687169733,228.8851731793598,14.511029411764703
37,Gretsch0401,2025,37.55567223527322,22.242234963858266,16.425549019607857
37,caskinner,2025,-37.55567223527324,-22.24223496385825,-16.425549019607857
38,Arvs,2025,3.8060774403440973,173.7715933840568,-161.2769362745098
38,ElatedBroncosFan,2025,-3.8060774403440405,-173.7715933840568,161.2769362745098
39,SFOControl,2025,0,0,0
39,obiwanginobiIi,2025,0,0,0
40,ElatedBroncosFan,2025,-33.86967974462891,-36.708218100641375,1.003127450980391
40,ngernenz,2025,33.86967974462891,36.70821810064143,-1.003127450980391
41,Arvs,2025,107.12862982212998,109.42238639687574,3.1773627450980406
41,joeburrowmvp,2025,-107.12862982213,-109.42238639687574,-3.1773627450980406
42,Arvs,2025,20.725244359482588,12.836459490889826,8.530607843137254
42,jzeigboi,2025,-20.725244359482588,-12.836459490889826,-8.530607843137254
43,Arvs,2025,-306.47489660463674,-291.95879275074515,11.033382352941178
43,ElatedBroncosFan,2025,313.95951369980753,291.95879275074515,-11.033382352941178
44,ElatedBroncosFan,2025,-279.5700067665739,-327.65479556440175,31.70204901960785
44,ngernenz,2025,279.5700067665739,327.65479556440175,-31.70204901960785
45,ElatedBroncosFan,2025,-18.346557816920324,-20.760029900163815,1.3754705882352931
45,ngernenz,2025,18.346557816920324,20.760029900163815,-1.3754705882352931
46,jzeigboi,2025,81.75073657584082,-52.740446327114626,84.22211764705881
46,obiwanginobiIi,2025,-74.26611948067007,52.74044632711454,-84.22211764705882
47,Arvs,2025,-64.85876918788051,-87.27910688507546,18.056382352941178
47,ngernenz,2025,64.85876918788051,87.27910688507546,-18.056382352941178
48,caskinner,2025,-7.91893137638381,-32.65465428680237,23.102990196078437
48,ngernenz,2025,7.91893137638381,32.65465428680234,-23.102990196078437
49,Arvs,2025,-173.78306112815454,-76.27937873009304,-61.170225490196074
49,jzeigboi,2025,181.2676782233253,76.27937873009307,61.170225490196074
50,Arvs,2026,137.09000488126526,103.23158408554241,39.019999999999996
50,caskinner,2026,-137.09000488126526,-103.23158408554242,-39.019999999999996
52,jzeigboi,2026,-136.51338549669828,-143.6983005228403,0
52,ngernenz,2026,136.51338549669828,143.6983005228403,0
53,Arvs,2026,403.1256609699381,470.42214633249546,0.2400000000000091
53,joeburrowmvp,2026,-395.0669544892868,-470.42214633249534,-0.2400000000000091
54,Arvs,2026,3.886544754316084,10.177462596752804,38.233333333333334
54,jzeigboi,2026,4.172161726335162,-10.17746259675286,-38.233333333333334
55,caskinner,2026,4.66144453778837,4.906783723987758,0
55,joeburrowmvp,2026,10.149331818055828,10.683507176900875,0
55,jzeigboi,2026,-7.148325871022465,-7.5245535484447,0
55,obiwanginobiIi,2026,-7.662450484821733,-8.065737352443932,0
56,ElatedBroncosFan,2026,267.91083241662886,309.52894640346904,-26.141666666666673
56,joeburrowmvp,2026,-267.91083241662886,-309.52894640346904,26.141666666666673
57,akondratieff,2026,11.972616836949612,12.602754565210148,0
57,ngernenz,2026,-11.972616836949612,-12.602754565210148,0
58,ElatedBroncosFan,2026,96.79861587128016,158.94806377250444,-10.186666666666664
58,joeburrowmvp,2026,-88.73990939062892,-158.9480637725044,10.186666666666667
59,ElatedBroncosFan,2026,-82.85012866038603,-87.21066174777478,0
59,ngernenz,2026,82.85012866038603,87.21066174777478,0
60,ElatedBroncosFan,2026,-118.54039903811429,-78.44739051808608,0
60,ngernenz,2026,126.59910551876558,78.44739051808608,0
