name,pick_no,median,lower,upper,Total Value
Caleb Williams,1,385.2112702612889,110.51392490007412,654.7605245675195,365.5
Cameron Ward,1,385.2112702612889,110.51392490007412,654.7605245675195,271.74
Marvin Harrison Jr.,2,346.1295836023153,92.18017441358091,591.4701243167308,241.29
Travis Hunter,2,346.1295836023153,92.18017441358091,591.4701243167308,234.26
Malik Nabers,3,315.1189628142125,73.99591444954484,555.4930823219357,400.81
Ashton Jeanty,3,315.1189628142125,73.99591444954484,555.4930823219357,354.34
Jayden Daniels,4,294.78090849270893,64.4186247716364,525.0894451023411,471.5
Omarion Hampton,4,294.78090849270893,64.4186247716364,525.0894451023411,340.36
Brock Bowers,5,271.33546380347275,35.862864510199074,500.7894006371711,422.72
Tetairoa McMillan,5,271.33546380347275,35.862864510199074,500.7894006371711,265.32
Rome Odunze,6,253.7703108112472,25.046590318584,486.7486640193258,211.02
Emeka Egbuka,6,253.7703108112472,25.046590318584,486.7486640193258,250.56
J.J. McCarthy,7,242.87945174822403,10.610888165326962,470.46676764108247,151.45
Matthew Golden,7,242.87945174822403,10.610888165326962,470.46676764108247,74.95
Drake Maye,8,226.0794797408616,-2.7737180848072573,461.347163180948,530.52
Tyler Warren,8,226.0794797408616,-2.7737180848072573,461.347163180948,253.16
Xavier Worthy,9,213.12211269558625,-18.93116091642546,443.0727675277512,79.56
TreVeyon Henderson,9,213.12211269558625,-18.93116091642546,443.0727675277512,324.05
Jonathon Brooks,10,204.8411951704832,-21.09257025504803,421.8044068038328,113.29
Quinshon Judkins,10,204.8411951704832,-21.09257025504803,421.8044068038328,303.03
Trey Benson,11,190.9631865834089,-38.31410894314199,416.240607264403,162.47
Colston Loveland,11,190.9631865834089,-38.31410894314199,416.240607264403,216.47
Brian Thomas Jr.,12,181.9708901225473,-38.446348232146015,402.9119359066081,287.28
RJ Harvey,12,181.9708901225473,-38.446348232146015,402.9119359066081,257.85
Keon Coleman,13,171.92521408205715,-51.18083296521248,394.5424317772314,17.09
Cam Skattebo,13,171.92521408205715,-51.18083296521248,394.5424317772314,283.01
Bo Nix,14,164.3447162993793,-53.389670483798064,392.74923719995144,376.31
Jayden Higgins,14,164.3447162993793,-53.389670483798064,392.74923719995144,82.66
Michael Penix Jr.,15,157.14139935529693,-64.17676527454756,371.9512637125435,146.7
Kaleb Johnson,15,157.14139935529693,-64.17676527454756,371.9512637125435,141.82
Ladd McConkey,16,146.42021360992536,-64.46999039205753,361.7216213555468,268.22
Jaxson Dart,16,146.42021360992536,-64.46999039205753,361.7216213555468,329.31
Adonai Mitchell,17,141.90354799300542,-67.58439000788323,347.92487790622283,19.33
Tre Harris,17,141.90354799300542,-67.58439000788323,347.92487790622283,21.03
Blake Corum,18,135.95098141782705,-75.72461853834113,348.2112587338602,123.63
Luther Burden,18,135.95098141782705,-75.72461853834113,348.2112587338602,180.62
Xavier Legette,19,128.11951573619422,-78.5001509694113,335.7471145534524,4.87
Jack Bech,19,128.11951573619422,-78.5001509694113,335.7471145534524,11.37
Ja'Lynn Polk,20,122.41904422348844,-86.24628419614314,329.6500632879904,11.35
Jalen Milroe,20,122.41904422348844,-86.24628419614314,329.6500632879904,81.3
MarShawn Lloyd,21,114.22954054924227,-85.39678274263665,314.1267368330417,76.31
Tyler Shough,21,114.22954054924227,-85.39678274263665,314.1267368330417,107.15
Roman Wilson,22,109.10443885809744,-87.78072720300221,312.44571893623345,14.23
Shedeur Sanders,22,109.10443885809744,-87.78072720300221,312.44571893623345,109.47
Ricky Pearsall,23,104.84001148333168,-98.28707486910108,297.86153878549476,65.93
Kyle Williams,23,104.84001148333168,-98.28707486910108,297.86153878549476,18.38
Ben Sinnott,24,99.0539053301594,-94.17816210470048,294.7004003083684,24.96
Jaylin Noel,24,99.0539053301594,-94.17816210470048,294.7004003083684,17.42
Kimani Vidal,25,95.793529402584,-94.52862875313932,287.5838001603225,109.96
Mason Taylor,25,95.793529402584,-94.52862875313932,287.5838001603225,93.9
Jermaine Burton,26,90.30054274496187,-97.9342911400107,276.0969603432363,10.76
Bhayshul Tuten,26,90.30054274496187,-97.9342911400107,276.0969603432363,148.54
Jaylen Wright,27,86.78826072754106,-100.32333295494982,274.65802290993616,89.55
Terrance Ferguson,27,86.78826072754106,-100.32333295494982,274.65802290993616,46.2
Ja'Tavion Sanders,28,85.59232324098002,-98.81500609656284,271.7466238450713,27.7
Jalen Royals,28,85.59232324098002,-98.81500609656284,271.7466238450713,10.17
Ray Davis,29,76.25174377781727,-104.57370655171664,255.18063286485352,71.85
Jaydon Blue,29,76.25174377781727,-104.57370655171664,255.18063286485352,108.36
Troy Franklin,30,75.3338856528253,-100.4181124190766,247.68334651523512,53.98
Pat Bryant,30,75.3338856528253,-100.4181124190766,247.68334651523512,21.99
Bucky Irving,31,71.17931659818626,-105.39402650144224,244.1605151127912,391.31
Devin Neal,31,71.17931659818626,-105.39402650144224,244.1605151127912,137.93
Braelon Allen,32,68.65146996541863,-103.74363980915122,245.1862691598984,144.82
Elijah Arroyo,32,68.65146996541863,-103.74363980915122,245.1862691598984,45.82
Jalen McMillan,33,67.69420626256124,-107.207491412544,241.27887621123003,13.53
Harold Fannin,33,67.69420626256124,-107.207491412544,241.27887621123003,219.41
Cody Schrader,34,62.806964694499584,-106.13646044764872,232.7063334283697,0
Elic Ayomanor,34,62.806964694499584,-106.13646044764872,232.7063334283697,35.91
Malachi Corley,35,59.01936585543528,-114.54161731428664,225.40366903162996,11.41
Dylan Sampson,35,59.01936585543528,-114.54161731428664,225.40366903162996,174.67
Audric Estime,36,57.657908291540274,-111.6203404777047,228.7826439468502,81.14
Will Howard,36,57.657908291540274,-111.6203404777047,228.7826439468502,65.71
