roster_id,player_id,name,position,future_value,avenue
6,4984,Josh Allen,QB,768.7361576822256,initial draft pick 1
11,4881,Lamar Jackson,QB,642.2716083142973,initial draft pick 9
1,11560,Caleb Williams,QB,605.4995575606326,2024 rookie draft pick 1
4,6770,Joe Burrow,QB,598.2434487822261,initial draft pick 8
6,9221,Jahmyr Gibbs,RB,556.0059806448297,initial draft pick 24
1,9509,Bijan Robinson,RB,552.9891246765209,2026 W1 trade
7,11564,Drake Maye,QB,551.7529545286834,2024 W8 trade
10,11566,Jayden Daniels,QB,541.1659169549382,2024 rookie draft pick 4
7,7523,Trevor Lawrence,QB,534.7074386197735,2026 W2 trade
8,12508,Jaxson Dart,QB,534.5722140935579,2025 W2 transaction
11,13287,Jeremiyah Love,RB,508.04644716207656,2026 rookie draft pick 1
6,6904,Jalen Hurts,QB,484.6625367023604,2025 W11 trade
2,8183,Brock Purdy,QB,479.4132426751564,initial draft pick 11
5,6797,Justin Herbert,QB,479.2226066888847,2026 W2 trade
7,9488,Jaxon Smith-Njigba,WR,474.6944841549828,2025 W5 trade
3,11604,Brock Bowers,TE,456.29167847402783,2024 rookie draft pick 5
1,7564,Ja'Marr Chase,WR,455.43861120135824,2024 W9 trade
8,12507,Omarion Hampton,RB,445.8048668465553,2025 rookie draft pick 4
2,4046,Patrick Mahomes,QB,444.94652377148145,2024 W8 trade
3,13269,Fernando Mendoza,QB,442.6703024139181,2026 rookie draft pick 2
4,8130,Trey McBride,TE,440.8916235441228,initial draft pick 41
6,12517,Colston Loveland,TE,427.91637043159807,2025 rookie draft pick 11
7,12527,Ashton Jeanty,RB,427.594643617144,2026 W1 trade
8,11563,Bo Nix,QB,423.12266140271066,2024 W9 trade
12,6804,Jordan Love,QB,403.4832925503064,initial draft pick 18
12,12545,Tyler Shough,QB,391.80999428599625,2025 rookie draft pick 21
4,7547,Amon-Ra St. Brown,WR,390.99841640391475,initial draft pick 17
1,12518,Tyler Warren,TE,371.9126524119444,2025 rookie draft pick 8
5,NA,2027 1R Draft Pick,ngernenz,371.0192973956053,own pick
4,6813,Jonathan Taylor,RB,363.51833930090015,2024 W10 trade
7,9493,Puka Nacua,WR,362.96289555193226,2024 W1 trade
2,9226,De'Von Achane,RB,362.2440413192726,initial draft pick 35
6,11632,Malik Nabers,WR,359.3135003956349,2026 W1 trade
9,9228,Bryce Young,QB,353.5518803699658,2026 W1 trade
3,8151,Kenneth Walker III,RB,350.6551583600188,initial draft pick 44
4,12522,Cameron Ward,QB,348.59452005429495,2026 W1 trade
4,8138,James Cook,RB,342.7923337645754,initial draft pick 60
12,NA,2027 1R Draft Pick,obiwanginobiIi,340.5857288086021,2024 W9 trade
10,NA,2027 1R Draft Pick,Gretsch0401,339.872026185442,own pick
3,3294,Dak Prescott,QB,338.5434843096416,initial draft pick 20
10,9758,C.J. Stroud,QB,335.03667355864377,initial draft pick 4
12,12506,Harold Fannin,TE,333.6316438612887,2025 rookie draft pick 33
1,NA,2027 1R Draft Pick,SFOControl,331.04681266621634,2025 W3 trade
9,3163,Jared Goff,QB,317.68633315592916,initial draft pick 27
2,6786,CeeDee Lamb,WR,313.7350622470997,initial draft pick 14
7,NA,2028 1R Draft Pick,SFOControl,313.6498454297234,2025 W3 trade
10,NA,2028 1R Draft Pick,Gretsch0401,311.8048713385293,own pick
5,NA,2027 1R Draft Pick,akondratieff,311.0637799803789,2026 W1 trade
2,NA,2029 1R Draft Pick,SFOControl,310.9709189748885,own pick
3,6794,Justin Jefferson,WR,307.8797199096422,initial draft pick 5
4,12526,Tetairoa McMillan,WR,304.8225907481624,2025 rookie draft pick 5
11,13286,Jadarian Price,RB,304.2057256794928,2026 rookie draft pick 5
12,4892,Baker Mayfield,QB,302.8669271483223,initial draft pick 79
7,NA,2028 1R Draft Pick,Arvs,299.58473878915316,2025 W11 trade
12,NA,2028 1R Draft Pick,TheJandyStock,297.2528449116445,own pick
4,NA,2027 1R Draft Pick,Arvs,295.13911010634956,2024 W10 trade
10,NA,2029 1R Draft Pick,Gretsch0401,288.8461381851698,own pick
8,13279,Carnell Tate,WR,287.56135904097545,2026 rookie draft pick 3
4,9224,Chase Brown,RB,285.01957326432876,2025 W5 trade
9,NA,2029 1R Draft Pick,Arvs,284.9352072307415,own pick
8,NA,2027 1R Draft Pick,TheJandyStock,282.5465241898074,2024 W9 trade
7,NA,2028 1R Draft Pick,ngernenz,281.7440880917601,2025 W8 trade
10,12512,Quinshon Judkins,RB,281.7149830151857,2025 rookie draft pick 10
2,8112,Drake London,WR,281.5123434760895,initial draft pick 59
8,NA,2028 1R Draft Pick,obiwanginobiIi,279.3404209908269,own pick
7,13330,Kenyon Sadiq,TE,279.1079907284612,2026 rookie draft pick 7
11,NA,2028 1R Draft Pick,akondratieff,278.895238407839,own pick
3,4943,Sam Darnold,QB,278.4516956794153,2024 W1 transaction
11,12490,Bhayshul Tuten,RB,278.1410400953417,2025 rookie draft pick 26
8,NA,2029 1R Draft Pick,obiwanginobiIi,274.5775906897934,own pick
6,NA,2028 1R Draft Pick,jzeigboi,274.3498941853704,own pick
11,8155,Breece Hall,RB,272.4225823442446,initial draft pick 16
6,NA,2027 1R Draft Pick,jzeigboi,272.3507014965375,own pick
12,NA,2029 1R Draft Pick,TheJandyStock,270.9628791281727,own pick
9,13275,Ty Simpson,QB,263.47054562290907,2026 W1 trade
11,NA,2029 1R Draft Pick,akondratieff,263.00639898079345,own pick
3,NA,2028 1R Draft Pick,lukestip,261.90751586024425,own pick
5,11584,Bucky Irving,RB,260.4643922757307,2024 rookie draft pick 31
5,NA,2027 1R Draft Pick,joeburrowmvp,259.2297211303111,2025 W11 trade
9,12481,Cam Skattebo,RB,259.10789501932237,2025 rookie draft pick 13
5,NA,2028 1R Draft Pick,ElatedBroncosFan,258.9140710591976,2025 W8 trade
3,NA,2029 1R Draft Pick,lukestip,255.9030875705828,own pick
12,12529,TreVeyon Henderson,RB,255.4846840933081,2025 rookie draft pick 9
11,9484,Tucker Kraft,TE,248.292319214518,initial draft pick 177
5,12514,Emeka Egbuka,WR,248.24926423040395,2025 rookie draft pick 6
10,8144,Chris Olave,WR,247.14920013501913,2025 W5 trade
6,NA,2029 1R Draft Pick,jzeigboi,246.52191343955914,own pick
3,NA,2027 1R Draft Pick,lukestip,246.06050387428087,own pick
5,NA,2029 1R Draft Pick,ngernenz,246.00390272359397,own pick
7,NA,2029 1R Draft Pick,ElatedBroncosFan,245.19055750521224,own pick
7,NA,2029 1R Draft Pick,joeburrowmvp,243.42270098700084,2026 W1 trade
12,10859,Sam LaPorta,TE,241.10169959092917,initial draft pick 7
9,NA,2028 1R Draft Pick,joeburrowmvp,239.85160753015342,2026 W1 trade
1,4034,Christian McCaffrey,RB,239.5871357931832,2026 W1 trade
9,13281,Jordyn Tyson,WR,238.694346592999,2026 rookie draft pick 4
12,4866,Saquon Barkley,RB,231.98052171408136,initial draft pick 31
9,NA,2027 1R Draft Pick,ElatedBroncosFan,229.59853838817972,2024 W10 trade
4,NA,2029 1R Draft Pick,caskinner,229.0145634716471,own pick
4,NA,2028 1R Draft Pick,caskinner,228.34260960256373,own pick
8,12519,Luther Burden,WR,227.220996730128,2025 rookie draft pick 18
1,5849,Kyler Murray,QB,225.78478465978455,initial draft pick 23
4,5870,Daniel Jones,QB,224.83082763149272,2024 W12 transaction
9,NA,2027 1R Draft Pick,caskinner,222.15856756461127,2025 W5 trade
7,8161,Malik Willis,QB,219.03626344251776,2025 W17 transaction
3,7588,Javonte Williams,RB,216.9314822940415,initial draft pick 68
12,3198,Derrick Henry,RB,213.04230633807424,initial draft pick 90
7,8150,Kyren Williams,RB,212.5451728880923,2025 W11 trade
7,9487,Parker Washington,WR,207.11784574338293,2025 W9 transaction
4,421,Matthew Stafford,QB,206.8344164690435,initial draft pick 113
8,13294,Makai Lemon,WR,205.55018776320975,2026 rookie draft pick 8
2,8131,Isaiah Likely,TE,203.76236847831305,initial draft pick 134
8,10236,Dalton Kincaid,TE,201.29973218428523,2025 W11 trade
9,8146,Garrett Wilson,WR,200.44338953411312,2025 W11 trade
10,13298,KC Concepcion,WR,199.6088698962508,2026 rookie draft pick 9
6,9997,Zay Flowers,WR,197.80946855403573,2025 W11 trade
9,6790,D'Andre Swift,RB,196.09230315013608,2026 W1 trade
1,7569,Nico Collins,WR,191.24434931133152,2025 W3 trade
9,11620,Rome Odunze,WR,189.4846008158998,2026 W1 trade
5,11635,Ladd McConkey,WR,184.77673236763005,2024 W11 trade
4,13289,Drew Allar,QB,176.23018230903585,2026 W2 transaction
5,7543,Travis Etienne,RB,176.15987542480727,initial draft pick 34
9,11559,Michael Penix Jr.,QB,174.6082473805548,2024 rookie draft pick 15
1,7525,DeVonta Smith,WR,171.7325705806674,2024 W2 trade
3,12501,Matthew Golden,WR,171.61011593824605,2025 rookie draft pick 7
6,13272,Carson Beck,QB,167.0394643539096,2026 rookie draft pick 20
5,NA,2027 2R Draft Pick,ngernenz,165.46882835738813,own pick
1,12524,Shedeur Sanders,QB,160.71398079916315,2025 rookie draft pick 22
6,12534,Kyle Monangai,RB,158.87326515553744,2026 W1 trade
5,NA,2027 2R Draft Pick,obiwanginobiIi,156.22966199395506,2026 W2 trade
10,NA,2027 2R Draft Pick,Gretsch0401,156.18121931362242,own pick
2,NA,2027 2R Draft Pick,SFOControl,153.16794276759,own pick
3,13345,Jonah Coleman,RB,151.62108060336496,2026 rookie draft pick 14
11,8148,Jameson Williams,WR,150.3536075140287,initial draft pick 112
3,11646,Jalen Coker,WR,147.0166115232056,2025 W9 transaction
11,NA,2027 2R Draft Pick,akondratieff,145.79300071631573,own pick
5,11565,J.J. McCarthy,QB,144.38494775695844,2024 rookie draft pick 7
2,NA,2028 2R Draft Pick,SFOControl,143.96175110731357,own pick
7,5892,David Montgomery,RB,143.44980140568924,2026 W1 trade
10,NA,2028 2R Draft Pick,Gretsch0401,143.43108345821724,own pick
9,6801,Tee Higgins,WR,142.78732418188935,2026 W1 trade
11,7526,Jaylen Waddle,WR,141.33974833575422,initial draft pick 33
2,NA,2029 2R Draft Pick,SFOControl,141.1244121824761,own pick
11,11631,Brian Thomas Jr.,WR,140.74066186974872,2024 rookie draft pick 12
5,NA,2027 2R Draft Pick,Arvs,140.2692668324024,2025 W11 trade
6,NA,2028 2R Draft Pick,Arvs,139.5544350317212,2025 W5 trade
6,11586,Blake Corum,RB,139.39832233458924,2025 W1 transaction
8,9229,Anthony Richardson,QB,138.83517218763166,initial draft pick 19
12,10229,Rashee Rice,WR,138.69591914745365,initial draft pick 42
8,NA,2028 2R Draft Pick,TheJandyStock,138.38029317119953,2025 W1 trade
12,11583,Jonathon Brooks,RB,137.43504143967593,2024 rookie draft pick 10
12,NA,2027 2R Draft Pick,TheJandyStock,135.1233918527931,own pick
10,NA,2029 2R Draft Pick,Gretsch0401,133.64665351944257,own pick
7,7553,Kyle Pitts,TE,132.94593256055455,2026 W1 trade
9,NA,2029 2R Draft Pick,Arvs,132.5459809578982,own pick
5,NA,2028 2R Draft Pick,ngernenz,132.41213163524301,own pick
8,3257,Jacoby Brissett,QB,131.90301081470494,2025 W9 transaction
12,NA,2028 2R Draft Pick,obiwanginobiIi,131.81737803607862,2025 W1 trade
11,NA,2028 2R Draft Pick,akondratieff,131.63679088818185,own pick
7,5859,A.J. Brown,WR,131.20344561771714,2025 W4 trade
5,NA,2027 2R Draft Pick,jzeigboi,130.96559382254767,2026 W1 trade
6,NA,2028 2R Draft Pick,jzeigboi,130.23070504634546,own pick
8,NA,2029 2R Draft Pick,obiwanginobiIi,128.7191234792401,own pick
12,NA,2029 2R Draft Pick,TheJandyStock,127.14500369824496,own pick
11,5854,Drew Lock,QB,126.85547800243675,2026 W2 transaction
8,7594,Chuba Hubbard,RB,125.524094012842,initial draft pick 126
9,NA,2027 2R Draft Pick,joeburrowmvp,125.4814737996949,2026 W1 trade
10,7591,Justin Fields,QB,125.12171054562812,initial draft pick 28
3,NA,2028 2R Draft Pick,lukestip,125.11263233808214,own pick
10,8167,Christian Watson,WR,124.82022849020238,initial draft pick 93
11,NA,2029 2R Draft Pick,akondratieff,124.35599928915879,own pick
3,6768,Tua Tagovailoa,QB,124.0765416328192,initial draft pick 29
5,NA,2028 2R Draft Pick,ElatedBroncosFan,123.885595642028,2025 W11 trade
11,13404,Garrett Nussmeier,QB,123.58679517798814,2026 rookie draft pick 25
3,NA,2029 2R Draft Pick,lukestip,121.58188116838282,own pick
3,NA,2027 2R Draft Pick,lukestip,119.83905575811607,own pick
9,1373,Geno Smith,QB,118.95630093354065,2026 W1 transaction
6,NA,2029 2R Draft Pick,jzeigboi,117.95930230691063,own pick
5,NA,2029 2R Draft Pick,ngernenz,117.50728952982398,own pick
7,NA,2029 2R Draft Pick,ElatedBroncosFan,117.32086231694417,own pick
10,2307,Marcus Mariota,QB,117.05988259120592,2025 W3 transaction
1,NA,2029 2R Draft Pick,joeburrowmvp,116.34698026729409,own pick
5,11628,Marvin Harrison Jr.,WR,116.32652438138982,2024 W9 trade
1,NA,2028 2R Draft Pick,joeburrowmvp,115.85094382442894,own pick
1,NA,2027 2R Draft Pick,ElatedBroncosFan,112.31474624458127,2026 W1 trade
1,3161,Carson Wentz,QB,111.9549655234306,2026 W1 transaction
4,NA,2028 2R Draft Pick,caskinner,110.93056784321026,own pick
4,NA,2029 2R Draft Pick,caskinner,110.59060390513083,own pick
11,13346,Denzel Boston,WR,109.91116312356284,2026 rookie draft pick 13
4,NA,2027 2R Draft Pick,caskinner,108.85456382736173,own pick
12,13305,Mike Washington Jr.,RB,108.34151556141484,2026 rookie draft pick 30
10,4217,George Kittle,TE,107.61772777321715,initial draft pick 52
8,9753,Zach Charbonnet,RB,105.02914367978146,initial draft pick 102
5,1166,Kirk Cousins,QB,104.31793361443836,2026 W1 transaction
8,12489,RJ Harvey,RB,103.05975981782828,2025 rookie draft pick 12
8,12533,Jacory Croskey-Merritt,RB,102.09982669422372,2025 W11 trade
4,13414,Kaelon Black,RB,101.5785322623864,2026 W1 transaction
1,13337,Emmett Johnson,RB,101.54818450950968,2026 rookie draft pick 22
11,7611,Rhamondre Stevenson,RB,100.76838949124566,initial draft pick 105
4,11576,Braelon Allen,RB,97.27778523656418,2026 W1 transaction
9,8228,Jaylen Warren,RB,96.44620043355371,2024 W10 trade
7,12493,Oronde Gadsden,TE,93.92434350987416,2025 W6 transaction
9,8408,Jordan Mason,RB,91.68281750199762,2025 W1 transaction
10,13288,Nicholas Singleton,RB,90.33965888985144,2026 rookie draft pick 21
11,12469,Dylan Sampson,RB,89.50674254357513,2025 W12 transaction
9,12474,Woody Marks,RB,89.4580272262945,2025 W11 trade
1,12504,Kaleb Johnson,RB,89.25508179070047,2026 W1 transaction
2,6806,J.K. Dobbins,RB,89.16028411896691,2024 W8 trade
4,9225,Tank Bigsby,RB,87.93304846568597,2025 W15 transaction
5,11581,MarShawn Lloyd,RB,87.65860282996718,2026 W1 transaction
12,5850,Josh Jacobs,RB,87.5613967815228,initial draft pick 55
9,9757,Kendre Miller,RB,87.21066174777478,initial draft pick 147
4,13405,Kaytron Allen,RB,86.97257476788008,2026 rookie draft pick 29
4,13349,Eli Stowers,TE,86.75095124779182,2026 rookie draft pick 11
8,13421,Eli Raridon,TE,86.41593479757199,2026 W1 transaction
8,8132,Tyler Allgeier,RB,86.09878187524708,initial draft pick 163
4,9508,Tyjae Spears,RB,85.83417066967505,initial draft pick 80
5,13347,Demond Claiborne,RB,85.30307155759041,2026 W1 transaction
7,7021,Rico Dowdle,RB,83.12452587649395,initial draft pick 205
10,7567,Kenny Gainwell,RB,82.92196430002488,2025 W9 transaction
3,4983,D.J. Moore,WR,82.00369012731109,initial draft pick 53
5,NA,2027 3R Draft Pick,ngernenz,81.84586694349821,own pick
6,9480,Brenton Strange,TE,79.99182432282834,2025 W1 transaction
9,13417,De'Zhaun Stribling,WR,78.47828417854146,2026 rookie draft pick 28
1,12467,Jordan James,RB,78.34531962006206,2026 W1 transaction
8,8136,Rachaad White,RB,78.24637485611548,initial draft pick 54
6,10219,Chris Rodriguez Jr.,RB,77.73233831928009,2025 W10 transaction
1,8154,Brian Robinson Jr.,RB,76.96250787084091,2025 W9 transaction
9,NA,2027 3R Draft Pick,obiwanginobiIi,76.34205567783305,2026 W1 trade
10,NA,2027 3R Draft Pick,Gretsch0401,76.29102424018059,own pick
6,5967,Tony Pollard,RB,75.33703161172764,initial draft pick 96
9,8110,Jake Ferguson,TE,75.17666887222197,2024 W13 transaction
9,4199,Aaron Jones,RB,75.10797387402579,2025 W11 trade
2,NA,2027 3R Draft Pick,SFOControl,74.58989038174718,own pick
3,9506,Sean Tucker,RB,72.89735549611727,2025 W11 transaction
8,9756,Jordan Addison,WR,72.65576986360342,initial draft pick 67
5,12521,Elijah Arroyo,TE,70.57527775742625,2025 rookie draft pick 32
11,NA,2027 3R Draft Pick,akondratieff,70.56480506254935,own pick
2,NA,2028 3R Draft Pick,SFOControl,70.35342564063382,own pick
10,NA,2028 3R Draft Pick,Gretsch0401,70.03666469395043,own pick
2,NA,2029 3R Draft Pick,SFOControl,69.30591393714893,own pick
7,11603,AJ Barner,TE,69.18943971914172,2025 W11 transaction
3,11655,Tyrone Tracy Jr.,RB,67.84797332501954,2024 W1 transaction
9,NA,2028 3R Draft Pick,Arvs,67.71970728383913,own pick
7,NA,2027 3R Draft Pick,Arvs,67.62139593941906,2024 W11 trade
7,1466,Travis Kelce,TE,67.37198704195656,2026 W2 trade
10,8205,Isiah Pacheco,RB,67.25859568671105,initial draft pick 45
6,NA,2028 3R Draft Pick,TheJandyStock,67.13760472836255,2025 W11 trade
8,10232,Michael Wilson,WR,66.9478075296199,2025 W11 transaction
3,11435,Emanuel Wilson,RB,66.22404852261359,2025 W9 transaction
6,8800,Malik Davis,RB,65.30234524098216,2026 W1 transaction
10,NA,2029 3R Draft Pick,Gretsch0401,65.0104623629321,own pick
12,NA,2027 3R Draft Pick,TheJandyStock,64.86243988307601,own pick
9,NA,2029 3R Draft Pick,Arvs,64.3535701802425,own pick
5,NA,2028 3R Draft Pick,ngernenz,64.00551202632515,own pick
12,NA,2028 3R Draft Pick,obiwanginobiIi,63.60819534543355,2025 W1 trade
11,NA,2028 3R Draft Pick,akondratieff,63.53267065266088,own pick
3,9482,Michael Mayer,TE,63.2249092342998,2026 W1 transaction
2,2216,Mike Evans,WR,63.05612945590833,initial draft pick 83
6,NA,2027 3R Draft Pick,jzeigboi,62.73812228762213,own pick
6,NA,2028 3R Draft Pick,jzeigboi,62.62229207642693,own pick
10,2133,Davante Adams,WR,62.553924593336376,initial draft pick 69
6,10235,Roschon Johnson,RB,62.415193370403024,2026 W1 transaction
5,12502,Gunnar Helm,TE,62.3216606155589,2025 W11 trade
1,NA,2029 3R Draft Pick,obiwanginobiIi,62.27488946167405,2026 W1 trade
10,4035,Alvin Kamara,RB,61.74455757295114,2024 W11 trade
12,NA,2029 3R Draft Pick,TheJandyStock,61.50520785583201,own pick
10,13278,Max Klare,TE,60.82384454131757,2026 rookie draft pick 35
3,NA,2028 3R Draft Pick,lukestip,59.98726903793657,own pick
11,NA,2029 3R Draft Pick,akondratieff,59.94728739414502,own pick
7,NA,2027 3R Draft Pick,joeburrowmvp,59.86602446666883,2026 W1 trade
5,NA,2028 3R Draft Pick,ElatedBroncosFan,59.35232208981949,2025 W11 trade
3,NA,2029 3R Draft Pick,lukestip,58.44573474555192,own pick
2,6130,Devin Singletary,RB,56.99006955809048,2025 W12 transaction
3,NA,2027 3R Draft Pick,lukestip,56.976108099028224,own pick
8,NA,2029 3R Draft Pick,jzeigboi,56.50447422269003,2026 W1 trade
5,NA,2029 3R Draft Pick,ngernenz,56.34780084651155,own pick
7,NA,2029 3R Draft Pick,ElatedBroncosFan,56.177225236772244,own pick
4,NA,2029 3R Draft Pick,joeburrowmvp,55.73359250994062,2026 W1 trade
1,NA,2028 3R Draft Pick,joeburrowmvp,55.15752180542591,own pick
4,5022,Dallas Goedert,TE,53.308402753195246,2025 W13 transaction
6,NA,2027 3R Draft Pick,ElatedBroncosFan,52.943765492822266,2025 W4 trade
6,NA,2029 3R Draft Pick,caskinner,52.66301251521545,2026 W1 trade
4,NA,2028 3R Draft Pick,caskinner,52.559626480929225,own pick
7,13319,Oscar Delp,TE,52.490173310964906,2026 rookie draft pick 36
2,8122,Bam Knight,RB,52.31021282083523,2025 W12 transaction
5,9500,Josh Downs,WR,52.021757533762255,initial draft pick 106
4,NA,2027 3R Draft Pick,caskinner,51.22461927475902,own pick
8,5844,T.J. Hockenson,TE,49.880227359166035,initial draft pick 43
3,8142,Alec Pierce,WR,49.06372051942545,2025 W7 transaction
6,8210,Chigoziem Okonkwo,TE,48.44218918167683,2026 W2 transaction
2,7002,Juwan Johnson,TE,47.11230377048155,2025 W3 trade
5,13296,Caleb Douglas,WR,46.67366942706192,2026 W1 transaction
9,5012,Mark Andrews,TE,46.60534491773731,2025 W9 trade
8,13276,Omar Cooper Jr.,WR,45.71618762409537,2026 rookie draft pick 12
11,3214,Hunter Henry,TE,42.57389812871445,2025 W1 trade
4,5927,Terry McLaurin,WR,38.08139613016041,2024 W10 trade
7,5846,DK Metcalf,WR,36.859687644815025,2025 W1 trade
9,11624,Xavier Worthy,WR,36.572716908579615,2025 W11 trade
11,4066,Evan Engram,TE,33.82078212635152,2025 W14 transaction
5,13311,Chris Bell,WR,33.78872123576726,2026 rookie draft pick 17
12,2449,Stefon Diggs,WR,33.27659777764067,2025 W1 trade
8,13293,Ja'Kobi Lane,WR,32.62879045119456,2026 rookie draft pick 27
1,13301,Antonio Williams,WR,30.7377060420657,2026 rookie draft pick 24
10,13285,Malachi Fields,WR,28.035767347443524,2026 rookie draft pick 33
9,4037,Chris Godwin,WR,27.820016996361908,initial draft pick 99
12,8126,Wan'Dale Robinson,WR,27.45261908434077,initial draft pick 162
5,12484,Jayden Higgins,WR,27.329885583,2025 rookie draft pick 14
4,9754,Quentin Johnston,WR,26.840382420052073,2024 W10 trade
1,4993,Mike Gesicki,TE,26.635038058812633,initial draft pick 218
12,13401,Michael Trigg,TE,26.170266518225148,2026 rookie draft pick 18
1,96,Aaron Rodgers,QB,26.080947849003675,initial draft pick 119
1,10222,Jayden Reed,WR,25.307387012285343,2024 W8 trade
11,6819,Michael Pittman Jr.,WR,24.097018662941924,initial draft pick 40
6,8134,Khalil Shakir,WR,23.73625741768979,initial draft pick 168
7,13320,Zachariah Branch,WR,23.502406110994144,2026 rookie draft pick 16
1,9486,Dontayvion Wicks,WR,23.002951158933243,2026 W1 transaction
3,12492,Pat Bryant,WR,22.64060429117189,2026 W1 transaction
11,12530,Travis Hunter,WR,21.94068764438148,2025 rookie draft pick 2
6,13413,Cyrus Allen,WR,21.71841564557284,2026 W1 trade
4,5045,Courtland Sutton,WR,21.397235866213684,2025 W11 trade
6,13268,Elijah Sarratt,WR,21.308971825167372,2026 rookie draft pick 15
3,13317,Ted Hurst,WR,20.70548947234582,2026 rookie draft pick 26
5,9504,Kayshon Boutte,WR,20.63443415896606,2026 W1 transaction
2,13274,Germie Bernard,WR,20.016410724167766,2026 rookie draft pick 19
10,12499,Elic Ayomanor,WR,19.90634566227989,2025 rookie draft pick 34
7,11618,Jalen McMillan,WR,19.63065784573907,2024 W11 transaction
3,11625,Adonai Mitchell,WR,19.467609651721013,2024 rookie draft pick 17
12,12509,Tre Harris,WR,19.326157352771755,2026 W1 transaction
2,5872,Deebo Samuel Sr.,WR,18.770395450478414,initial draft pick 62
10,8121,Romeo Doubs,WR,18.679424311047836,2025 W1 transaction
1,13402,Skyler Bell,WR,18.265397682788805,2026 rookie draft pick 32
6,12535,Isaac TeSlaa,WR,17.965524908723275,2025 W1 transaction
7,10213,Tre Tucker,WR,17.911879225126224,2026 W2 transaction
5,11610,Malik Washington,WR,17.189021342147033,2026 W1 transaction
10,5947,Jakobi Meyers,WR,16.89193062741701,initial draft pick 148
5,13411,Zavion Thomas,WR,16.263881517877692,2026 W1 transaction
3,12483,Jack Bech,WR,16.150004585579175,2025 rookie draft pick 19
12,8180,Jalen Nailor,WR,15.55541276239436,2026 W1 transaction
6,11834,Devaughn Vele,WR,14.44822338033181,2026 W1 transaction
5,13353,Chris Brazzell II,WR,14.303396964763325,2026 rookie draft pick 23
6,1479,Keenan Allen,WR,13.970920352521468,2026 W1 transaction
8,10218,Xavier Hutchinson,WR,13.908408130219128,2026 W1 transaction
4,11638,Ricky Pearsall,WR,13.615905850374896,2024 rookie draft pick 23
6,9502,Tank Dell,WR,13.154254011010964,initial draft pick 49
9,8676,Rashid Shaheed,WR,12.894765986417342,initial draft pick 171
5,11783,Ryan Flournoy,WR,12.24157571948647,2026 W1 transaction
6,4039,Cooper Kupp,WR,11.890433322521218,2026 W1 transaction
12,4981,Calvin Ridley,WR,8.91973506778491,initial draft pick 103
10,3321,Tyreek Hill,WR,8.148345277491977,initial draft pick 21
11,4454,Kendrick Bourne,WR,7.307565195012202,2026 W1 transaction
12,13394,Josh Cameron,WR,7.204337399303263,2026 rookie draft pick 6
11,3634,Kalif Raymond,WR,6.745184048960358,2026 W1 transaction
2,5848,Hollywood Brown,WR,4.933275852338623,2025 W3 trade
1,6650,Chase McLaughlin,K,0,2026 W1 transaction
1,HOU,Houston Texans,DST,0,2025 W1 transaction
1,KC,Kansas City Chiefs,DST,0,2026 W2 transaction
2,331,Philip Rivers,QB,0,2026 W2 transaction
2,5095,Daniel Carlson,K,0,2025 W2 transaction
2,5189,Eddy Pineiro,K,0,2025 W5 transaction
2,7042,Tyler Bass,K,0,2024 W16 transaction
2,BUF,Buffalo Bills,DST,0,2024 W1 transaction
2,DET,Detroit Lions,DST,0,2024 W14 transaction
3,4195,Jake Elliott,K,0,initial draft
3,MIN,Minnesota Vikings,DST,0,2025 W14 transaction
4,12711,Tyler Loop,K,0,2026 W1 transaction
4,TB,Tampa Bay Buccaneers,DST,0,2026 W1 transaction
5,11786,Cam Little,K,0,2026 W1 transaction
5,GB,Green Bay Packers,DST,0,2026 W2 transaction
6,8259,Cameron Dicker,K,0,2025 W12 transaction
6,BAL,Baltimore Ravens,DST,0,2026 W1 transaction
7,7839,Evan McPherson,K,0,2025 W12 transaction
7,SF,San Francisco 49ers,DST,0,2026 W2 transaction
8,11539,Jake Bates,K,0,2026 W1 transaction
8,DEN,Denver Broncos,DST,0,2024 W8 trade
9,3451,Ka'imi Fairbairn,K,0,2025 W11 transaction
9,SEA,Seattle Seahawks,DST,0,2025 W9 transaction
10,11533,Brandon Aubrey,K,0,initial draft
10,2747,Jason Myers,K,0,2025 W10 transaction
10,PHI,Philadelphia Eagles,DST,0,2024 W6 transaction
11,2020,Cairo Santos,K,0,2025 W10 transaction
11,LAR,Los Angeles Rams,DST,0,2025 W1 transaction
12,1945,Chris Boswell,K,0,2025 W1 transaction
12,4227,Harrison Butker,K,0,2025 W1 transaction
12,8137,George Pickens,WR,0,initial draft pick 66
12,PIT,Pittsburgh Steelers,DST,0,2024 W2 transaction
1,NA,2030 1R Draft Pick,joeburrowmvp,0,own pick
2,NA,2030 1R Draft Pick,SFOControl,0,own pick
3,NA,2030 1R Draft Pick,lukestip,0,own pick
4,NA,2030 1R Draft Pick,caskinner,0,own pick
5,NA,2030 1R Draft Pick,ngernenz,0,own pick
6,NA,2030 1R Draft Pick,jzeigboi,0,own pick
7,NA,2030 1R Draft Pick,ElatedBroncosFan,0,own pick
8,NA,2030 1R Draft Pick,obiwanginobiIi,0,own pick
9,NA,2030 1R Draft Pick,Arvs,0,own pick
10,NA,2030 1R Draft Pick,Gretsch0401,0,own pick
11,NA,2030 1R Draft Pick,akondratieff,0,own pick
12,NA,2030 1R Draft Pick,TheJandyStock,0,own pick
1,NA,2030 2R Draft Pick,joeburrowmvp,0,own pick
2,NA,2030 2R Draft Pick,SFOControl,0,own pick
3,NA,2030 2R Draft Pick,lukestip,0,own pick
4,NA,2030 2R Draft Pick,caskinner,0,own pick
5,NA,2030 2R Draft Pick,ngernenz,0,own pick
6,NA,2030 2R Draft Pick,jzeigboi,0,own pick
7,NA,2030 2R Draft Pick,ElatedBroncosFan,0,own pick
8,NA,2030 2R Draft Pick,obiwanginobiIi,0,own pick
9,NA,2030 2R Draft Pick,Arvs,0,own pick
10,NA,2030 2R Draft Pick,Gretsch0401,0,own pick
11,NA,2030 2R Draft Pick,akondratieff,0,own pick
12,NA,2030 2R Draft Pick,TheJandyStock,0,own pick
1,NA,2030 3R Draft Pick,joeburrowmvp,0,own pick
2,NA,2030 3R Draft Pick,SFOControl,0,own pick
3,NA,2030 3R Draft Pick,lukestip,0,own pick
4,NA,2030 3R Draft Pick,caskinner,0,own pick
5,NA,2030 3R Draft Pick,ngernenz,0,own pick
6,NA,2030 3R Draft Pick,jzeigboi,0,own pick
7,NA,2030 3R Draft Pick,ElatedBroncosFan,0,own pick
8,NA,2030 3R Draft Pick,obiwanginobiIi,0,own pick
9,NA,2030 3R Draft Pick,Arvs,0,own pick
10,NA,2030 3R Draft Pick,Gretsch0401,0,own pick
11,NA,2030 3R Draft Pick,akondratieff,0,own pick
12,NA,2030 3R Draft Pick,TheJandyStock,0,own pick
