team_name,trade_details,trade_id,top_asset_acquired,position,realized_value,future_value,total_value
ElatedBroncosFan,2024 W8 trade with SFOControl,9,Drake Maye,QB,-83.93072549019604,908.7035800057622,744.5347960955316
joeburrowmvp,2024 W9 trade with ngernenz,14,Ja'Marr Chase,WR,256.8771568627451,277.36752924701733,558.4103482264378
caskinner,2024 W1 trade with ElatedBroncosFan,4,James Cook,RB,352.6258235294117,213.2083439326181,555.1737502653989
ElatedBroncosFan,2024 W8 trade with joeburrowmvp,12,Caleb Williams,QB,166.80182352941176,369.214550888524,517.5556468735095
Arvs,2026 W1 trade with joeburrowmvp,53,Jared Goff,QB,0.2400000000000091,470.42214633249546,403.1256609699381
obiwanginobiIi,2024 W9 trade with ElatedBroncosFan,16,Bo Nix,QB,99.46170588235296,277.94444806249635,363.5089315417245
ElatedBroncosFan,2025 W3 trade with SFOControl,34,2028 1R Draft Pick,SFOControl,-30.82781372549019,384.3547547834865,334.3092033188219
joeburrowmvp,2025 W3 trade with ElatedBroncosFan,33,Jared Goff,QB,55.85784313725492,273.00808988969,315.2155285324604
ElatedBroncosFan,2025 W11 trade with Arvs,43,2028 1R Draft Pick,Arvs,-11.033382352941178,291.95879275074515,313.95951369980753
ngernenz,2024 W11 trade with Gretsch0401,26,Ladd McConkey,WR,49.987205882352924,264.17767550963805,300.9559976165091
ElatedBroncosFan,2024 W11 trade with Arvs,24,Jared Goff,QB,373.88333333333344,-92.8374428942974,285.6877625837511
jzeigboi,2025 W5 trade with Arvs,36,Dalton Kincaid,TE,14.511029411764703,228.8851731793598,279.58398687169733
ngernenz,2025 W11 trade with ElatedBroncosFan,44,2027 1R Draft Pick,joeburrowmvp,-31.70204901960785,327.65479556440175,279.5700067665739
jzeigboi,2024 W10 trade with caskinner,19,D'Andre Swift,RB,98.66664705882353,184.20186982761487,273.65842339505764
obiwanginobiIi,2024 W10 trade with jzeigboi,17,2025 1R Draft Pick,jzeigboi,61.908009803921566,219.0304788150617,269.98696467823015
caskinner,2024 W5 trade with ElatedBroncosFan,7,2027 1R Draft Pick,ElatedBroncosFan,48.00106862745098,192.50012968097303,268.91023040340167
ElatedBroncosFan,2026 W1 trade with joeburrowmvp,56,2029 1R Draft Pick,joeburrowmvp,-26.141666666666673,309.52894640346904,267.91083241662886
ngernenz,"2024 W11 trade with akondratieff, obiwanginobiIi",23,2025 2R Draft Pick,akondratieff,8.167254901960781,220.3061728243968,217.45811908513775
ElatedBroncosFan,2024 W11 trade with Arvs,21,2026 2R Draft Pick,Arvs,60.57047058823531,124.1278268495357,216.5259446743205
ElatedBroncosFan,2024 W8 trade with obiwanginobiIi,10,2026 2R Draft Pick,obiwanginobiIi,8.213931372549016,214.16494275140104,211.67062698638
jzeigboi,2025 W11 trade with Arvs,49,Zay Flowers,WR,61.170225490196074,76.27937873009307,181.2676782233253
Arvs,2026 W1 trade with caskinner,50,Bryce Young,QB,39.019999999999996,103.23158408554241,137.09000488126526
ngernenz,2026 W1 trade with jzeigboi,52,2027 2R Draft Pick,jzeigboi,0,143.6983005228403,136.51338549669828
ElatedBroncosFan,2024 W8 trade with Arvs,13,2025 3R Draft Pick,Arvs,15.537401960784312,122.36378689211335,131.782999508292
ngernenz,2026 W2 trade with ElatedBroncosFan,60,Justin Herbert,QB,0,78.44739051808608,126.59910551876558
jzeigboi,2024 W2 trade with joeburrowmvp,5,Tee Higgins,WR,61.509647058823575,60.06183587832203,118.56839114322952
caskinner,"2024 W1 trade with joeburrowmvp, obiwanginobiIi",2,2025 1R Draft Pick,joeburrowmvp,0,124.39238699354689,118.17276764386952
Arvs,2025 W9 trade with joeburrowmvp,41,2026 3R Draft Pick,joeburrowmvp,3.1773627450980406,109.42238639687574,107.12862982212998
ElatedBroncosFan,2026 W1 trade with joeburrowmvp,58,Ashton Jeanty,RB,-10.186666666666664,158.94806377250444,96.79861587128016
TheJandyStock,2024 W6 trade with SFOControl,8,2025 2R Draft Pick,SFOControl,-25.29166666666667,126.82579320184482,95.1928368750859
joeburrowmvp,2025 W1 trade with ngernenz,32,2025 1R Draft Pick,ngernenz,0,96.25270675755144,91.44007141967381
ngernenz,2026 W1 trade with ElatedBroncosFan,59,Kendre Miller,RB,0,87.21066174777478,82.85012866038603
jzeigboi,2025 W11 trade with obiwanginobiIi,46,Jalen Hurts,QB,84.22211764705881,-52.740446327114626,81.75073657584082
TheJandyStock,2024 W9 trade with obiwanginobiIi,15,2027 1R Draft Pick,obiwanginobiIi,0,76.02665022267792,72.22531771154405
joeburrowmvp,"2024 W1 trade with caskinner, obiwanginobiIi",2,2025 1R Draft Pick,obiwanginobiIi,0,72.13646418789972,68.52964097850474
jzeigboi,2025 W4 trade with ElatedBroncosFan,35,2026 2R Draft Pick,obiwanginobiIi,-23.35633333333334,95.48008403826267,67.3497465030162
ngernenz,2025 W11 trade with Arvs,47,2028 2R Draft Pick,ElatedBroncosFan,-18.056382352941178,87.27910688507546,64.85876918788051
Arvs,2024 W10 trade with caskinner,18,2027 1R Draft Pick,ElatedBroncosFan,101.22260784313727,-40.500282531544656,62.74733943816989
Arvs,2024 W10 trade with caskinner,20,Jaxon Smith-Njigba,WR,-62.0127401960784,156.94361423477983,52.280813907216
jzeigboi,2024 W1 trade with TheJandyStock,1,Devin Singletary,RB,-10.047950980392159,56.99006955809048,44.0926150997938
Gretsch0401,2025 W5 trade with caskinner,37,Chris Olave,WR,16.425549019607857,22.242234963858266,37.55567223527322
ngernenz,2025 W1 trade with TheJandyStock,28,Aaron Jones,RB,-2.374480392156869,41.83137609638512,37.36532689940899
ngernenz,2025 W8 trade with ElatedBroncosFan,40,2028 1R Draft Pick,ElatedBroncosFan,-1.003127450980391,36.70821810064143,33.86967974462891
akondratieff,2025 W1 trade with ElatedBroncosFan,29,James Conner,RB,7.595029411764704,-27.6224606513645,28.985734732509293
akondratieff,"2024 W11 trade with ngernenz, obiwanginobiIi",23,Drew Lock,QB,22.806637254901965,5.680442018143054,28.203057172137846
obiwanginobiIi,"2024 W5 trade with SFOControl, jzeigboi",6,2025 1R Draft Pick,SFOControl,-35.928313725490206,67.08478486893051,27.802231899993757
joeburrowmvp,2025 W1 trade with akondratieff,30,Kyle Pitts,TE,-1.5840490196078338,-22.715987077976934,24.467806195854948
Arvs,2025 W11 trade with jzeigboi,42,Xavier Worthy,WR,8.530607843137254,12.836459490889826,20.725244359482588
ngernenz,2025 W11 trade with ElatedBroncosFan,45,2028 3R Draft Pick,ElatedBroncosFan,-1.3754705882352931,20.760029900163815,18.346557816920324
akondratieff,2026 W1 trade with ngernenz,57,2026 1R Draft Pick,ngernenz,0,12.602754565210148,11.972616836949612
joeburrowmvp,"2026 W1 trade with caskinner, jzeigboi, obiwanginobiIi",55,2029 3R Draft Pick,obiwanginobiIi,0,10.683507176900875,10.149331818055828
ElatedBroncosFan,2024 W1 trade with joeburrowmvp,3,Patrick Mahomes,QB,414.39768627450974,-390.4066483336567,8.708490937789534
ngernenz,2025 W11 trade with caskinner,48,2026 2R Draft Pick,caskinner,-23.102990196078437,32.65465428680234,7.91893137638381
akondratieff,2024 W11 trade with Arvs,25,Jauan Jennings,WR,53.38484313725491,-48.38837006095368,7.415891579348916
obiwanginobiIi,2025 W1 trade with TheJandyStock,27,2028 2R Draft Pick,TheJandyStock,0,6.961857825445136,6.613764934172892
obiwanginobiIi,2024 W8 trade with caskinner,11,Denver Broncos,DST,5.31519607843137,0,5.31519607843137
Arvs,2024 W11 trade with obiwanginobiIi,22,Ray-Ray McCloud,WR,4.776617647058822,0,4.776617647058822
caskinner,"2026 W1 trade with joeburrowmvp, jzeigboi, obiwanginobiIi",55,2029 3R Draft Pick,joeburrowmvp,0,4.906783723987758,4.66144453778837
obiwanginobiIi,2025 W1 trade with caskinner,31,2025 2R Draft Pick,ElatedBroncosFan,0,4.706430761132353,4.471109223075686
jzeigboi,2026 W1 trade with Arvs,54,Malik Nabers,WR,-38.233333333333334,-10.17746259675286,4.172161726335162
Arvs,2026 W1 trade with jzeigboi,54,D'Andre Swift,RB,38.233333333333334,10.177462596752804,3.886544754316084
Arvs,2025 W5 trade with ElatedBroncosFan,38,2027 1R Draft Pick,caskinner,-161.2769362745098,173.7715933840568,3.8060774403440973
jzeigboi,"2024 W5 trade with SFOControl, obiwanginobiIi",6,Rome Odunze,WR,43.88813725490197,-43.69417710745722,2.3786690028176167
