season,finish,perc,team,probability
2026,1,0.302,caskinner,30.20%
2026,1,0.2312,ElatedBroncosFan,23.12%
2027,1,0.2222,caskinner,22.22%
2028,1,0.1726,caskinner,17.26%
2028,1,0.1472,ElatedBroncosFan,14.72%
2027,1,0.1408,ElatedBroncosFan,14.08%
2028,1,0.1014,lukestip,10.14%
2026,2,0.1808,lukestip,18.08%
2028,2,0.1162,ngernenz,11.62%
2027,3,0.1494,joeburrowmvp,14.94%
2027,3,0.1204,lukestip,12.04%
2028,4,0.1202,joeburrowmvp,12.02%
2028,4,0.1012,jzeigboi,10.12%
2026,5,0.1462,joeburrowmvp,14.62%
2027,5,0.0946,akondratieff,9.46%
2027,6,0.1066,ngernenz,10.66%
2026,7,0.1326,SFOControl,13.26%
2026,7,0.132,Arvs,13.20%
2026,7,0.123,TheJandyStock,12.30%
2026,7,0.1222,jzeigboi,12.22%
2027,8,0.106,jzeigboi,10.60%
2027,9,0.1088,Arvs,10.88%
2026,10,0.1442,obiwanginobiIi,14.42%
2028,10,0.1094,TheJandyStock,10.94%
2028,10,0.1054,obiwanginobiIi,10.54%
2028,10,0.0932,akondratieff,9.32%
2026,11,0.186,Gretsch0401,18.60%
2026,11,0.1506,akondratieff,15.06%
2028,11,0.115,Arvs,11.50%
2026,12,0.4748,ngernenz,47.48%
2028,12,0.25,SFOControl,25.00%
2027,12,0.174,SFOControl,17.40%
2027,12,0.1416,Gretsch0401,14.16%
2028,12,0.1414,Gretsch0401,14.14%
2027,12,0.1384,TheJandyStock,13.84%
2027,12,0.1024,obiwanginobiIi,10.24%
