team_name,trades,total_realized_value,total_future_value,total_trade_value
ElatedBroncosFan,23,532.4568382352943,651.0498297017872,1004.0334377750852
ngernenz,14,-276.3371960784314,954.505391386427,647.7141308455117
jzeigboi,13,221.89156862745097,212.1965328031817,618.4484881356798
caskinner,12,225.0926225490195,71.52753870294019,369.11186147486546
TheJandyStock,5,-12.869235294117644,97.069139944602,79.3464476532543
akondratieff,5,85.37055882352941,-35.011647050988046,59.59411122026151
obiwanginobiIi,14,2.570039215686265,-92.30434969032873,-125.26651883449621
Gretsch0401,2,-33.56165686274507,-241.93544054577978,-263.40032538123586
joeburrowmvp,13,-298.64723529411765,-380.4589711574515,-432.23496874293573
Arvs,17,-578.0566862745097,206.63671165817678,-659.8306026637102
SFOControl,5,132.0903823529412,-1443.2747357525668,-1200.986578032971
