team_name,transactions,total_realized_value,total_future_value,total_transaction_value
caskinner,90,382.19370588235313,661.1472484650709,1010.2835919241704
lukestip,44,275.23465686274506,440.6928574591865,693.8928714489721
joeburrowmvp,98,70.90015686274512,504.3599171324479,550.0420781385707
obiwanginobiIi,122,176.0025392156863,389.4793814511295,546.007951594259
ngernenz,118,316.5629509803922,-52.15881625203686,267.0120755409569
ElatedBroncosFan,129,8.256323529411874,259.3696483629424,254.65748947420656
Gretsch0401,31,168.22065686274516,-19.3699466836442,149.81920751328315
jzeigboi,100,-34.65835294117647,174.67405485043238,131.28199916673435
TheJandyStock,46,112.03533333333334,-273.67061579082866,-147.95175166795391
akondratieff,42,125.00562745098038,-523.7974511707624,-372.6019511612439
Arvs,172,87.35605882352947,-625.7136219057377,-507.0718819869214
SFOControl,49,-103.59947058823528,-1183.995662957231,-1228.3953503976045
