draft_id,roster_id,pick_no,name,position,realized_value,future_value,total_value,value_over_expected,proj_tva_50,draft
1,6,1,Josh Allen,QB,457.62896078431373,768.7361576822256,1187.928310582428,349.40081080947937,NA,initial draft
1,1,2,Patrick Mahomes,QB,284.9343235294117,444.94652377148145,707.633521112319,-87.96800829982078,NA,initial draft
1,9,3,Christian McCaffrey,RB,288.3277745098039,239.5871357931832,515.9355535133279,-244.30255864672574,NA,initial draft
1,10,4,C.J. Stroud,QB,82.17596078431373,335.03667355864377,400.4608006650253,-328.09956368943085,NA,initial draft
1,3,5,Justin Jefferson,WR,202.21014705882354,307.8797199096422,494.69588097298356,-207.46554779303165,NA,initial draft
1,8,6,Jalen Hurts,QB,295.49416666666673,484.6625367023604,755.9235765339091,79.44144150028558,NA,initial draft
1,12,7,Sam LaPorta,TE,65.67730392156864,241.10169959092917,294.7239185329513,-359.9615333567739,NA,initial draft
1,4,8,Joe Burrow,QB,233.35346078431374,598.2434487822261,801.6847371274284,164.34218776779323,NA,initial draft
1,11,9,Lamar Jackson,QB,368.6031421568628,642.2716083142973,978.7611700554453,359.49005440593487,NA,initial draft
1,5,10,Ja'Marr Chase,WR,373.0723725490196,455.43861120135824,805.73905319031,203.82622293146937,NA,initial draft
1,2,11,Brock Purdy,QB,263.95489215686274,479.4132426751564,719.3974726982613,134.51539847373306,NA,initial draft
1,7,12,Justin Herbert,QB,173.02025490196078,479.2226066888847,628.2817312564013,56.59326152244205,NA,initial draft
1,7,13,Bijan Robinson,RB,421.3284901960784,552.9891246765209,946.6681586387732,389.8868480503612,NA,initial draft
1,2,14,CeeDee Lamb,WR,198.74569607843142,313.7350622470997,496.7940052131761,-51.35403934074634,NA,initial draft
1,5,15,Trevor Lawrence,QB,200.8753431372549,534.7074386197735,708.8474098260397,176.57275975300934,NA,initial draft
1,11,16,Breece Hall,RB,168.16313725490198,272.4225823442446,426.9645904819343,-89.49778399004157,NA,initial draft
1,4,17,Amon-Ra St. Brown,WR,338.98593137254903,390.99841640391475,710.434426956268,203.94482947181734,NA,initial draft
1,12,18,Jordan Love,QB,116.51952941176471,403.4832925503064,499.82865733455577,-0.054124728257875176,NA,initial draft
1,8,19,Anthony Richardson,QB,-11.619078431372548,138.83517218763166,120.27433514687752,-368.2110622117772,NA,initial draft
1,3,20,Dak Prescott,QB,200.61125,338.5434843096416,522.2275600941596,48.361069584798656,NA,initial draft
1,10,21,Tyreek Hill,WR,63.25977450980393,8.148345277491977,71.00070252342131,-392.9030775278929,NA,initial draft
1,9,22,Jonathan Taylor,RB,352.19425490196073,363.51833930090015,697.5366772378159,238.55038568582552,NA,initial draft
1,1,23,Kyler Murray,QB,94.02387254901963,225.78478465978455,308.5194179758149,-138.6768458014032,NA,initial draft
1,6,24,Jahmyr Gibbs,RB,427.94947058823533,556.0059806448297,956.1551522008235,516.639914557217,NA,initial draft
1,6,25,A.J. Brown,WR,117.10788235294119,131.20344561771714,241.75115568977247,-191.2907223119874,NA,initial draft
1,1,26,Puka Nacua,WR,302.48361764705885,362.96289555193226,647.2983684213945,225.9004606792073,NA,initial draft
1,9,27,Jared Goff,QB,299.3936764705883,317.68633315592916,601.195692968721,184.07438454363194,NA,initial draft
1,10,28,Justin Fields,QB,22.438313725490197,125.12171054562812,141.3039387438369,-265.73461353651186,NA,initial draft
1,3,29,Tua Tagovailoa,QB,51.79836274509803,124.0765416328192,169.67107729627628,-231.32446826413923,NA,initial draft
1,8,30,Garrett Wilson,WR,128.74131372549022,200.44338953411312,319.16253378289764,-69.00917336292218,NA,initial draft
1,12,31,Saquon Barkley,RB,255.86542156862743,231.98052171408136,476.2469171970047,93.00931882347771,NA,initial draft
1,4,32,Chris Olave,WR,126.7083725490196,247.14920013501913,361.5001126772878,-14.086485041776314,NA,initial draft
1,11,33,Jaylen Waddle,WR,32.053769607843144,141.33974833575422,166.32653052680965,-207.09146691324517,NA,initial draft
1,5,34,Travis Etienne,RB,78.35782352941176,176.15987542480727,245.70970518297867,-115.1297109344003,NA,initial draft
1,2,35,De'Von Achane,RB,341.55192156862745,362.2440413192726,685.6837608219364,330.35735448127366,NA,initial draft
1,7,36,Nico Collins,WR,179.41033333333337,191.24434931133152,361.0924651790983,13.992719084128453,NA,initial draft
1,7,37,rookie draft slot,1,NA,NA,524.4868908486362,181.83489671479174,NA,initial draft
1,2,38,Brandon Aiyuk,WR,-21.10697058823529,3.155882063891029,-18.10888262753881,-356.4285795660967,NA,initial draft
1,5,39,Kyren Williams,RB,229.68302941176472,212.5451728880923,431.6009436554524,98.70282168916174,NA,initial draft
1,11,40,Michael Pittman Jr.,WR,-16.355936274509794,24.097018662941924,6.536231455285034,-321.4888078081306,NA,initial draft
1,4,41,Trey McBride,TE,322.63740196078436,440.8916235441228,741.484444327701,424.7720831312805,NA,initial draft
1,12,42,Rashee Rice,WR,78.44051960784314,138.69591914745365,210.20164279792408,-107.18808511985793,NA,initial draft
1,8,43,T.J. Hockenson,TE,-2.7568921568627456,49.880227359166035,44.62932383434499,-259.3520850877179,NA,initial draft
1,3,44,Kenneth Walker III,RB,131.4498823529412,350.6551583600188,464.572282794959,163.55078479906138,NA,initial draft
1,10,45,Isiah Pacheco,RB,3.3005392156862783,67.25859568671105,67.19620511806177,-233.2919059811499,NA,initial draft
1,9,46,Travis Kelce,TE,103.59573529411767,67.37198704195656,167.5991229839764,-125.60847196774247,NA,initial draft
1,1,47,Mark Andrews,TE,-1.7338627450980284,46.60534491773731,42.54121492675242,-246.5425173586057,NA,initial draft
1,6,48,DeVonta Smith,WR,87.75451960784315,171.7325705806674,250.90046165947717,-37.406169011494114,NA,initial draft
1,6,49,Tank Dell,WR,-10.606078431372543,13.154254011010964,1.8904628790878721,-274.3237523531799,NA,initial draft
1,1,50,Tee Higgins,WR,143.08582352941178,142.78732418188935,278.7337815022066,-0.7213165732566722,NA,initial draft
1,9,51,Cooper Kupp,WR,46.02125490196079,11.890433322521218,57.31716655835594,-206.9953206484617,NA,initial draft
1,10,52,George Kittle,TE,215.0376960784314,107.61772777321715,317.27453746298767,55.05531661909566,NA,initial draft
1,3,53,D.J. Moore,WR,50.936392156862745,82.00369012731109,128.83989777780826,-130.88238885933382,NA,initial draft
1,8,54,Rachaad White,RB,71.94633333333334,78.24637485611548,146.28038944664303,-107.94124261895101,NA,initial draft
1,12,55,Josh Jacobs,RB,192.43723529411767,87.5613967815228,275.6205622365643,24.74039702178584,NA,initial draft
1,7,56,Dalton Kincaid,TE,12.239539215686284,201.29973218428523,203.47428479075725,-44.256175281841735,NA,initial draft
1,11,57,Kyle Pitts,TE,31.685333333333347,132.94593256055455,157.98396926586017,-85.98642768310143,NA,initial draft
1,5,58,Stefon Diggs,WR,58.91867647058824,33.27659777764067,90.53144435934686,-154.42120352932815,NA,initial draft
1,2,59,Drake London,WR,143.06826470588237,281.5123434760895,410.5049910081674,174.98370299053056,NA,initial draft
1,4,60,James Cook,RB,284.57527450980393,342.7923337645754,610.2279915861506,381.0840360577803,NA,initial draft
1,7,61,Zay Flowers,WR,91.66216666666668,197.80946855403573,279.5811617930006,52.10482844655945,NA,initial draft
1,2,62,Deebo Samuel Sr.,WR,27.189980392156876,18.770395450478414,45.02185607011137,-180.71206835001158,NA,initial draft
1,5,63,David Njoku,TE,31.532058823529425,29.86458466127892,59.903414251744394,-157.04532357904384,NA,initial draft
1,11,64,DK Metcalf,WR,-1.5531764705882338,36.859687644815025,33.46352679198604,-182.92925657718,NA,initial draft
1,4,65,Jaxon Smith-Njigba,WR,312.70131862745103,474.6944841549828,763.6610785746847,551.1957859132779,NA,initial draft
1,12,66,George Pickens,WR,137.34819607843136,0,137.34819607843136,-72.77308910586046,NA,initial draft
1,8,67,Jordan Addison,WR,72.59916176470588,72.65576986360342,141.62214313512914,-65.93567613254777,NA,initial draft
1,3,68,Javonte Williams,RB,115.87525490196077,216.9314822940415,321.96016308130015,119.45876150985481,NA,initial draft
1,10,69,Davante Adams,WR,199.84116666666668,62.553924593336376,259.2673950303362,60.19237160219046,NA,initial draft
1,9,70,Christian Kirk,WR,-24.625843137254897,5.358802608123551,-19.534980659537524,-212.04770366475677,NA,initial draft
1,1,71,Alvin Kamara,RB,139.43748039215686,61.74455757295114,198.09481008646043,2.298001955896382,NA,initial draft
1,6,72,D'Andre Swift,RB,144.6050980392157,196.09230315013608,330.89278603184493,139.56330969787825,NA,initial draft
1,6,73,Kirk Cousins,QB,58.14242156862745,104.31793361443836,157.2444585023439,-27.27841253825096,NA,initial draft
1,1,74,rookie draft slot,2,NA,NA,420.5049528143207,238.08952071466777,NA,initial draft
1,9,75,rookie draft slot,3,NA,NA,386.7811529054131,208.01581628426874,NA,initial draft
1,10,76,rookie draft slot,4,NA,NA,407.39126119631254,235.53151406901324,NA,initial draft
1,3,77,rookie draft slot,5,NA,NA,261.31088887097945,86.71034029097504,NA,initial draft
1,8,78,rookie draft slot,6,NA,NA,268.0530663955132,96.61593656174267,NA,initial draft
1,12,79,Baker Mayfield,QB,285.81386274509805,302.8669271483223,573.5374435360043,406.44606353547454,NA,initial draft
1,4,80,Tyjae Spears,RB,-3.1788235294117646,85.83417066967505,78.36363860677953,-89.14406747903611,NA,initial draft
1,11,81,Deshaun Watson,QB,-3.4870784313725443,109.11607035899752,100.1731884096751,-60.38097012232012,NA,initial draft
1,5,82,Geno Smith,QB,51.528549019607844,118.95630093354065,164.53703490647146,2.9855917850445906,NA,initial draft
1,2,83,Mike Evans,WR,92.31729411764707,63.05612945590833,152.22061710075997,-7.883817650675098,NA,initial draft
1,7,84,Nick Chubb,RB,-7.344519607843137,0,-7.344519607843137,-166.1515366477287,NA,initial draft
1,7,85,Jayden Reed,WR,-4.128068627450979,25.307387012285343,19.913949034220096,-127.46107047488867,NA,initial draft
1,2,86,Jake Ferguson,TE,32.35846078431373,75.17666887222197,103.77629621292459,-46.122392419037396,NA,initial draft
1,5,87,rookie draft slot,7,NA,NA,153.51537832200694,6.816591066564143,NA,initial draft
1,11,88,Najee Harris,RB,24.35209803921569,59.45034614026116,80.82992687246379,-65.05427211154127,NA,initial draft
1,4,89,Bryce Young,QB,63.632029411764705,353.5518803699658,399.5063157632321,263.38086200711416,NA,initial draft
1,12,90,Derrick Henry,RB,255.29836274509802,213.04230633807424,457.68855376626857,317.47942904079713,NA,initial draft
1,8,91,Evan Engram,TE,2.030784313725495,33.82078212635152,34.16052733375944,-102.78007131182136,NA,initial draft
1,3,92,Joe Mixon,RB,92.9957843137255,0,92.9957843137255,-45.14176181948841,NA,initial draft
1,10,93,Christian Watson,WR,48.73940196078432,124.82022849020238,167.3186190264766,35.3308481542382,NA,initial draft
1,9,94,Terry McLaurin,WR,64.59287254901962,38.08139613016041,100.77019887267201,-34.428647436492014,NA,initial draft
1,1,95,Keenan Allen,WR,26.595117647058828,13.970920352521468,39.867491981954224,-94.31800566190998,NA,initial draft
1,6,96,Tony Pollard,RB,56.57151960784316,75.33703161172764,128.1416996389844,4.002991028131817,NA,initial draft
1,6,97,Michael Mayer,TE,-2.333333333333333,63.2249092342998,57.730330439251475,-70.52415988471398,NA,initial draft
1,1,98,David Montgomery,RB,103.4932843137255,143.44980140568924,239.77059564913026,116.10787691872903,NA,initial draft
1,9,99,Chris Godwin,WR,55.19077450980392,27.820016996361908,81.61979065634773,-42.273949798741015,NA,initial draft
1,10,100,Brian Robinson Jr.,RB,27.01093137254903,76.96250787084091,100.12531384984788,-19.89213014789854,NA,initial draft
1,3,101,Cole Kmet,TE,-21.892941176470586,45.17832475718326,21.026467342853508,-95.49553720248066,NA,initial draft
1,8,102,Zach Charbonnet,RB,59.96194117647059,105.02914367978146,159.73962767226297,45.27950709964149,NA,initial draft
1,12,103,Calvin Ridley,WR,3.914921568627461,8.91973506778491,12.388669883023125,-96.86271219223,NA,initial draft
1,4,104,Amari Cooper,WR,-35.185529411764705,0,-35.185529411764705,-149.43053803942007,NA,initial draft
1,11,105,Rhamondre Stevenson,RB,36.31483333333334,100.76838949124566,132.0448033500167,20.12600253770607,NA,initial draft
1,5,106,Josh Downs,WR,-18.447411764705883,52.021757533762255,30.97325789236826,-77.1241266919555,NA,initial draft
1,2,107,Austin Ekeler,RB,-2.8957450980392108,0,-2.8957450980392108,-108.1832366260573,NA,initial draft
1,4,108,Jaylen Warren,RB,83.09111764705882,96.44620043355371,174.71500805893484,66.88863433667859,NA,initial draft
1,7,109,Hollywood Brown,WR,-0.9825686274509788,4.933275852338623,3.704043432270713,-96.21092242297269,NA,initial draft
1,2,110,rookie draft slot,8,NA,NA,132.57123580503486,28.860536634126717,NA,initial draft
1,5,111,Diontae Johnson,WR,-2.654823529411761,0,-2.654823529411761,-102.5273352508891,NA,initial draft
1,11,112,Jameson Williams,WR,46.549676470588246,150.3536075140287,189.38560360891552,90.90556849015908,NA,initial draft
1,4,113,Matthew Stafford,QB,191.75194117647064,206.8344164690435,388.2446368220619,293.42412332091567,NA,initial draft
1,12,114,Aaron Jones,RB,44.479313725490194,75.10797387402579,115.83188890581468,18.994338318279944,NA,initial draft
1,8,115,Quentin Johnston,WR,-13.045166666666669,26.840382420052073,12.4531966323828,-79.55608848887184,NA,initial draft
1,3,116,Will Levis,QB,-12.96028431372549,109.60415840794168,91.1636661738191,0.24735119525239213,NA,initial draft
1,10,117,DeAndre Hopkins,WR,-5.56069607843137,0,-5.56069607843137,-95.53013019970271,NA,initial draft
1,9,118,James Conner,RB,113.36475490196078,57.67941617512736,168.16020026833178,81.80146150331265,NA,initial draft
1,1,119,Aaron Rodgers,QB,42.00635294117647,26.080947849003675,66.78325339772996,-20.980253408170555,NA,initial draft
1,6,120,Dallas Goedert,TE,20.16658823529413,53.308402753195246,70.80957085082962,-13.04069411539993,NA,initial draft
1,6,121,Jerry Jeudy,WR,11.28386274509804,13.435556916573384,24.047641815842752,-63.28945906066798,NA,initial draft
1,1,122,Zamir White,RB,-6.6241176470588226,0,-6.6241176470588226,-84.78506120679187,NA,initial draft
1,9,123,Romeo Doubs,WR,17.821901960784317,18.679424311047836,35.56735505627976,-48.22439298473741,NA,initial draft
1,10,124,Chase Brown,RB,253.7083823529412,285.01957326432876,524.4769769540535,445.7916446400182,NA,initial draft
1,3,125,Mike Williams,WR,0,0,0,-78.77219789823411,NA,initial draft
1,8,126,Chuba Hubbard,RB,129.7657843137255,125.524094012842,249.01367362592538,171.28442157460015,NA,initial draft
1,12,127,Pat Freiermuth,TE,-0.9119607843137256,45.21818942823363,42.045319172508215,-34.12158913462261,NA,initial draft
1,4,128,Dalton Schultz,TE,-5.6768627450980365,39.78549179924225,32.1193544641821,-42.205184139045336,NA,initial draft
1,11,129,Jahan Dotson,WR,0,7.349685690661734,6.982201406128647,-65.74616725249646,NA,initial draft
1,5,130,Luke Musgrave,TE,0,26.8709162948196,25.52737048007862,-47.98896839057062,NA,initial draft
1,2,131,Daniel Jones,QB,91.77199019607843,224.83082763149272,305.3612764459965,234.20053284581073,NA,initial draft
1,7,132,Derek Carr,QB,21.24370588235294,0,21.24370588235294,-52.96654632364181,NA,initial draft
1,7,133,Jerome Ford,RB,2.9382549019607893,53.07397011262349,53.358526508953105,-20.398980360998564,NA,initial draft
1,2,134,Isaiah Likely,TE,-15.131999999999998,203.76236847831305,178.4422500543974,108.37681092167202,NA,initial draft
1,5,135,Courtland Sutton,WR,94.60474509803923,21.397235866213684,114.93211917094223,46.15325428716562,NA,initial draft
1,11,136,Raheem Mostert,RB,-15.981470588235291,0,-15.981470588235291,-85.02744898326067,NA,initial draft
1,4,137,Roschon Johnson,RB,2.3453431372549023,62.415193370403024,61.639776839137774,-6.082887279031773,NA,initial draft
1,12,138,Russell Wilson,QB,9.827990196078437,0,9.827990196078437,-55.25108804055302,NA,initial draft
1,8,139,Treylon Burks,WR,0,6.321706547460862,6.005621220087819,-56.0978771131516,NA,initial draft
1,3,140,Darren Waller,TE,0.5299509803921554,29.06848080430259,28.145007744479614,-35.84229057815821,NA,initial draft
1,10,141,Chigoziem Okonkwo,TE,0,48.44218918167683,46.02007972259299,-16.50115034555352,NA,initial draft
1,9,142,Jacoby Brissett,QB,24.565892156862745,131.90301081470494,149.87375243083244,92.80965035454625,NA,initial draft
1,1,143,Zack Moss,RB,-7.798921568627448,0,-7.798921568627448,-65.8578066047453,NA,initial draft
1,6,144,Michael Wilson,WR,58.782411764705884,66.9478075296199,122.38282891784479,63.624272330593314,NA,initial draft
1,6,145,rookie draft slot,9,NA,NA,79.32579405108635,20.41255343295613,NA,initial draft
1,1,146,DeMario Douglas,WR,1.2233823529411776,13.702032587642082,14.240313311201154,-45.16323865394424,NA,initial draft
1,9,147,Kendre Miller,RB,0,87.21066174777478,82.85012866038603,26.66096029356872,NA,initial draft
1,10,148,Jakobi Meyers,WR,22.6494411764706,16.89193062741701,38.69677527251676,-16.09042880298069,NA,initial draft
1,3,149,Gabe Davis,WR,-2.847401960784313,4.615660029176274,1.5374750669331467,-62.262946842063435,NA,initial draft
1,8,150,Keaton Mitchell,RB,0,88.47639295989053,84.052573311896,31.92985711106497,NA,initial draft
1,12,151,Devin Singletary,RB,-10.047950980392155,56.99006955809048,44.092615099793804,-11.285282028715024,NA,initial draft
1,4,152,Dontayvion Wicks,WR,-0.5524509803921571,23.002951158933243,21.300352620594424,-29.751051747945866,NA,initial draft
1,11,153,Dameon Pierce,RB,0,52.357922084701634,49.74002598046655,0.7243280009636734,NA,initial draft
1,5,154,Ty Chandler,RB,-8.948823529411763,0,-8.948823529411763,-59.7527460995177,NA,initial draft
1,2,155,Joshua Dobbs,QB,0,0,0,-48.280948993047176,NA,initial draft
1,7,156,J.K. Dobbins,RB,55.88365686274512,89.16028411896691,140.58592677576368,90.92097415326138,NA,initial draft
1,7,157,Marvin Mims Jr.,WR,-23.529892156862743,13.237150143521005,-10.954599520517789,-54.699102883296426,NA,initial draft
1,2,158,A.J. Dillon,RB,0,50.07870596974827,47.57477067126086,-2.0169479576982283,NA,initial draft
1,5,159,Jonathan Mingo,WR,0,5.745361816377727,5.45809372555884,-40.27665608616889,NA,initial draft
1,11,160,Elijah Moore,WR,0,6.005371819139333,5.705103228182366,-42.81965773428853,NA,initial draft
1,4,161,Tyler Lockett,WR,-15.537401960784312,0,-15.537401960784312,-62.422127177210356,NA,initial draft
1,12,162,Wan'Dale Robinson,WR,3.441558823529409,27.45261908434077,29.52154695365314,-16.742722046132773,NA,initial draft
1,8,163,Tyler Allgeier,RB,0.8925000000000001,86.09878187524708,82.68634278148473,37.63755285725266,NA,initial draft
1,3,164,Miles Sanders,RB,0,0,0,-45.03283979098774,NA,initial draft
1,10,165,Deuce Vaughn,RB,0,0,0,-45.776899963899226,NA,initial draft
1,9,166,Cade Otton,TE,22.81895098039216,48.87055216695301,69.24597553899753,23.552223624224894,NA,initial draft
1,1,167,Adam Thielen,WR,-3.714019607843138,0,-3.714019607843138,-44.76374558434891,NA,initial draft
1,6,168,Khalil Shakir,WR,-18.312970588235288,23.73625741768979,4.236473958570009,-38.102106533838885,NA,initial draft
1,6,169,Jalin Hyatt,WR,0,3.5474777043758774,3.3701038191570833,-41.514284573256916,NA,initial draft
1,1,170,Taysom Hill,TE,33.65632352941177,0,33.65632352941177,-5.120968816803959,NA,initial draft
1,9,171,Rashid Shaheed,WR,-2.7635686274509803,12.894765986417342,9.486459059645494,-29.91759990232305,NA,initial draft
1,10,172,Rashod Bateman,WR,6.46093137254902,13.731519144599613,19.505874559918652,-17.467896283678883,NA,initial draft
1,3,173,Cam Akers,RB,0,0,0,-35.631545302539415,NA,initial draft
1,8,174,Joshua Palmer,WR,0.2710294117647081,5.970915724618839,5.943399350152605,-35.36470190205203,NA,initial draft
1,12,175,rookie draft slot,10,NA,NA,119.03690639292432,78.8619166123004,NA,initial draft
1,4,176,Antonio Gibson,RB,5.085343137254901,0,5.085343137254901,-30.560231360645602,NA,initial draft
1,11,177,Tucker Kraft,TE,27.404352941176473,248.292319214518,263.28205619496856,223.77233472245916,NA,initial draft
1,5,178,Khalil Herbert,RB,0,53.38587423803491,50.716580526133164,12.599027438642842,NA,initial draft
1,2,179,Alec Pierce,WR,-2.8867352941176474,49.06372051942545,43.723799199336526,1.6229089865027504,NA,initial draft
1,7,180,Tank Bigsby,RB,-4.075490196078431,87.93304846568597,79.46090584632323,43.38741889361661,NA,initial draft
1,7,181,Gus Edwards,RB,11.880196078431377,0,11.880196078431377,-26.27330532980094,NA,initial draft
1,2,182,Greg Dulcich,TE,0,46.50776030632385,44.18237229100766,9.372970475983287,NA,initial draft
1,5,183,Tyler Boyd,WR,0,0,0,-37.56084652141041,NA,initial draft
1,11,184,Alexander Mattison,RB,6.788470588235297,50.55086969511842,54.8117967985978,20.303617825586457,NA,initial draft
1,4,185,Elijah Mitchell,RB,0,0,0,-41.322798467641874,NA,initial draft
1,12,186,Brandin Cooks,WR,0,0,0,-41.323866427980334,NA,initial draft
1,8,187,Sam Howell,QB,0,104.60323282069636,99.37307117966154,63.417205268872415,NA,initial draft
1,3,188,Curtis Samuel,WR,0,0,0,-32.48303392381456,NA,initial draft
1,10,189,Kenny Pickett,QB,-9.909803921568628,0,-9.909803921568628,-49.07197723669917,NA,initial draft
1,9,190,Israel Abanikanda,RB,0,47.25977834275385,44.896789425616156,8.247467793584214,NA,initial draft
1,1,191,Kenny Gainwell,RB,47.51087254901961,82.92196430002488,126.28673863404325,89.3775408058698,NA,initial draft
1,6,192,Trey Palmer,WR,0,6.355329830228962,6.037563338717514,-36.31801688986548,NA,initial draft
1,6,193,Skyy Moore,WR,0,3.2041812482750576,3.0439721858613047,-35.33162321474056,NA,initial draft
1,1,194,Darnell Mooney,WR,34.93713725490197,6.846923176557138,41.44171427263125,3.056889081786629,NA,initial draft
1,9,195,Ezekiel Elliott,RB,-7.899656862745098,0,-7.899656862745098,-46.72978323763215,NA,initial draft
1,10,196,Juwan Johnson,TE,35.84956862745098,47.11230377048155,80.60625720940845,41.76364940291171,NA,initial draft
1,3,197,Trey Lance,QB,0,108.24134681820692,102.82927947729657,70.70600461467234,NA,initial draft
1,8,198,A.T. Perry,WR,0,0,0,-36.035308818293466,NA,initial draft
1,12,199,John Metchie III,WR,-4.61813725490196,5.4419252131453355,0.5516916975861088,-35.56722529342363,NA,initial draft
1,4,200,JuJu Smith-Schuster,WR,0,0,0,-37.50146903427445,NA,initial draft
1,11,201,rookie draft slot,12,NA,NA,9.959803921568607,-23.95414767030735,NA,initial draft
1,5,202,Rondale Moore,WR,0,0,0,-37.03922797296765,NA,initial draft
1,2,203,Matt Gay,K,-2.7024509803921566,0,-2.7024509803921566,-36.95947481312208,NA,initial draft
1,7,204,Sam Darnold,QB,177.46425490196077,278.4516956794153,441.9933657974053,411.44382898365404,NA,initial draft
1,7,205,Rico Dowdle,RB,71.54150000000001,83.12452587649395,150.50979958266925,113.81244750870897,NA,initial draft
1,2,206,Brandon McManus,K,-1.561274509803921,0,-1.561274509803921,-34.39990477101354,NA,initial draft
1,5,207,Hendon Hooker,QB,0,0,0,-35.61486191778157,NA,initial draft
1,11,208,Aidan O'Connell,QB,-0.6055588235294103,101.7316976856325,96.03955397782146,65.76505807056158,NA,initial draft
1,4,209,rookie draft slot,11,NA,NA,48.074475573926975,13.817601144809927,NA,initial draft
1,12,210,Chris Rodriguez Jr.,RB,0,77.73233831928009,73.84572140331608,41.86451322500455,NA,initial draft
1,8,211,Isaiah Spiller,RB,0,0,0,-32.685052941244074,NA,initial draft
1,3,212,Michael Thomas,WR,0,0,0,-36.976568044543306,NA,initial draft
1,10,213,Dalvin Cook,RB,0,0,0,-39.824949512109896,NA,initial draft
1,9,214,D'Onta Foreman,RB,0,0,0,-34.57766266880225,NA,initial draft
1,1,215,Zay Jones,WR,0,0,0,-35.879548407287174,NA,initial draft
1,6,216,Andrei Iosivas,WR,-0.3775098039215674,4.345169077569219,3.7504008197691903,-26.670854816334554,NA,initial draft
1,6,217,Kadarius Toney,WR,0,0,0,-38.37022945084805,NA,initial draft
1,1,218,Mike Gesicki,TE,-30.132647058823533,26.635038058812633,-4.829360902951532,-36.89048448506871,NA,initial draft
1,9,219,Jason Sanders,K,31.791176470588233,0,31.791176470588233,-1.8727427184257337,NA,initial draft
1,10,220,Odell Beckham Jr.,WR,0,9.76693043102874,9.278583909477303,-22.97921348197248,NA,initial draft
1,3,221,Allen Lazard,WR,7.276078431372552,0,7.276078431372552,-35.01897930787761,NA,initial draft
1,8,222,Jaleel McLaughlin,RB,-15.472941176470584,54.007673082523006,35.83434825192627,-1.3009074248905534,NA,initial draft
1,12,223,Mac Jones,QB,46.568107843137255,136.18683126091102,175.9455975410027,141.4038552848723,NA,initial draft
1,7,224,Noah Fant,TE,2.8010294117647057,24.73045808122575,26.294964588929165,-13.782615082477104,NA,initial draft
1,11,225,Dawson Knox,TE,0,27.44682925120992,26.07448778864942,-10.713474031141985,NA,initial draft
1,5,226,Jamaal Williams,RB,0,0,0,-39.583245827156986,NA,initial draft
1,2,227,Cedric Tillman,WR,-10.286892156862743,6.2337659210876,-4.3648145318295235,-42.44551007486221,NA,initial draft
1,7,228,Mecole Hardman,WR,0,0,0,-35.62642072983057,NA,initial draft
2,1,1,Caleb Williams,QB,246.21095098039214,605.4995575606326,821.4355306629931,245.2134006373234,576.2221300256697,2024 rookie draft
2,1,2,Marvin Harrison Jr.,WR,2.3445686274510003,116.32652438138982,112.85476678977132,-400.11705294959603,512.9718197393673,2024 rookie draft
2,9,3,Malik Nabers,WR,100.14122549019608,359.3135003956349,441.4890508660492,-28.691631786924404,470.1806826529736,2024 rookie draft
2,10,4,Jayden Daniels,QB,191.50288235294116,541.1659169549382,705.6105034601323,273.02907752660644,432.5814259335259,2024 rookie draft
2,3,5,Brock Bowers,TE,201.75249999999997,456.29167847402783,635.2295945503264,237.18537608525253,398.04421846507387,2024 rookie draft
2,8,6,Rome Odunze,WR,26.789000000000016,189.4846008158998,206.79937077510482,-163.90735772046213,370.70672849556695,2024 rookie draft
2,5,7,J.J. McCarthy,QB,23.071235294117653,144.38494775695844,160.23693566322817,-188.6825243654402,348.91946002866837,2024 rookie draft
2,2,8,Drake Maye,QB,218.94609803921568,551.7529545286834,743.111404841465,417.2974703033057,325.81393453815923,2024 rookie draft
2,6,9,Xavier Worthy,WR,-33.35966666666666,36.572716908579615,1.3844143964839688,-306.86870640231086,308.25312079879484,2024 rookie draft
2,12,10,Jonathon Brooks,RB,0,137.43504143967593,130.56328936769214,-158.88688958006063,289.45017894775276,2024 rookie draft
2,4,11,Trey Benson,RB,0,69.11176110894617,65.65617305349886,-207.9956584180281,273.651831471527,2024 rookie draft
2,11,12,Brian Thomas Jr.,WR,66.18019607843138,140.74066186974872,199.88382485469265,-56.68556083013766,256.5693856848303,2024 rookie draft
2,7,13,Keon Coleman,WR,-8.452872549019606,22.178796419315795,12.616984049330398,-226.8357847335554,239.4527687828858,2024 rookie draft
2,7,14,Bo Nix,QB,226.7128725490196,423.12266140271066,628.6794008815948,400.84400332854375,227.83539755305108,2024 rookie draft
2,9,15,Michael Penix Jr.,QB,19.946578431372547,174.6082473805548,185.82441344289958,-28.34052930850146,214.16494275140104,2024 rookie draft
2,10,16,Ladd McConkey,WR,100.72018627450983,184.77673236763005,276.2580820237584,69.91968652045344,206.33839550330495,2024 rookie draft
2,3,17,Adonai Mitchell,WR,0.18273529411764677,19.467609651721013,18.67696446325261,-179.14314694167376,197.82011140492637,2024 rookie draft
2,8,18,Blake Corum,RB,0,139.39832233458924,132.42840621785976,-51.12888961504501,183.55729583290477,2024 rookie draft
2,5,19,Xavier Legette,WR,-8.167254901960785,7.529224728654269,-1.0144914097392297,-167.49972662614184,166.4852352164026,2024 rookie draft
2,2,20,Ja'Lynn Polk,WR,0,0,0,-162.21579602496806,162.21579602496806,2024 rookie draft
2,6,21,MarShawn Lloyd,RB,0,87.65860282996718,83.27567268846882,-67.7771030828042,151.05277577127302,2024 rookie draft
2,12,22,Roman Wilson,WR,0,15.149803628457557,14.392313447034677,-126.75318726792447,141.14550071495916,2024 rookie draft
2,4,23,Ricky Pearsall,WR,0,13.615905850374896,12.93511055785615,-120.65319089164404,133.5883014495002,2024 rookie draft
2,11,24,Ben Sinnott,TE,0,34.37968729094162,32.660702926394535,-94.16509027545028,126.82579320184482,2024 rookie draft
2,7,25,Kimani Vidal,RB,-1.003127450980393,77.0155889733579,72.16168207370961,-50.20210481840374,122.36378689211335,2024 rookie draft
2,1,26,Jermaine Burton,WR,0,0,0,-111.61864802099385,111.61864802099385,2024 rookie draft
2,9,27,Jaylen Wright,RB,-12.511382352941174,91.31288019043228,74.23585382796949,-32.424507740787874,106.66036156875737,2024 rookie draft
2,10,28,Ja'Tavion Sanders,TE,-1.9125490196078427,41.48671785110521,37.499832938942106,-60.35477422159194,97.85460716053404,2024 rookie draft
2,3,29,Ray Davis,RB,-6.478823529411764,70.51481470246561,60.51025043793057,-32.49153478763045,93.00178522556102,2024 rookie draft
2,8,30,Troy Franklin,WR,14.109215686274512,20.65585687049627,33.732279713245966,-54.00365524504398,87.73593495828995,2024 rookie draft
2,5,31,Bucky Irving,RB,150.61346078431376,260.4643922757307,398.05463344625787,315.02892022317155,83.02571322308629,2024 rookie draft
2,2,32,Braelon Allen,RB,-6.152107843137255,97.27778523656418,86.2617881315987,9.608684116089648,76.65310401550906,2024 rookie draft
2,6,33,Jalen McMillan,WR,-5.34578431372549,19.63065784573907,13.303340639726626,-58.89335169332466,72.19669233305129,2024 rookie draft
2,12,34,Cody Schrader,RB,0,0,0,-65.97292354302945,65.97292354302945,2024 rookie draft
2,4,35,Malachi Corley,WR,0,6.431281755355628,6.109717667587846,-54.002890425580034,60.11260809316788,2024 rookie draft
2,11,36,Audric Estime,RB,0,57.26482124435041,54.40158018213288,-5.868271077342385,60.26985125947527,2024 rookie draft
3,9,1,Cameron Ward,QB,-16.599980392156862,348.59452005429495,314.56481365942335,-261.65731636624633,576.2221300256697,2025 rookie draft
3,11,2,Travis Hunter,WR,-8.80613725490196,21.94068764438148,12.037516007260445,-500.9343037321069,512.9718197393673,2025 rookie draft
3,1,3,Ashton Jeanty,RB,99.7224117647059,427.594643617144,505.9373232009927,35.75664054801911,470.1806826529736,2025 rookie draft
3,8,4,Omarion Hampton,RB,59.486362745098035,445.8048668465553,483.0009862493256,50.419560315799686,432.5814259335259,2025 rookie draft
3,4,5,Tetairoa McMillan,WR,54.16706862745097,304.8225907481624,343.74852983820523,-54.29568862686864,398.04421846507387,2025 rookie draft
3,5,6,Emeka Egbuka,WR,23.714264705882357,248.24926423040395,259.5510657247661,-111.15566277080086,370.70672849556695,2025 rookie draft
3,3,7,Matthew Golden,WR,-9.809784313725487,171.61011593824605,153.21982582760825,-195.69963420106012,348.91946002866837,2025 rookie draft
3,1,8,Tyler Warren,TE,52.97283333333333,371.9126524119444,406.28985312468046,80.47591858652123,325.81393453815923,2025 rookie draft
3,12,9,TreVeyon Henderson,RB,18.308990196078422,255.4846840933081,261.0194400847211,-47.23368071407373,308.25312079879484,2025 rookie draft
3,10,10,Quinshon Judkins,RB,44.470450980392165,281.7149830151857,312.09968484481857,22.649505897065808,289.45017894775276,2025 rookie draft
3,6,11,Colston Loveland,TE,-13.909245098039214,427.91637043159807,392.6113068119789,118.95947534045195,273.651831471527,2025 rookie draft
3,8,12,RJ Harvey,RB,51.18600980392158,103.05975981782828,149.09278163085844,-107.47660405397187,256.5693856848303,2025 rookie draft
3,9,13,Cam Skattebo,RB,47.90226470588235,259.10789501932237,294.0547649742386,54.60199619135278,239.4527687828858,2025 rookie draft
3,5,14,Jayden Higgins,WR,-0.09275490196077918,27.329885583,25.87063640188922,-201.96476115116187,227.83539755305108,2025 rookie draft
3,4,15,Kaleb Johnson,RB,0,89.25508179070047,84.79232770116545,-129.3726150502356,214.16494275140104,2025 rookie draft
3,2,16,Jaxson Dart,QB,59.281617647058816,534.5722140935579,567.1252210359388,360.7868255326339,206.33839550330495,2025 rookie draft
3,1,17,Tre Harris,WR,0,19.326157352771755,18.359849485133168,-179.4602619197932,197.82011140492637,2025 rookie draft
3,8,18,Luther Burden,WR,-4.288749999999999,227.220996730128,211.5711968936216,28.01390106071682,183.55729583290477,2025 rookie draft
3,3,19,Jack Bech,WR,0,16.150004585579175,15.342504356300216,-151.14273086010238,166.4852352164026,2025 rookie draft
3,5,20,Jalen Milroe,QB,0,140.79953138193457,133.75955481283785,-28.45624121213021,162.21579602496806,2025 rookie draft
3,12,21,Tyler Shough,QB,30.08,391.80999428599625,402.2994945716964,251.2467188004234,151.05277577127302,2025 rookie draft
3,1,22,Shedeur Sanders,QB,0,160.71398079916315,152.678281759205,11.532781044245837,141.14550071495916,2025 rookie draft
3,8,23,Kyle Williams,WR,0,13.735260784356289,13.048497745138473,-120.53980370436172,133.5883014495002,2025 rookie draft
3,12,24,Jaylin Noel,WR,0,17.599063412771535,16.719110242132956,-110.10668295971186,126.82579320184482,2025 rookie draft
3,7,25,Mason Taylor,TE,0,71.91504928044876,68.31929681642632,-54.04449007568704,122.36378689211335,2025 rookie draft
3,11,26,Bhayshul Tuten,RB,-19.12489215686274,278.1410400953417,245.10909593371187,133.49044791271803,111.61864802099385,2025 rookie draft
3,11,27,Terrance Ferguson,TE,0,100.32597032699184,95.30967181064224,-11.350689758115124,106.66036156875737,2025 rookie draft
3,6,28,Jalen Royals,WR,0,9.940590013847796,9.443560513155406,-88.41104664737864,97.85460716053404,2025 rookie draft
3,7,29,Jaydon Blue,RB,0,53.09828685146936,50.44337250889589,-42.55841271666513,93.00178522556102,2025 rookie draft
3,7,30,Pat Bryant,WR,0,22.64060429117189,21.508574076613293,-66.22736088167665,87.73593495828995,2025 rookie draft
3,3,31,Devin Neal,RB,0,54.57882168239355,51.84988059827387,-31.175832624812415,83.02571322308629,2025 rookie draft
3,5,32,Elijah Arroyo,TE,0,70.57527775742625,67.04651386955493,-9.60659014595413,76.65310401550906,2025 rookie draft
3,12,33,Harold Fannin,TE,41.692990196078426,333.6316438612887,358.64305186430266,286.44635953125135,72.19669233305129,2025 rookie draft
3,10,34,Elic Ayomanor,WR,-5.4705980392156865,19.90634566227989,13.440430339950208,-52.53249320307924,65.97292354302945,2025 rookie draft
3,9,35,Dylan Sampson,RB,1.6367352941176474,89.50674254357513,86.66814071051401,26.55553261734613,60.11260809316788,2025 rookie draft
3,2,36,Will Howard,QB,0,124.62357837831414,118.39239945939842,58.12254819992315,60.26985125947527,2025 rookie draft
4,11,1,Jeremiyah Love,RB,1.1423333333333332,508.04644716207656,483.78645813730606,-92.43567188836363,576.2221300256697,2026 rookie draft
4,3,2,Fernando Mendoza,QB,0,442.6703024139181,420.5367872932222,-92.43503244614516,512.9718197393673,2026 rookie draft
4,8,3,Carnell Tate,WR,-2.8916666666666666,287.56135904097545,270.29162442226,-199.8890582307136,470.1806826529736,2026 rookie draft
4,9,4,Jordyn Tyson,WR,0,238.694346592999,226.75962926334904,-205.82179667017687,432.5814259335259,2026 rookie draft
4,11,5,Jadarian Price,RB,0,304.2057256794928,288.99543939551813,-109.04877906955574,398.04421846507387,2026 rookie draft
4,12,6,Josh Cameron,WR,0,7.204337399303263,6.8441205293381,-363.86260796622884,370.70672849556695,2026 rookie draft
4,7,7,Kenyon Sadiq,TE,0,279.1079907284612,265.15259119203813,-83.76686883663024,348.91946002866837,2026 rookie draft
4,8,8,Makai Lemon,WR,0,205.55018776320975,195.27267837504925,-130.54125616310998,325.81393453815923,2026 rookie draft
4,10,9,KC Concepcion,WR,0,199.6088698962508,189.62842640143825,-118.62469439735659,308.25312079879484,2026 rookie draft
4,1,10,Ty Simpson,QB,0,263.47054562290907,250.29701834176362,-39.15316060598914,289.45017894775276,2026 rookie draft
4,4,11,Eli Stowers,TE,0,86.75095124779182,82.41340368540223,-191.23842778612476,273.651831471527,2026 rookie draft
4,8,12,Omar Cooper Jr.,WR,0,45.71618762409537,43.4303782428906,-213.13900744193973,256.5693856848303,2026 rookie draft
4,11,13,Denzel Boston,WR,0,109.91116312356284,104.4156049673847,-135.03716381550112,239.4527687828858,2026 rookie draft
4,3,14,Jonah Coleman,RB,0,151.62108060336496,144.0400265731967,-83.79537097985437,227.83539755305108,2026 rookie draft
4,6,15,Elijah Sarratt,WR,0,21.308971825167372,20.243523233909002,-193.92141951749204,214.16494275140104,2026 rookie draft
4,7,16,Zachariah Branch,WR,0,23.502406110994144,22.327285805444436,-184.01110969786052,206.33839550330495,2026 rookie draft
4,5,17,Chris Bell,WR,0,33.78872123576726,32.0992851739789,-165.72082623094747,197.82011140492637,2026 rookie draft
4,12,18,Michael Trigg,TE,0,26.170266518225148,24.861753192313888,-158.69554264059087,183.55729583290477,2026 rookie draft
4,2,19,Germie Bernard,WR,0,20.016410724167766,19.015590187959376,-147.4696450284432,166.4852352164026,2026 rookie draft
4,6,20,Carson Beck,QB,0,167.0394643539096,158.6874911362141,-3.5283048887539508,162.21579602496806,2026 rookie draft
4,10,21,Nicholas Singleton,RB,0,90.33965888985144,85.82267594535885,-65.23009982591417,151.05277577127302,2026 rookie draft
4,1,22,Emmett Johnson,RB,0,101.54818450950968,96.47077528403419,-44.674725430924966,141.14550071495916,2026 rookie draft
4,5,23,Chris Brazzell II,WR,0,14.303396964763325,13.588227116525157,-120.00007433297503,133.5883014495002,2026 rookie draft
4,1,24,Antonio Williams,WR,0,30.7377060420657,29.200820739962413,-97.62497246188241,126.82579320184482,2026 rookie draft
4,11,25,Garrett Nussmeier,QB,0,123.58679517798814,117.40745541908872,-4.956331473024633,122.36378689211335,2026 rookie draft
4,3,26,Ted Hurst,WR,0,20.70548947234582,19.67021499872853,-91.94843302226532,111.61864802099385,2026 rookie draft
4,8,27,Ja'Kobi Lane,WR,0,32.62879045119456,30.99735092863483,-75.66301064012254,106.66036156875737,2026 rookie draft
4,9,28,De'Zhaun Stribling,WR,0,78.47828417854146,74.55436996961438,-23.30023719091966,97.85460716053404,2026 rookie draft
4,4,29,Kaytron Allen,RB,0,86.97257476788008,82.62394602948606,-10.377839196074959,93.00178522556102,2026 rookie draft
4,12,30,Mike Washington Jr.,RB,0,108.34151556141484,102.92443978334408,15.188504825054139,87.73593495828995,2026 rookie draft
4,2,31,Drew Allar,QB,0,176.23018230903585,167.41867319358406,84.39295997049777,83.02571322308629,2026 rookie draft
4,1,32,Skyler Bell,WR,0,18.265397682788805,17.352127798649363,-59.300976216859695,76.65310401550906,2026 rookie draft
4,10,33,Malachi Fields,WR,0,28.035767347443524,26.633978980071348,-45.56271335297994,72.19669233305129,2026 rookie draft
4,6,34,Deion Burks,WR,0,5.116362483500479,4.860544359325455,-61.112379183704,65.97292354302945,2026 rookie draft
4,10,35,Max Klare,TE,0,60.82384454131757,57.78265231425169,-2.3299557789161867,60.11260809316788,2026 rookie draft
4,7,36,Oscar Delp,TE,0,52.490173310964906,49.86566464541666,-10.40418661405861,60.26985125947527,2026 rookie draft
