roster_id,position,realized_value,future_value
1,QB,335.72773529411785,1075.7843505780133
2,QB,595.131774509804,1064.307119790189
3,QB,439.7893333333335,1324.692315174676
4,QB,551.9929901960785,1527.856902199951
5,QB,328.1131372549021,694.8457093325261
6,QB,586.6663039215689,1425.908947200506
7,QB,520.9111470588234,1313.8160461347568
8,QB,535.6648137254901,1152.3866588465798
9,QB,349.3071568627451,1315.322196403234
10,QB,368.7339901960784,1058.4854179187732
11,QB,434.711568627451,873.1911386508561
12,QB,456.04982352941187,1017.3083486895509
1,RB,383.1167352941176,1118.85790221047
2,RB,349.89324509803936,458.0493816553428
3,RB,362.2485490196078,970.3451128038987
4,RB,768.7494803921569,1454.7373060122807
5,RB,449.7149705882355,544.2302673457637
6,RB,584.5653921568629,1051.3182091686067
7,RB,879.085705882353,881.007366564023
8,RB,389.00312745098046,1034.8525023709935
9,RB,263.3121470588236,813.2865082945088
10,RB,276.4841666666667,580.7969125956712
11,RB,219.1010098039216,1516.4593591474268
12,RB,761.3103039215686,1064.2722233711252
1,WR,534.0970392156863,935.7109234358086
2,WR,462.7497941176471,708.9174326356645
3,WR,234.52073529411777,906.7532035638816
4,WR,438.9724019607843,780.8477274866899
5,WR,256.16844117647065,650.5772377208682
6,WR,261.4687450980393,747.8050658432708
7,WR,729.7232352941179,1266.5612472736188
8,WR,124.04168627450986,904.6376942546485
9,WR,312.4029509803921,947.1206986327535
10,WR,538.0038235294119,782.9875933065741
11,WR,157.54272549019615,602.7854752084424
12,WR,236.20389215686276,312.71043300708203
1,TE,94.39311764705883,406.06290383539033
2,TE,12.445705882352957,229.25260404181992
3,TE,197.59436274509804,471.0575936308002
4,TE,326.5605392156863,575.4176998506018
5,TE,97.65052941176472,128.59873352837863
6,TE,39.932098039215695,460.0084803724035
7,TE,60.942254901960794,891.6673233628591
8,TE,-3.4420686274509693,382.60049019675563
9,TE,88.96501960784313,156.00158503105837
10,TE,193.75833333333338,187.2660367282859
11,TE,60.83694117647062,303.31391366447036
12,TE,106.45833333333336,606.8724226580962
1,K,44.00000000000001,0
2,K,30.66666666666667,0
3,K,-3.9999999999999947,0
4,K,106,0
5,K,38.00000000000001,0
6,K,44.96470588235297,0
7,K,61.00000000000001,0
8,K,46.00000000000002,0
9,K,51.000000000000014,0
10,K,142.6,0
11,K,47.939705882352946,0
12,K,82,0
1,DST,57.298529411764726,0
2,DST,50.58186274509806,0
3,DST,108.66666666666669,0
4,DST,85.66666666666667,0
5,DST,143.66666666666669,0
6,DST,50.84068627450982,0
7,DST,119.66666666666664,0
8,DST,63.949019607843155,0
9,DST,68.84705882352942,0
10,DST,90.58186274509806,0
11,DST,21.666666666666686,0
12,DST,132.66666666666666,0
