season,name,player_id,position,total_value_added,total_points
2025,Christian McCaffrey,4034,RB,268.7131862745098,404.9
2024,Lamar Jackson,4881,QB,258.03999019607846,411.4
2025,Bijan Robinson,9509,RB,228.2581862745098,363.5
2025,Jonathan Taylor,6813,RB,217.6062352941176,356.4
2024,Ja'Marr Chase,7564,WR,213.2739019607843,377.4
2025,Puka Nacua,9493,WR,205.37048039215688,349
2025,Jahmyr Gibbs,9221,RB,205.28349019607845,346.6
2025,Josh Allen,4984,QB,205.21273529411764,374.61999999999995
2024,Josh Allen,4984,QB,193.43622549019608,385.04
2024,Saquon Barkley,4866,RB,191.8389019607843,355.2999999999999
2025,Jaxon Smith-Njigba,9488,WR,188.08034313725491,345.50000000000006
2025,De'Von Achane,9226,RB,184.91589215686275,322.79999999999995
2024,Joe Burrow,6770,QB,182.5637549019608,367.84
2024,Jahmyr Gibbs,9221,RB,181.14931372549023,316.90000000000003
2025,Trey McBride,8130,TE,180.73186274509808,302.4
2025,Drake Maye,11564,QB,177.44356862745096,344.21999999999997
2024,Baker Mayfield,4892,QB,167.80817647058825,358.16
2025,Caleb Williams,11560,QB,166.1316568627451,307.59999999999997
2024,Bijan Robinson,9509,RB,166.053637254902,310.40000000000003
2025,Trevor Lawrence,7523,QB,161.16276470588235,326.88
2025,James Cook,8138,RB,158.52873529411767,300.7
2024,Jared Goff,3163,QB,157.03470588235294,325.22
2025,Patrick Mahomes,4046,QB,151.27737254901956,296.68
2025,Amon-Ra St. Brown,7547,WR,150.53694117647063,299.09999999999997
2025,Ja'Marr Chase,7564,WR,150.31513725490194,289.99999999999994
2024,Justin Jefferson,6794,WR,149.1438725490196,309.08
2024,De'Von Achane,9226,RB,149.11936274509804,281.8
2025,Dak Prescott,3294,QB,148.12297058823532,323.08000000000004
2024,Jayden Daniels,11566,QB,144.61300980392156,357.6000000000001
2024,Amon-Ra St. Brown,7547,WR,142.74065686274508,302.48
2024,Derrick Henry,3198,RB,142.65806862745097,306.29999999999995
2025,Matthew Stafford,421,QB,141.3258823529412,330.72
2025,Jalen Hurts,6904,QB,136.05674509803922,307.0599999999999
2024,Alvin Kamara,4035,RB,135.47538235294118,265.3
2024,Jalen Hurts,6904,QB,134.0574215686275,320.12000000000006
2024,Chase Brown,9224,RB,132.91313725490198,255.00000000000009
2024,Kyren Williams,8150,RB,131.05293137254904,272.09999999999997
2025,Justin Herbert,6797,QB,127.88156862745096,299.88
2025,George Pickens,8137,WR,127.74556862745098,290.00000000000006
2024,George Kittle,4217,TE,127.3196568627451,231.89999999999995
2024,Brock Purdy,8183,QB,127.23279411764707,278.86
2024,Brock Bowers,11604,TE,122.96338235294115,247.7
2025,Bo Nix,11563,QB,116.96010784313724,305.3
2024,Trey McBride,8130,TE,116.13887254901962,230.3
2024,James Cook,8138,RB,115.46320588235297,257.9
2025,Jared Goff,3163,QB,113.63897058823528,288.82
2025,Chris Olave,8144,WR,112.15482352941176,269
2024,Sam Darnold,4943,QB,111.76450980392156,310.32
2025,Chase Brown,9224,RB,111.01191176470589,260.6
2025,Baker Mayfield,4892,QB,110.6856862745098,268.70000000000005
2024,Bo Nix,11563,QB,105.69276470588235,295.65999999999997
2024,James Conner,4137,RB,103.79211764705882,253.8
2024,Josh Jacobs,5850,RB,103.71958823529413,281.5
2025,Brock Purdy,8183,QB,103.64209803921568,181.2
2024,CeeDee Lamb,6786,WR,102.90263725490198,263.4
2024,Jonathan Taylor,6813,RB,100.5046862745098,218.7
2024,Malik Nabers,11632,WR,99.82880392156864,254.2
2024,David Montgomery,5892,RB,99.65441176470588,221.72000000000003
2024,Patrick Mahomes,4046,QB,99.51695098039217,294.0199999999999
2024,Chuba Hubbard,7594,RB,98.0626274509804,241.6
2024,Tee Higgins,6801,WR,96.23823529411766,212.80000000000004
2024,Puka Nacua,9493,WR,95.40480392156864,206.6
2024,Joe Mixon,4018,RB,92.9957843137255,236.7
2025,Davante Adams,2133,WR,92.71235294117648,222.9
2024,A.J. Brown,5859,WR,90.03406862745099,216.9
2024,Kyler Murray,5849,QB,89.94155882352943,280.36000000000007
2025,Javonte Williams,7588,RB,89.19775490196078,242.8
2025,Josh Jacobs,5850,RB,88.71764705882356,237.1
2024,Nico Collins,7569,WR,88.43397058823531,195.8
2025,Lamar Jackson,4881,QB,85.16773529411765,200.44
2025,Kyren Williams,8150,RB,84.81593137254902,252.2
2024,Mike Evans,2216,WR,83.48582352941177,222.5
2025,George Kittle,4217,TE,83.3513725490196,153.6
2025,Daniel Jones,5870,QB,82.96889215686275,233.44
2025,D'Andre Swift,6790,RB,82.91904901960785,222.8
2024,Davante Adams,2133,WR,82.24548039215688,220.49999999999997
2024,Bucky Irving,11584,RB,81.9798431372549,227.99999999999997
2024,Breece Hall,8155,RB,80.91420588235295,222.7
2025,Nico Collins,7569,WR,80.46802941176472,226.2
2025,Brock Bowers,11604,TE,78.78911764705882,176.20000000000005
2024,Ladd McConkey,11635,WR,76.16735294117649,224.4
2024,Drake London,8112,WR,75.98357843137256,240.1
2024,Jaxon Smith-Njigba,9488,WR,75.9097254901961,247.7
2025,Seattle Seahawks,SEA,DST,75.71372549019608,152
2025,Derrick Henry,3198,RB,75.02362745098038,266.90000000000003
2025,Sam Darnold,4943,QB,75.01241176470589,240.6
2024,Garrett Wilson,8146,WR,74.62155882352943,242.8
2025,Ashton Jeanty,12527,RB,74.10824509803923,232.70000000000007
2025,Drake London,8112,WR,72.90135294117647,184.1
2025,Breece Hall,8155,RB,72.6065980392157,207.66000000000005
2024,Brian Thomas Jr.,11631,WR,70.71967647058824,266.7
2024,Terry McLaurin,5927,WR,70.30691176470589,247.6
2025,Jaylen Warren,8228,RB,69.87753921568627,202.2
2025,Ka'imi Fairbairn,3451,K,69.35245098039215,164
2025,Travis Etienne,7543,RB,69.32458823529412,249.1
2025,Saquon Barkley,4866,RB,67.40985294117647,232.3
2025,CeeDee Lamb,6786,WR,65.35972549019608,199.49999999999997
2024,Courtland Sutton,5045,WR,65.3045,219.50000000000003
2024,Chris Boswell,1945,K,64.80245098039215,181
2024,Jordan Addison,9756,WR,63.39645098039216,211.50000000000003
2025,Kenny Gainwell,7567,RB,62.2748431372549,195.4
2024,Travis Kelce,1466,TE,60.451029411764715,195.4
2024,Kareem Hunt,4098,RB,58.98553921568627,155.40000000000003
2025,Michael Wilson,10232,WR,58.87407843137255,150.1
2024,Jordan Love,6804,QB,58.41506862745098,242.1
2025,Jordan Love,6804,QB,58.10446078431373,240.14
2025,Rashee Rice,10229,WR,56.017107843137246,150.10000000000002
2025,Brandon Aubrey,11533,K,55.937745098039215,176.6
2024,Brandon Aubrey,11533,K,55.67745098039215,171
2024,Zach Charbonnet,9753,RB,54.85621568627451,177.8
2024,Denver Broncos,DEN,DST,54.317647058823546,131
2024,Tyreek Hill,3321,WR,54.213176470588245,214.2
2024,Rachaad White,8136,RB,54.14998039215688,199.6
2024,Kenneth Walker III,8151,RB,53.777058823529416,181.2
2024,Caleb Williams,11560,QB,51.59929411764706,249.62
2024,Tony Pollard,5967,RB,51.259460784313745,194.50000000000003
2025,RJ Harvey,12489,RB,51.18600980392158,202.3
2025,Omarion Hampton,12507,RB,51.07219607843137,135.7
2024,D.J. Moore,4983,WR,51.0238725490196,216
2025,Bucky Irving,11584,RB,50.71695098039217,127.69999999999996
2025,Jaxson Dart,12508,QB,49.38161764705882,225.18
2024,Ka'imi Fairbairn,3451,K,48.143137254901966,160
2025,Pittsburgh Steelers,PIT,DST,47.88039215686275,134
2025,Harold Fannin,12506,TE,47.409656862745095,186.4
2025,Rico Dowdle,7021,RB,46.831833333333336,202.50000000000003
2025,Tetairoa McMillan,12526,WR,46.75873529411764,200.9
2025,Baltimore Ravens,BAL,DST,46.69950980392157,91
2024,Geno Smith,1373,QB,46.48556862745099,253.68
2025,Marcus Mariota,2307,QB,46.210568627450975,132.5
2024,Cooper Kupp,4039,WR,46.02125490196079,175
2025,Aaron Rodgers,96,QB,45.575196078431375,215.32
2025,Mac Jones,7527,QB,45.27980392156863,135.03999999999996
2025,Tyler Warren,12518,TE,45.10616666666666,180.9
2024,J.K. Dobbins,6806,RB,45.08310784313726,181.3
2025,Cam Skattebo,12481,RB,44.49393137254902,127.70000000000002
2025,Houston Texans,HOU,DST,43.81078431372549,148
2025,DeVonta Smith,7525,WR,43.77388235294117,193.6
2025,Denver Broncos,DEN,DST,43.199019607843134,129
2025,Quinshon Judkins,12512,RB,43.053784313725494,169.79999999999998
2025,Philadelphia Eagles,PHI,DST,42.30343137254902,142
2025,Cameron Dicker,8259,K,42.069117647058825,151
2025,Garrett Wilson,8146,WR,41.71142156862745,99.5
2025,Tee Higgins,6801,WR,41.63925490196079,192.9
2025,Zay Flowers,9997,WR,40.84508823529413,213.49999999999997
2024,Tua Tagovailoa,6768,QB,40.48041176470588,185.58
2024,Sam LaPorta,10859,TE,40.215539215686285,161.3
2025,Kyle Pitts,7553,TE,40.16464705882353,199
2025,Joe Flacco,19,QB,39.367176470588234,155.14
2024,Cameron Dicker,8259,K,38.98235294117648,147
2024,Justin Herbert,6797,QB,38.49868627450981,258.36
2024,Pittsburgh Steelers,PIT,DST,38.45245098039217,142
2024,Darnell Mooney,7090,WR,37.42783333333334,193.2
2024,Drake Maye,11564,QB,37.16252941176472,187.14000000000004
2025,Joe Burrow,6770,QB,36.94970588235294,117.32
2025,Jauan Jennings,7049,WR,36.07121568627452,163.79999999999998
2024,C.J. Stroud,9758,QB,35.930058823529414,226.38
2024,Zay Flowers,9997,WR,35.50874509803922,206.4
2024,David Njoku,4033,TE,35.38406862745099,148.5
2025,Kenneth Walker III,8151,RB,35.15615686274511,174.6
2024,Stefon Diggs,2449,WR,34.96517647058824,121.92
2024,Matthew Stafford,421,QB,34.846058823529425,222.58
2024,D'Andre Swift,6790,RB,34.60021568627452,195.80000000000004
2024,Houston Texans,HOU,DST,34.29754901960785,57
2024,Buffalo Bills,BUF,DST,34.234313725490196,137
2024,Jameson Williams,8148,WR,33.89072549019608,202.8
2024,Taysom Hill,4381,TE,33.65632352941177,103.34
2024,Chris Godwin,4037,WR,32.679754901960784,90.8
2025,A.J. Brown,5859,WR,32.165480392156866,220.3
2025,Jayden Daniels,11566,QB,31.98987254901961,117.28
2024,Jason Sanders,5119,K,31.791176470588233,92
2025,Justin Jefferson,6794,WR,31.725274509803928,183.1
2025,Rome Odunze,11620,WR,30.84297058823531,146.1
2024,Jameis Winston,2306,QB,30.6998137254902,133.62
2025,Jake Ferguson,8110,TE,30.631254901960776,186.59999999999997
2025,Buffalo Bills,BUF,DST,30.410784313725497,118
2025,C.J. Stroud,9758,QB,30.265901960784312,199.28
2024,Minnesota Vikings,MIN,DST,30.14950980392157,105
2025,Tucker Kraft,9484,TE,29.89956862745098,117.2
2024,Philadelphia Eagles,PHI,DST,29.33529411764706,135
2025,Courtland Sutton,5045,WR,29.300245098039223,218.2
2025,Minnesota Vikings,MIN,DST,29.208823529411767,75
2025,Justin Fields,7591,QB,29.041901960784315,143.66000000000005
2025,New England Patriots,NE,DST,28.960784313725497,109
2024,DeVonta Smith,7525,WR,28.19730392156864,199.4
2025,Eddy Pineiro,5189,K,27.8343137254902,86
2024,Cooper Rush,4574,QB,27.507647058823533,101.38
2025,Rhamondre Stevenson,7611,RB,27.042019607843137,143.5
2024,Brian Robinson Jr.,8154,RB,27.01093137254903,157.2
2025,Jacksonville Jaguars,JAX,DST,26.607843137254907,74
2024,Chicago Bears,CHI,DST,26.58529411764706,78
2025,Jaylen Waddle,7526,WR,26.26127450980393,194.12
2025,Jameis Winston,2306,QB,26.12886274509804,33.24
2024,Cincinnati Bengals,CIN,DST,25.971568627450985,90
2024,Jonnu Smith,4144,TE,25.527009803921572,190.7
2025,Deebo Samuel Sr.,5872,WR,25.155627450980404,184.1
2025,Travis Kelce,1466,TE,24.778039215686277,178.4
2024,Kirk Cousins,1166,QB,24.771843137254898,192.32
2024,Rico Dowdle,7021,RB,24.70966666666667,180.4000000000001
2024,Marvin Harrison Jr.,11628,WR,24.659352941176486,179.2
2024,Joe Flacco,19,QB,24.61641176470588,76.46000000000001
2025,Brenton Strange,9480,TE,24.543431372549023,100.8
2025,Jacoby Brissett,3257,QB,24.439421568627452,176.16
2025,Michael Penix Jr.,11559,QB,24.40219607843137,123.28
2025,Tampa Bay Buccaneers,TB,DST,24.36519607843137,62
2024,Najee Harris,7528,RB,24.35209803921569,189
2025,Chicago Bears,CHI,DST,24.153921568627453,44
2025,Stefon Diggs,2449,WR,23.9535,202.99999999999997
2024,Trevor Lawrence,7523,QB,23.95257843137255,152.20000000000002
2025,Jake Bates,11539,K,23.60637254901961,130
2024,San Francisco 49ers,SF,DST,23.59411764705883,99
2025,Keenan Allen,1479,WR,23.20555882352941,161.79999999999995
2024,Dak Prescott,3294,QB,23.07202941176471,124.52
2025,J.J. McCarthy,11565,QB,23.071235294117653,129.4
2024,Aaron Jones,4199,RB,22.900294117647057,227.1
2025,Chris Godwin,4037,WR,22.51101960784314,56.3
2024,Los Angeles Chargers,LAC,DST,22.50049019607843,63
2025,Michael Pittman Jr.,6819,WR,22.41126470588236,199.3
2025,Emeka Egbuka,12514,WR,22.330931372549024,193.90000000000003
2025,Jason Myers,2747,K,22.284803921568628,134
2025,Christian Watson,8167,WR,22.156068627450985,132.4
2025,Kyle Monangai,12534,RB,21.81772549019608,140.8
2024,Derek Carr,2028,QB,21.24370588235294,154.9
2024,Green Bay Packers,GB,DST,21.239215686274513,113
2024,Tyrone Tracy Jr.,11655,RB,21.17637254901961,172.70000000000005
2025,Juwan Johnson,7002,TE,20.853833333333327,157.2
2024,Jerry Jeudy,6783,WR,20.796764705882353,224.6
2025,Hunter Henry,3214,TE,20.258588235294116,168.2
2025,New Orleans Saints,NO,DST,20.16127450980392,84
2024,Jakobi Meyers,5947,WR,19.337882352941183,188.7
2025,Ladd McConkey,11635,WR,19.0695,180.9
2025,Los Angeles Rams,LAR,DST,18.995098039215687,137
2025,J.K. Dobbins,6806,RB,18.98388235294118,115.9
2025,Sam LaPorta,10859,TE,18.67843137254902,106.9
2024,Chase McLaughlin,6650,K,18.61372549019608,74
2025,Aaron Jones,4199,RB,18.601519607843137,118.7
2024,Dallas Goedert,5022,TE,18.517254901960797,94.1
2024,Rashee Rice,10229,WR,18.415078431372557,64.9
2025,TreVeyon Henderson,12529,RB,18.308990196078422,188.9
2025,Indianapolis Colts,IND,DST,18.222549019607843,65
2024,Cade Otton,8111,TE,18.089343137254907,138.10000000000002
2024,Seattle Seahawks,SEA,DST,17.97401960784314,48
2025,Colby Parkinson,6865,TE,17.830245098039217,58.80000000000001
2025,Bryce Young,9228,QB,17.799921568627447,210.5
2025,Rachaad White,8136,RB,17.796352941176472,136.89999999999998
2024,Jake Bates,11539,K,17.79117647058824,65
2025,Tyler Loop,12711,K,17.394117647058827,119
2024,Baltimore Ravens,BAL,DST,17.200490196078434,57
2025,Jameson Williams,8148,WR,17.05061764705883,206.49999999999997
2025,Evan McPherson,7839,K,16.990196078431374,101
2024,Will Reichard,11792,K,16.91617647058824,65
2025,Romeo Doubs,8121,WR,16.867686274509808,164.39999999999998
2024,Calvin Ridley,4981,WR,16.56326470588236,188.9
2024,Harrison Butker,4227,K,16.43774509803922,91
2024,Jauan Jennings,7049,WR,16.189754901960786,181.2
2025,Cleveland Browns,CLE,DST,16.036274509803924,103
2024,Isaac Guerendo,11651,RB,15.938274509803923,80.70000000000002
2024,Kansas City Chiefs,KC,DST,15.81617647058824,123
2024,Jerome Ford,8143,RB,15.185637254901966,134
2025,Jordan Addison,9756,WR,14.39979411764706,133.29999999999998
2024,Isiah Pacheco,8205,RB,14.374852941176474,56.900000000000006
2024,T.J. Hockenson,5844,TE,14.340784313725491,83.6
2025,Harrison Butker,4227,K,14.335784313725496,126
2025,Troy Franklin,11627,WR,14.109215686274512,142.7
2025,Kirk Cousins,1166,QB,13.85057843137255,94.06
2024,Jaylen Warren,8228,RB,13.605245098039216,121
2024,Jaylen Waddle,7526,WR,13.487078431372549,136.6
2025,Kyler Murray,5849,QB,13.294980392156864,80.78
2024,Tyler Bass,7042,K,13.243137254901963,118
2024,Tennessee Titans,TEN,DST,13.17107843137255,31
2024,Wil Lutz,3678,K,12.932843137254904,67
2025,Miami Dolphins,MIA,DST,12.825980392156865,17
2025,Spencer Rattler,11562,QB,12.705941176470589,103.14
2025,Las Vegas Raiders,LV,DST,12.551960784313728,23
2025,Cam Little,11786,K,12.541176470588235,40
2025,Chase McLaughlin,6650,K,12.481862745098042,92
2024,George Pickens,8137,WR,11.994294117647067,163.4
2024,Gus Edwards,5248,RB,11.880196078431377,51.49999999999999
2025,Cairo Santos,2020,K,11.832352941176474,72
2025,Michael Badgley,5230,K,11.774509803921568,32
2024,Justin Tucker,1264,K,11.74411764705883,128
2024,Detroit Lions,DET,DST,11.668627450980392,62
2024,Atlanta Falcons,ATL,DST,11.554411764705884,46
2025,Tua Tagovailoa,6768,QB,11.317950980392158,170.70000000000002
2025,Chuba Hubbard,7594,RB,10.98899019607843,121.7
2024,Tampa Bay Buccaneers,TB,DST,10.948529411764712,115
2025,Zach Ertz,1339,TE,10.770019607843132,123.4
2024,Rhamondre Stevenson,7611,RB,10.53048039215687,172.89999999999998
2024,Khalil Shakir,8134,WR,10.40053921568628,169
2024,Dalton Kincaid,10236,TE,10.287254901960788,100.8
2024,Miami Dolphins,MIA,DST,10.215686274509808,40
2024,Javonte Williams,7588,RB,9.8608333333333391,147.1
2024,Jake Elliott,4195,K,9.852450980392163,125
2024,Russell Wilson,1234,QB,9.827990196078437,165.26
2025,James Conner,4137,RB,9.57263725490196,32.300000000000004
2025,Detroit Lions,DET,DST,9.505882352941178,107
2024,Drew Lock,5854,QB,9.073970588235294,74.78
2025,Tyreek Hill,3321,WR,9.046598039215686,53.5
2025,David Montgomery,5892,RB,8.96387254901961,159.42
2024,Younghoe Koo,4666,K,8.843137254901967,111
2025,Arizona Cardinals,ARI,DST,8.811274509803923,26
2024,Daniel Jones,5870,QB,8.803098039215687,141.3
2025,Tony Pollard,5967,RB,8.772892156862746,175.29999999999995
2024,Jordan Mason,8408,RB,8.636245098039218,114
2025,Kansas City Chiefs,KC,DST,8.613235294117649,85
2024,New Orleans Saints,NO,DST,8.582352941176474,47
2025,Jordan Mason,8408,RB,8.52988235294118,118.5
2024,Mason Rudolph,4972,QB,8.314607843137255,85.19999999999999
2024,Anders Carlson,11008,K,8.28921568627451,16
2025,Kendrick Bourne,4454,WR,8.252862745098039,38.3
2024,Allen Lazard,5185,WR,7.276078431372552,109.9
2024,Juwan Johnson,7002,TE,6.829068627450981,35.5
2024,Bryce Young,9228,QB,6.812107843137255,166.58000000000004
2025,Michael Carter,7607,RB,6.801254901960785,65.3
2024,Alexander Mattison,5987,RB,6.788470588235297,114.1
2025,Jake Elliott,4195,K,6.590686274509804,103
2025,Malik Nabers,11632,WR,6.529088235294116,57.1
2024,Rashod Bateman,7571,WR,6.46093137254902,155.99999999999997
2024,Spencer Shrader,12185,K,6.16421568627451,13
2025,AJ Barner,11603,TE,6.0639705882352946,63.20000000000001
2025,Tyrod Taylor,827,QB,5.495254901960788,51.98
2025,Bam Knight,8122,RB,5.417833333333334,42.9
2024,Cleveland Browns,CLE,DST,5.39607843137255,29
2025,Washington Commanders,WAS,DST,5.165196078431375,45
2025,Zach Charbonnet,9753,RB,5.1057254901960825,162.7
2024,Antonio Gibson,6945,RB,5.085343137254901,80.4
2025,Geno Smith,1373,QB,5.042980392156858,188.89999999999995
2024,Washington Commanders,WAS,DST,5.039215686274511,32
2024,Evan Engram,4066,TE,5.03367647058824,89.49999999999999
2025,Wan'Dale Robinson,8126,WR,4.945970588235291,216.9
2025,Ty Johnson,6039,RB,4.877637254901959,27.8
2024,Dallas Cowboys,DAL,DST,4.743627450980396,50
2025,Cade Otton,8111,TE,4.729607843137254,51.3
2024,Jordan Whittington,11623,WR,4.606607843137256,38.1
2024,Blake Grupe,11058,K,4.511764705882354,19
2024,Jake Moody,10937,K,4.506372549019613,86
2025,San Francisco 49ers,SF,DST,4.345588235294119,81
2024,Jayden Reed,10222,WR,3.996931372549021,191.9
2025,Alvin Kamara,4035,RB,3.9620980392156886,100.7
2025,Jake Tonges,8698,TE,3.817303921568629,50.9
2025,Mike Evans,2216,WR,3.7481372549019607,79.39999999999999
2025,Xavier Legette,11626,WR,3.602607843137254,73
2024,Noah Fant,5857,TE,3.4328921568627457,13.6
2024,Keenan Allen,1479,WR,3.3895588235294163,179.90000000000003
2025,Jakobi Meyers,5947,WR,3.311558823529416,166.4
2025,Kayshon Boutte,9504,WR,3.2833039215686277,67
2024,Gardner Minshew,6011,QB,2.992107843137255,105.32
2024,Andy Dalton,829,QB,2.901774509803922,40.4
2024,Pat Freiermuth,7600,TE,2.8761274509803956,144.79999999999998
2025,Younghoe Koo,4666,K,2.7102941176470594,8
2024,Jacksonville Jaguars,JAX,DST,2.547549019607845,27
2024,Travis Etienne,7543,RB,2.5165686274509858,121.2
2024,Roschon Johnson,10235,RB,2.3453431372549023,70.5
2024,Austin Seibert,6219,K,2.230882352941177,69
2024,Jason Myers,2747,K,2.101960784313728,43
2025,Los Angeles Chargers,LAC,DST,2.0651960784313728,49
2024,Deebo Samuel Sr.,5872,WR,2.034352941176472,155.6
2025,DK Metcalf,5846,WR,1.977607843137255,187.2
2024,Cedric Tillman,10444,WR,1.9693137254901985,62.8
2025,Will Reichard,11792,K,1.9642156862745104,19
2024,Brayden Narveson,11949,K,1.8117647058823536,17
2024,Tyler Huntley,7083,QB,1.7974411764705884,28.78
2024,Tyler Goodson,8207,RB,1.751176470588236,30.299999999999997
2024,Jake Ferguson,8110,TE,1.7272058823529497,101.2
2025,Dallas Goedert,5022,TE,1.6493333333333355,180.4
2025,Dylan Sampson,12469,RB,1.6367352941176474,63.10000000000001
2025,Colston Loveland,12517,TE,1.624088235294117,140
2025,Spencer Shrader,12185,K,1.5808823529411755,22
2024,Daniel Carlson,5095,K,1.3661764705882398,54
2024,Tucker Kraft,9484,TE,1.3381176470588274,153.7
2025,Chris Boswell,1945,K,1.3308823529411766,136
2024,Mac Jones,7527,QB,1.2883039215686267,71.26
2024,DeMario Douglas,9501,WR,1.2233823529411776,88.1
2025,Oronde Gadsden,12493,TE,1.1419117647058776,42.6
2024,Tommy DeVito,11292,QB,1.0521078431372557,13.48
2024,Austin Ekeler,4663,RB,1.0316176470588294,126.1
2024,Romeo Doubs,8121,WR,0.9542156862745096,122.2
2025,Tyler Allgeier,8132,RB,0.8925000000000001,120.1
2025,Wil Lutz,3678,K,0.8799019607843164,74
2025,Carson Wentz,3161,QB,0.5976960784313725,61.02
2025,Theo Johnson,11597,TE,0.5931078431372523,86.4
2024,Zach Ertz,1339,TE,0.5300000000000065,143
2025,Darren Waller,2505,TE,0.5299509803921554,64.3
2024,Kyle Pitts,7553,TE,0.30485294117647666,127.7
2024,Joshua Palmer,7670,WR,0.2710294117647081,90.2
2025,Adonai Mitchell,11625,WR,0.18273529411764677,86.2
2025,Brandon McManus,1433,K,0.1578431372549023,24
2024,Jacoby Brissett,3257,QB,0.12647058823529456,35.94
2024,Mark Andrews,5012,TE,0.12480392156863562,173.4
2024,Spencer Rattler,11562,QB,0,55.580000000000005
2024,Dylan Laube,11574,RB,0,-2
2024,Jermaine Burton,11640,WR,0,5.7
2024,Javon Baker,11645,WR,0,0
2024,Ja'Lynn Polk,11619,WR,0,32.699999999999996
2024,Joshua Dobbs,4179,QB,0,0
2024,Matt Gay,6083,K,0,24
2024,A.J. Dillon,6828,RB,0,0
2024,Greg Dulcich,8172,TE,0,7.8
2024,Adonai Mitchell,11625,WR,0,52.76
2024,Mike Williams,4068,WR,0,28.6
2024,Curtis Samuel,4082,WR,0,21.8
2024,Miles Sanders,6151,RB,0,50.2
2024,Cam Akers,6938,RB,0,84.30000000000001
2024,Trey Benson,11589,RB,0,45.99999999999999
2024,Malachi Corley,11617,WR,0,5.2
2024,Ricky Pearsall,11638,WR,0,74.60000000000001
2024,JuJu Smith-Schuster,4040,WR,0,0
2024,Elijah Mitchell,7561,RB,0,0
2024,Jonathan Mingo,10225,WR,0,22.6
2024,J.J. McCarthy,11565,QB,0,0
2024,Tyler Boyd,3225,WR,0,4.8
2024,Jamaal Williams,4149,RB,0,24.499999999999993
2024,Khalil Herbert,7608,RB,0,10.000000000000002
2024,Luke Musgrave,9481,TE,0,1.6
2024,Hendon Hooker,9998,QB,0,0.9
2024,Andrei Iosivas,10226,WR,0,116.7
2024,Michael Wilson,10232,WR,0,124.50000000000004
2024,MarShawn Lloyd,11581,RB,0,2.8
2024,Carson Steele,11582,RB,0,18.2
2024,Devaughn Vele,11834,WR,0,55.20000000000001
2024,Kimani Vidal,11647,RB,0,31.700000000000003
2024,Hollywood Brown,5848,WR,0,18.1
2024,Marvin Mims Jr.,9494,WR,0,0
2024,Will Shipley,11577,RB,0,0
2024,Blake Corum,11586,RB,0,30.299999999999997
2024,Theo Johnson,11597,TE,0,27.799999999999997
2024,Troy Franklin,11627,WR,0,33.5
2024,Devontez Walker,11629,WR,0,0
2024,Luke McCaffrey,11650,WR,0,34.8
2024,Tyler Allgeier,8132,RB,0,97.3
2024,Keaton Mitchell,9511,RB,0,0
2024,Quentin Johnston,9754,WR,0,121
2024,Jalen Tolbert,8117,WR,0,108.1
2024,Odell Beckham Jr.,2078,WR,0,14.5
2024,Dalvin Cook,4029,RB,0,4
2024,Kenny Pickett,8160,QB,0,0
2024,Christian Watson,8167,WR,0,103.30000000000004
2024,Chigoziem Okonkwo,8210,TE,0,9.5
2024,Deuce Vaughn,9505,RB,0,0.4
2024,Demarcus Robinson,3286,WR,0,113.3
2024,Dawson Knox,5906,TE,0,30.2
2024,Elijah Moore,7596,WR,0,79.10000000000002
2024,Jahan Dotson,8119,WR,0,20.9
2024,Dameon Pierce,8129,RB,0,1.8
2024,Chris Rodriguez Jr.,10219,RB,0,10.9
2024,Jonathon Brooks,11583,RB,0,7.5
2024,Roman Wilson,11630,WR,0,0
2024,Brandin Cooks,2197,WR,0,65.60000000000001
2024,Rashid Shaheed,8676,WR,0,65.50000000000001
2024,Greg Dortch,5970,WR,0,17.4
2024,Alec Pierce,8142,WR,0,76.1
2024,Jeff Wilson Jr.,5284,RB,0,4.6000000000000005
2024,Josh Reynolds,4171,WR,0,13.3
2024,D'Onta Foreman,4111,RB,0,0.5
2024,Tyler Johnson,6960,WR,0,5
2024,Jalen Nailor,8180,WR,0,16.5
2024,Mike Gesicki,4993,TE,0,31.2
2024,Skylar Thompson,8206,QB,0,2.28
2024,Ty Johnson,6039,RB,0,9.7
2024,Tre Tucker,10213,WR,0,93.8
2024,Trey Sermon,7593,RB,0,29.5
2024,Kendre Miller,9757,RB,0,19.9
2024,Clyde Edwards-Helaire,6820,RB,0,5
2024,Tutu Atwell,7562,WR,0,26.4
2024,Justin Watson,5374,WR,0,0
2024,Erick All Jr.,11592,TE,0,0
2024,Jordan Travis,11567,QB,0,0
2024,Bub Means,11748,WR,0,11.3
2024,Sean Tucker,9506,RB,0,10
2024,Pierre Strong Jr.,8116,RB,0,2.5
2024,Trey Palmer,9492,WR,0,4.9
2024,Dorian Thompson-Robinson,10862,QB,0,0
2024,Marcus Mariota,2307,QB,0,0
2024,Sterling Shepard,3200,WR,0,6.8
2024,Jalen Coker,11646,WR,0,42
2024,Parker Washington,9487,WR,0,22.700000000000003
2024,Rakim Jarrett,9495,WR,0,1.9
2024,Mason Tipton,11895,WR,0,0
2024,Noah Brown,4234,WR,0,7.700000000000001
2024,Audric Estime,11579,RB,0,0
2024,John Metchie III,8147,WR,0,7.9
2024,AJ Barner,11603,TE,0,9.9
2024,Kayshon Boutte,9504,WR,0,40.099999999999994
2024,Calvin Austin III,8125,WR,0,0.9
2024,Tyquan Thornton,8188,WR,0,0
2024,Jeremy McNichols,4219,RB,0,3.2
2024,Matthew Wright,6268,K,0,16
2024,Patrick Taylor,6963,RB,0,3.5000000000000004
2024,Kendrick Bourne,4454,WR,0,7.4
2024,Isaiah Davis,11571,RB,0,3.6000000000000005
2024,Desmond Ridder,8159,QB,0,13.12
2024,Ameer Abdullah,2359,RB,0,56.8
2024,Sincere McCormick,8220,RB,0,4.5
2024,Sione Vaki,11729,RB,0,4
2024,Ben Sinnott,11596,TE,0,0
2024,Malik Washington,11610,WR,0,12.8
2025,Jayden Reed,10222,WR,0,48.5
2025,Quinn Ewers,12500,QB,0,23.799999999999997
2025,Tre Harris,12509,WR,0,7.5
2025,Shedeur Sanders,12524,QB,0,88.86000000000001
2025,Tahj Brooks,12543,RB,0,6.4
2025,Taysom Hill,4381,TE,0,16.76
2025,Sean Tucker,9506,RB,0,76.19999999999999
2025,Keaton Mitchell,9511,RB,0,9.7
2025,Will Howard,12511,QB,0,0
2025,Brandon Allen,3357,QB,0,0
2025,A.J. Dillon,6828,RB,0,2.9000000000000004
2025,Tyler Bass,7042,K,0,0
2025,Chris Rodriguez Jr.,10219,RB,0,52.9
2025,Ray Davis,11575,RB,0,16.2
2025,Devin Neal,12476,RB,0,60
2025,Nick Nash,12478,WR,0,0
2025,Jack Bech,12483,WR,0,42.400000000000006
2025,Joe Mixon,4018,RB,0,0
2025,Allen Lazard,5185,WR,0,11.1
2025,Justice Hill,5995,RB,0,64.2
2025,Will Levis,9999,QB,0,0
2025,MarShawn Lloyd,11581,RB,0,0
2025,Trey Benson,11589,RB,0,35.4
2025,Ricky Pearsall,11638,WR,0,88.6
2025,DJ Giddens,12471,RB,0,6.6000000000000005
2025,Ollie Gordon,12495,RB,0,52.00000000000001
2025,Kaleb Johnson,12504,RB,0,8.8
2025,Trevor Etienne,12531,RB,0,10.5
2025,Cooper Kupp,4039,WR,0,79.60000000000001
2025,Dameon Pierce,8129,RB,0,0.5
2025,Tyjae Spears,9508,RB,0,102
2025,Tory Horton,12497,WR,0,65.1
2025,Jalen Milroe,12510,QB,0,-1.6
2025,Elijah Arroyo,12521,TE,0,36.9
2025,Jason Sanders,5119,K,0,0
2025,Joshua Palmer,7670,WR,0,31.8
2025,Noah Gray,7828,TE,0,16.5
2025,Blake Corum,11586,RB,0,114.3
2025,Jaylen Wright,11643,RB,0,20
2025,Jalen Royals,12505,WR,0,0
2025,Isaac TeSlaa,12535,WR,0,73.10000000000001
2025,Tank Dell,9502,WR,0,0
2025,Will Shipley,11577,RB,0,2.6
2025,Ja'Tavion Sanders,11600,TE,0,7.800000000000001
2025,Jalen McMillan,11618,WR,0,27.799999999999997
2025,Isaac Guerendo,11651,RB,0,0
2025,Jaydon Blue,12457,RB,0,7.000000000000001
2025,Pat Bryant,12492,WR,0,67.7
2025,Mason Taylor,12498,TE,0,86.89999999999998
2025,Chigoziem Okonkwo,8210,TE,0,54.10000000000001
2025,Kendre Miller,9757,RB,0,33.300000000000004
2025,Savion Williams,12482,WR,0,25.5
2025,Isaiah Bond,12503,WR,0,52
2025,Luther Burden,12519,WR,0,120.4
2025,Kyle Williams,12547,WR,0,23
2025,Deshaun Watson,4017,QB,0,0
2025,Anthony Richardson,9229,QB,0,2.1599999999999997
2025,Joe Milton,11557,QB,0,0
2025,Braelon Allen,11576,RB,0,15.3
2025,Brandon Aiyuk,6803,WR,0,0
2025,Najee Harris,7528,RB,0,11.6
2025,Tank Bigsby,9225,RB,0,22.6
2025,DeAndre Hopkins,1426,WR,0,41.2
2025,Rashod Bateman,7571,WR,0,47.400000000000006
2025,Brian Robinson Jr.,8154,RB,0,61.6
2025,DeMario Douglas,9501,WR,0,80.5
2025,Jonathon Brooks,11583,RB,0,0
2025,Roman Wilson,11630,WR,0,1.7000000000000002
2025,Russell Wilson,1234,QB,0,49.84
2025,Brashard Smith,12455,RB,0,46.400000000000006
2025,Jaylin Noel,12536,WR,0,66.10000000000001
2025,Tyler Shough,12545,QB,0,140.20000000000002
2025,Adam Thielen,1689,WR,0,30.299999999999997
2025,Tom Brady,167,QB,0,0
2025,Tyquan Thornton,8188,WR,0,57
2025,Michael Mayer,9482,TE,0,20.799999999999997
2025,Jake Browning,6111,QB,0,34.44
2025,Hunter Renfrow,5955,WR,0,9
2025,Jalen Nailor,8180,WR,0,9.3
2025,KaVontae Turpin,8917,WR,0,6.4
2025,Zavier Scott,11299,RB,0,-0.19999999999999996
2025,Tommy Tremble,7694,TE,0,1.7000000000000002
2025,Adrian Martinez,11065,QB,0,-0.1
2025,Ryan Flournoy,11783,WR,0,14.3
2025,Hassan Haskins,8123,RB,0,3.3000000000000003
2025,Kade Warner,11419,WR,0,0
2025,Sterling Shepard,3200,WR,0,7.5
2025,Kameron Johnson,11994,WR,0,0
2025,Isaiah Davis,11571,RB,0,19.8
2025,Xavier Hutchinson,10218,WR,0,31.999999999999996
2025,Emanuel Wilson,11435,RB,0,56.8
2025,Parker Washington,9487,WR,0,114.4
2025,Phil Mafah,12738,RB,0,0
2025,Jaylin Lane,12641,WR,0,7.4
2025,Luke Musgrave,9481,TE,0,5.200000000000001
2025,Davis Mills,7585,QB,0,30.880000000000003
2025,Brock Wright,7891,TE,0,2.8
2025,Tyler Lockett,2374,WR,0,39.2
2025,Mack Hollins,4177,WR,0,10.3
2025,Jaleel McLaughlin,11439,RB,0,8.100000000000001
2025,Samaje Perine,4147,RB,0,34.900000000000006
2025,Max Brosmer,12775,QB,0,0.94
2025,Greg Dortch,5970,WR,0,3.4000000000000004
2025,Ben Sinnott,11596,TE,0,12
2025,Riley Leonard,12470,QB,0,-1
2025,Philip Rivers,331,QB,0,25.86
2025,Gardner Minshew,6011,QB,0,1.4
2025,Terrance Ferguson,12487,TE,0,13.4
2025,Jayden Higgins,12484,WR,-0.09275490196077918,119.20000000000005
2025,Tennessee Titans,TEN,DST,-0.17107843137254797,23
2024,Brandon Allen,3357,QB,-0.24789215686274343,8.46
2024,Hunter Henry,3214,TE,-0.29264705882352615,92.4
2025,Andrei Iosivas,10226,WR,-0.3775098039215674,20.5
2024,Dontayvion Wicks,9486,WR,-0.5524509803921571,100.6
2024,Aidan O'Connell,10866,QB,-0.6055588235294103,70.58
2024,Marquez Valdes-Scantling,5086,WR,-0.6115686274509802,46.2
2025,Noah Fant,5857,TE,-0.6318627450980401,9
2025,Chris Oladokun,8413,QB,-0.7326372549019595,7.74
2025,Atlanta Falcons,ATL,DST,-0.7784313725490177,24
2025,Hollywood Brown,5848,WR,-0.9825686274509788,127.3
2025,Kimani Vidal,11647,RB,-1.003127450980393,113
2024,Colby Parkinson,6865,TE,-1.0925490196078425,35.699999999999996
2024,Emanuel Wilson,11435,RB,-1.2996568627450973,34.3
2024,Tyler Conklin,5133,TE,-1.34049019607843,81.7
2025,Gunnar Helm,12502,TE,-1.3754705882352931,63.3
2024,Christian McCaffrey,4034,RB,-1.402078431372547,47.8
2024,Wan'Dale Robinson,8126,WR,-1.504411764705882,168.39999999999998
2024,Chad Ryland,10955,K,-1.644117647058824,7
2025,Keon Coleman,11637,WR,-1.6445882352941172,93.5
2024,Brandon McManus,1433,K,-1.7191176470588232,86
2024,New England Patriots,NE,DST,-1.7318627450980388,6
2025,Calvin Austin III,8125,WR,-1.8405980392156855,41.2
2024,Darius Slayton,6149,WR,-1.8777254901960791,44.7
2024,Ja'Tavion Sanders,11600,TE,-1.9125490196078427,65.70000000000002
2025,Devin Singletary,6130,RB,-2.063392156862746,56
2025,Dillon Gabriel,12486,QB,-2.1071372549019607,72.08
2024,Isaiah Likely,8131,TE,-2.252598039215684,116.9
2025,Carolina Panthers,CAR,DST,-2.3323529411764703,4
2024,Dalton Schultz,5001,TE,-2.344999999999997,112.3
2024,Los Angeles Rams,LAR,DST,-2.3887254901960766,9
2025,Darnell Mooney,7090,WR,-2.4906960784313714,70.89999999999999
2025,Jalen Coker,11646,WR,-2.4970098039215665,65.1
2024,Dare Ogunbowale,4718,RB,-2.5301470588235295,16.5
2025,D.J. Moore,4983,WR,-2.6284803921568622,168.07999999999998
2024,Diontae Johnson,5937,WR,-2.654823529411761,85.9
2025,Matt Gay,6083,K,-2.7024509803921566,12
2025,Rashid Shaheed,8676,WR,-2.7635686274509803,155.39999999999998
2024,Gabe Davis,6943,WR,-2.847401960784313,53.9
2025,Chimere Dike,12540,WR,-2.8556372549019606,92.2
2025,Alec Pierce,8142,WR,-2.8867352941176474,106.4
2025,Evan Engram,4066,TE,-3.002892156862745,57.6
2024,Nick Chubb,4988,RB,-3.0729901960784316,63.3
2025,Woody Marks,12474,RB,-3.0997647058823494,138.2
2024,Tyjae Spears,9508,RB,-3.1788235294117646,113.6
2025,Dalton Schultz,5001,TE,-3.3318627450980394,144.8
2024,Arizona Cardinals,ARI,DST,-3.4789215686274506,26
2024,Deshaun Watson,4017,QB,-3.4870784313725443,79.72000000000001
2025,Brady Cook,12538,QB,-3.522441176470588,21.839999999999996
2024,DK Metcalf,5846,WR,-3.530784313725489,176.9
2024,Evan McPherson,7839,K,-3.543627450980387,79
2024,Aaron Rodgers,96,QB,-3.568843137254902,239.62
2025,Devaughn Vele,11834,WR,-3.5973823529411764,18.9
2024,Adam Thielen,1689,WR,-3.714019607843138,130.1
2025,Pat Freiermuth,7600,TE,-3.788088235294121,75.3
2024,Nick Folk,650,K,-3.846568627450979,10
2025,David Njoku,4033,TE,-3.852009803921568,86.3
2025,Austin Ekeler,4663,RB,-3.92736274509804,13.1
2025,Andy Borregales,12713,K,-3.960784313725487,22
2024,Rome Odunze,11620,WR,-4.053970588235293,141.1
2024,Tank Bigsby,9225,RB,-4.075490196078431,116.8
2025,Daniel Bellinger,8225,TE,-4.1360294117647065,3.1
2025,Jonnu Smith,4144,TE,-4.187696078431373,30.8
2025,Nick Chubb,4988,RB,-4.271529411764705,88.3
2025,Kareem Hunt,4098,RB,-4.344607843137257,137.90000000000003
2024,New York Jets,NYJ,DST,-4.345098039215682,55
2024,Michael Penix Jr.,11559,QB,-4.455617647058822,21.12
2024,Julius Chestnut,8254,RB,-4.494656862745097,2.2
2025,Brian Thomas Jr.,11631,WR,-4.539480392156861,130.89999999999998
2025,John Metchie III,8147,WR,-4.61813725490196,28.5
2025,Cincinnati Bengals,CIN,DST,-4.76470588235294,3
2025,Mark Andrews,5012,TE,-4.825333333333333,126.6
2025,Chad Ryland,10955,K,-4.9985294117647054,26
2025,Green Bay Packers,GB,DST,-5.07843137254902,79
2025,Tyrone Tracy Jr.,11655,RB,-5.111686274509804,132.89999999999998
2024,Craig Reynolds,6659,RB,-5.226323529411764,3.3
2025,Olamide Zaccheaus,6271,WR,-5.3220882352941175,1.5
2024,Jalen McMillan,11618,WR,-5.34578431372549,109.2
2024,Brenton Strange,9480,TE,-5.368774509803921,2.2
2025,Emari Demercado,11199,RB,-5.37993137254902,23.6
2025,Elic Ayomanor,12499,WR,-5.4705980392156865,108.5
2024,Indianapolis Colts,IND,DST,-5.5024509803921555,20
2024,DeAndre Hopkins,1426,WR,-5.56069607843137,146.99999999999997
2025,Matt Prater,17,K,-5.6343137254901965,48
2025,Terry McLaurin,5927,WR,-5.714039215686272,104.5
2025,Jake Moody,10937,K,-5.756372549019607,0
2024,Xavier Hutchinson,10218,WR,-5.924950980392156,2.6
2025,Dallas Cowboys,DAL,DST,-6.0323529411764705,1
2025,Andy Dalton,829,QB,-6.062303921568628,2.1
2024,Braelon Allen,11576,RB,-6.152107843137255,80.9
2025,Marvin Harrison Jr.,11628,WR,-6.398117647058818,125.8
2024,Ray Davis,11575,RB,-6.478823529411764,101.6
2024,Ray-Ray McCloud,5096,WR,-6.505784313725491,60.8
2024,Nick Westbrook-Ikhine,7496,WR,-6.552450980392157,81.9
2024,Justin Fields,7591,QB,-6.603588235294119,116.14
2024,Zamir White,8139,RB,-6.6241176470588226,17.8
2024,Kenny Gainwell,7567,RB,-6.68063725490196,18.5
2024,Raheem Blackshear,8255,RB,-6.74799019607843,2
2024,Keon Coleman,11637,WR,-6.808284313725489,105.5
2024,Lucas Krull,8249,TE,-6.915441176470587,0
2025,Tre Tucker,10213,WR,-6.927088235294117,142.9
2025,Dyami Brown,7587,WR,-7.127382352941177,17.2
2025,Tez Johnson,12485,WR,-7.18321568627451,65.5
2024,Samaje Perine,4147,RB,-7.591382352941174,25.5
2024,Zack Moss,6845,RB,-7.798921568627448,80.9
2024,Ezekiel Elliott,3164,RB,-7.899656862745098,41.8
2024,Devin Singletary,6130,RB,-7.984558823529409,93.9
2025,Josh Downs,9500,WR,-8.227382352941175,128.8
2024,Cole Kmet,6826,TE,-8.471715686274507,116.10000000000002
2025,Darius Slayton,6149,WR,-8.47178431372549,87.39999999999998
2025,Jalen Tolbert,8117,WR,-8.509049019607843,4.4
2025,Travis Hunter,12530,WR,-8.80613725490196,62.8
2024,Ty Chandler,8230,RB,-8.948823529411763,27.300000000000004
2025,Parker Romo,8670,K,-9.21470588235294,-2
2024,Noah Gray,7828,TE,-9.487549019607844,57.50000000000001
2025,Jerry Jeudy,6783,WR,-9.512901960784314,116.5
2025,Luke McCaffrey,11650,WR,-9.702303921568626,6
2025,Cooper Rush,4574,QB,-9.786637254901962,4.16
2025,Daniel Carlson,5095,K,-9.8779411764705891,71
2025,Kenny Pickett,8160,QB,-9.909803921568628,2.26
2024,Josh Downs,9500,WR,-10.220029411764706,164.09999999999997
2025,Christian Kirk,4950,WR,-10.369598039215685,27.5
2024,Tank Dell,9502,WR,-10.606078431372543,140
2025,Isiah Pacheco,8205,RB,-11.074313725490196,87.3
2024,New York Giants,NYG,DST,-11.445588235294116,37
2024,Anthony Richardson,9229,QB,-11.619078431372548,173.36
2025,Will Dissly,5010,TE,-11.68705882352941,8.3
2024,Xavier Legette,11626,WR,-11.769862745098038,119.1
2025,Matthew Golden,12501,WR,-11.942450980392156,68.2
2025,Malik Washington,11610,WR,-12.140656862745097,70.7
2025,Jerome Ford,8143,RB,-12.247382352941177,24
2025,Cedric Tillman,10444,WR,-12.256205882352942,49.7
2024,Jaylen Wright,11643,RB,-12.511382352941174,27.100000000000005
2025,Calvin Ridley,4981,WR,-12.6483431372549,47.3
2024,Justice Hill,5995,RB,-12.858235294117645,127.1
2025,Isaiah Likely,8131,TE,-12.879401960784314,55.50000000000001
2024,Will Dissly,5010,TE,-12.894656862745096,16.7
2024,Malik Willis,8161,QB,-12.89911764705882,12.98
2024,Will Levis,9999,QB,-12.96028431372549,117.14
2025,Quentin Johnston,9754,WR,-13.045166666666669,171.20000000000005
2025,Xavier Worthy,11624,WR,-13.168931372549016,109.9
2025,Cole Kmet,6826,TE,-13.42122549019608,28.200000000000003
2024,Christian Kirk,4950,WR,-14.256245098039212,70.9
2025,Jeremy McNichols,4219,RB,-15.29806862745098,26.200000000000003
2024,Jaleel McLaughlin,11439,RB,-15.472941176470584,49
2024,Tyler Lockett,2374,WR,-15.537401960784312,116.2
2024,Raheem Mostert,2749,RB,-15.981470588235291,65.79999999999998
2024,Chris Olave,8144,WR,-16.029784313725482,76.7
2025,Cameron Ward,12522,QB,-16.599980392156862,182.48
2025,T.J. Hockenson,5844,TE,-17.097676470588237,112.8
2024,Tim Patrick,4351,WR,-17.324803921568623,2
2025,Dont'e Thornton,12541,WR,-17.4283431372549,14.4
2025,Jacory Croskey-Merritt,12533,RB,-18.12871568627451,136.4
2025,Bhayshul Tuten,12490,RB,-19.092225490196075,80.3
2024,Xavier Worthy,11624,WR,-20.190735294117644,187.2
2024,Brandon Aiyuk,6803,WR,-21.10697058823529,62.400000000000006
2025,Dalton Kincaid,10236,TE,-21.714382352941172,117.3
2025,Marvin Mims Jr.,9494,WR,-23.529892156862743,38.099999999999994
2025,Khalil Shakir,8134,WR,-24.2968431372549,166.40000000000003
2024,Michael Pittman Jr.,6819,WR,-29.470117647058824,152.6
2025,Mike Gesicki,4993,TE,-30.132647058823533,35.400000000000006
2024,Amari Cooper,2309,WR,-35.185529411764705,122.7
