team_name,transaction_details,transaction_id,name,position,realized_value,future_value,total_value
lukestip,2024 Week 1 transaction,32,Sam Darnold,QB,194.47125490196075,291.77543919987215,471.6579221418393
obiwanginobiIi,2025 Week 2 transaction,598,Jaxson Dart,QB,-16.393127450980415,388.2975301959676,352.4895262351888
caskinner,2024 Week 3 transaction,85,D'Andre Swift,RB,143.90441176470588,195.96405866276,330.07026749432794
caskinner,2024 Week 12 transaction,332,Daniel Jones,QB,87.58702941176472,219.01871688535303,295.6548104528501
ElatedBroncosFan,2025 Week 9 transaction,754,Parker Washington,WR,10.585833333333337,269.7911568663592,266.8874323563745
ElatedBroncosFan,2024 Week 16 transaction,406,Parker Washington,WR,10.585833333333337,264.9011860833852,262.24196011254924
ElatedBroncosFan,2024 Week 14 transaction,384,Parker Washington,WR,7.302529411764709,249.87762014638787,244.68626855083315
jzeigboi,2024 Week 3 transaction,95,Michael Penix Jr.,QB,25.29236274509804,184.74041491900243,200.79575691815037
ngernenz,2024 Week 13 transaction,353,Mac Jones,QB,75.41245098039217,110.62109086411469,180.50248730130113
ngernenz,2024 Week 10 transaction,286,Mac Jones,QB,46.568107843137255,140.5725400230092,180.112020864996
Arvs,2025 Week 2 transaction,602,Mac Jones,QB,43.31558823529412,140.5725400230092,176.85950125715286
SFOControl,2025 Week 5 transaction,663,Mac Jones,QB,42.92594117647059,140.5725400230092,176.46985419832933
Arvs,2024 Week 7 transaction,184,Marcus Mariota,QB,61.2715294117647,120.31670642641036,175.57240051685451
Arvs,2024 Week 9 transaction,269,Malik Willis,QB,-17.523529411764713,202.54288850441097,174.8922146674257
Arvs,2025 Week 1 transaction,511,Kyle Monangai,RB,22.144392156862747,158.1811575428125,172.41649182253462
Gretsch0401,2025 Week 3 transaction,619,Marcus Mariota,QB,54.411235294117645,120.31670642641036,168.71210639920747
Arvs,2025 Week 4 transaction,636,Kirk Cousins,QB,42.50391176470588,121.6814014131125,158.10124310716276
obiwanginobiIi,2025 Week 9 transaction,743,Jacoby Brissett,QB,37.82008823529412,124.4486962681478,156.04634969003453
obiwanginobiIi,2025 Week 11 transaction,800,Michael Wilson,WR,74.80741176470589,82.01572110505681,152.72234681450988
jzeigboi,2025 Week 8 transaction,720,Kirk Cousins,QB,42.50391176470588,115.28073463904336,152.02060967179708
obiwanginobiIi,2025 Week 11 transaction,797,Michael Wilson,WR,74.80741176470589,75.12684631888959,146.177915767651
Gretsch0401,2025 Week 12 transaction,826,Kirk Cousins,QB,43.546215686274515,107.61518839562059,145.78064466211407
Arvs,2025 Week 14 transaction,852,Kirk Cousins,QB,30.64858823529412,117.16383745872263,141.9542338210806
obiwanginobiIi,2024 Week 10 transaction,273,Drew Lock,QB,15.152166666666668,124.68184034567652,133.59991499505935
lukestip,2025 Week 9 transaction,749,Jalen Coker,WR,20.35949019607843,116.87876459758377,131.394316563783
Arvs,2024 Week 4 transaction,114,Jacoby Brissett,QB,20.1246568627451,113.03160985511269,127.50468622510215
ngernenz,2025 Week 1 transaction,445,Kenny Gainwell,RB,49.99150980392157,80.65120254105415,126.61015221792302
Arvs,2026 Week 1 transaction,945,Cade Klubnik,QB,0,132.12853927790775,125.52211231401236
jzeigboi,2025 Week 1 transaction,528,Jameis Winston,QB,20.029529411764706,110.74664437247426,125.23884156561525
Arvs,2025 Week 2 transaction,589,Jameis Winston,QB,20.029529411764706,110.74664437247426,125.23884156561525
ElatedBroncosFan,2024 Week 2 transaction,83,Malik Willis,QB,-29.6368137254902,161.34376806754912,123.63976593868145
caskinner,2025 Week 12 transaction,825,Mac Jones,QB,0,127.34483304537481,120.97759139310608
joeburrowmvp,2024 Week 1 transaction,45,Spencer Rattler,QB,12.705941176470587,113.19389372897275,120.2401402189947
SFOControl,2024 Week 13 transaction,354,Kenny Gainwell,RB,43.31087254901962,80.65120254105415,119.92951496302106
akondratieff,2026 Week 2 transaction,1030,Drew Lock,QB,1.079666666666668,124.68184034567652,119.52741499505936
Arvs,2026 Week 1 transaction,992,Geno Smith,QB,0,125.63693117389602,119.3550846152012
Arvs,2025 Week 17 transaction,881,Terrance Ferguson,TE,0,124.93818166016244,118.69127257715431
ElatedBroncosFan,2026 Week 2 transaction,1009,Terrance Ferguson,TE,0,124.93818166016244,118.69127257715431
obiwanginobiIi,2026 Week 1 transaction,1008,Will Howard,QB,0,124.57595164379572,118.34715406160593
ElatedBroncosFan,2024 Week 9 transaction,255,Jalen Coker,WR,-17.288058823529415,142.17721961257942,117.78029980842103
obiwanginobiIi,2025 Week 1 transaction,484,Deshaun Watson,QB,0,121.43282475360188,115.36118351592178
Arvs,2025 Week 11 transaction,803,Jameis Winston,QB,20.029529411764706,99.54529347820184,114.59755821605644
Arvs,2025 Week 1 transaction,557,Joe Milton,QB,0,120.52278754444772,114.49664816722533
obiwanginobiIi,2025 Week 12 transaction,819,Jameis Winston,QB,20.029529411764706,98.04477685609676,113.17206742505662
Arvs,2025 Week 1 transaction,512,Quinn Ewers,QB,0,117.24803438703223,111.38563266768061
ngernenz,2025 Week 14 transaction,844,Riley Leonard,QB,1.75,114.4586117529615,110.48568116531342
jzeigboi,2024 Week 13 transaction,349,Juwan Johnson,TE,52.24956862745097,61.18758601296807,110.37777533977064
ngernenz,2025 Week 10 transaction,763,Davis Mills,QB,0,112.19836013424988,106.58844212753738
ElatedBroncosFan,2024 Week 4 transaction,115,Tyler Huntley,QB,1.7974411764705884,108.30886096030396,104.69085908875934
joeburrowmvp,2026 Week 1 transaction,977,Deshaun Watson,QB,0,107.90360948109742,102.50842900704254
caskinner,2025 Week 1 transaction,534,Ollie Gordon,RB,0,103.66342769289838,98.48025630825346
ElatedBroncosFan,2025 Week 4 transaction,633,Rico Dowdle,RB,43.548529411764704,57.762428665122215,98.4228366436308
Arvs,2024 Week 9 transaction,270,Parker Washington,WR,-43.825401960784305,149.47445043994884,98.17532595716705
TheJandyStock,2024 Week 6 transaction,166,Aidan O'Connell,QB,-0.6055588235294103,103.61286514138511,97.82666306078644
Arvs,2024 Week 16 transaction,416,Aidan O'Connell,QB,-0.6055588235294103,103.61286514138511,97.82666306078644
caskinner,2024 Week 1 transaction,25,Jordan Mason,RB,17.166127450980404,84.52405683601005,97.46398144518994
Arvs,2025 Week 15 transaction,859,Gardner Minshew,QB,0,101.33530484676784,96.26853960442945
joeburrowmvp,2026 Week 1 transaction,981,Braelon Allen,RB,0,98.1143824963868,93.20866337156745
ngernenz,2025 Week 7 transaction,699,Carson Wentz,QB,-1.1833039215686263,97.6385521241927,91.57332059641443
caskinner,2024 Week 4 transaction,108,Denver Broncos,DST,89.40147058823531,0,89.40147058823531
Arvs,2025 Week 1 transaction,564,Jordan Mason,RB,8.52988235294118,84.52405683601005,88.82773634715073
caskinner,2024 Week 1 transaction,22,Ka'imi Fairbairn,K,88.35882352941177,0,88.35882352941177
ElatedBroncosFan,2025 Week 5 transaction,658,AJ Barner,TE,21.364539215686275,69.28210378598247,87.1825378123696
Arvs,2024 Week 13 transaction,360,Jake Ferguson,TE,13.739343137254895,77.10620552437422,86.99023838541041
ngernenz,2025 Week 8 transaction,715,Tank Bigsby,RB,0,91.4165397125973,86.84571272696743
obiwanginobiIi,2025 Week 1 transaction,567,Brenton Strange,TE,23.54009803921569,64.7319082678384,85.03541089366217
obiwanginobiIi,2024 Week 4 transaction,112,Joe Flacco,QB,63.98358823529411,21.263361466341077,84.18378162831813
joeburrowmvp,2026 Week 1 transaction,990,MarShawn Lloyd,RB,6.80833333333333,81.25310422814765,83.99878235007358
Arvs,2025 Week 1 transaction,460,Woody Marks,RB,-3.0997647058823494,91.48986068198164,83.8156029420002
joeburrowmvp,2024 Week 8 transaction,216,Keaton Mitchell,RB,0,86.95290091338535,82.60525586771608
joeburrowmvp,2025 Week 1 transaction,458,Keaton Mitchell,RB,0,86.95290091338535,82.60525586771608
jzeigboi,2025 Week 11 transaction,794,Keaton Mitchell,RB,0,86.95290091338535,82.60525586771608
joeburrowmvp,2026 Week 1 transaction,926,Keaton Mitchell,RB,0,86.95290091338535,82.60525586771608
ngernenz,2026 Week 1 transaction,919,Deshaun Watson,QB,0,86.64024801475634,82.30823561401851
caskinner,2024 Week 5 transaction,136,Kendre Miller,RB,0,86.13975783477598,81.83276994303718
Arvs,2026 Week 2 transaction,1025,Kendre Miller,RB,0,86.13975783477598,81.83276994303718
Arvs,2024 Week 15 transaction,391,Brenton Strange,TE,18.17132352941177,64.7319082678384,79.66663638385825
Gretsch0401,2024 Week 6 transaction,158,Emanuel Wilson,RB,8.61014705882353,73.00453969241752,77.96445976662017
caskinner,2026 Week 1 transaction,947,Kaelon Black,RB,0,82.05439052407625,77.95167099787244
Arvs,2024 Week 8 transaction,221,Joe Flacco,QB,44.69711764705882,34.79257673884554,77.75006554896208
lukestip,2024 Week 1 transaction,48,Tyrone Tracy Jr.,RB,16.064686274509803,64.89480246588757,77.71474861710298
Arvs,2024 Week 14 transaction,378,AJ Barner,TE,11.590980392156858,69.28210378598247,77.40897898884019
caskinner,2024 Week 5 transaction,135,MarShawn Lloyd,RB,0,81.25310422814765,77.19044901674026
ngernenz,2026 Week 1 transaction,918,MarShawn Lloyd,RB,0,81.25310422814765,77.19044901674026
jzeigboi,2025 Week 1 transaction,498,Jacory Croskey-Merritt,RB,-21.902882352941177,103.5961700550069,76.51347919931537
Arvs,2024 Week 3 transaction,101,Minnesota Vikings,DST,76.17990196078432,0,76.17990196078432
jzeigboi,2024 Week 8 transaction,235,Gardner Minshew,QB,3.623970588235295,76.03684983177217,75.85897792841885
joeburrowmvp,2025 Week 1 transaction,481,Quinn Ewers,QB,-23.20555882352941,103.28082563443266,74.9112255291816
Arvs,2024 Week 14 transaction,362,Isaiah Davis,RB,10.447019607843137,67.56431325891306,74.63311720381054
ElatedBroncosFan,2024 Week 12 transaction,346,Seattle Seahawks,DST,74.25,0,74.25
Arvs,2024 Week 14 transaction,388,Seattle Seahawks,DST,74.25,0,74.25
ElatedBroncosFan,2025 Week 17 transaction,880,Malik Willis,QB,0,76.90595733051495,73.0606594639892
caskinner,2024 Week 10 transaction,281,Chris Rodriguez Jr.,RB,0,76.64116199326843,72.809103893605
lukestip,2024 Week 14 transaction,373,Chris Rodriguez Jr.,RB,0,76.64116199326843,72.809103893605
caskinner,2025 Week 2 transaction,587,Seattle Seahawks,DST,72.39607843137254,0,72.39607843137254
jzeigboi,2024 Week 3 transaction,94,Jaylen Wright,RB,0.9410588235294117,74.84031347463711,72.03935662443467
ElatedBroncosFan,2024 Week 11 transaction,309,AJ Barner,TE,6.066470588235296,69.28210378598247,71.88446918491863
obiwanginobiIi,2025 Week 10 transaction,771,AJ Barner,TE,6.066470588235296,69.28210378598247,71.88446918491863
ElatedBroncosFan,2024 Week 8 transaction,226,Isaac Guerendo,RB,15.938274509803923,58.22586284015624,71.25284420795235
lukestip,2026 Week 3 transaction,1033,Raheim Sanders,RB,0,74.15503417403998,70.44728246533798
joeburrowmvp,2025 Week 1 transaction,522,Jordan James,RB,0,73.09020610768356,69.43569580229938
TheJandyStock,2025 Week 1 transaction,444,Brashard Smith,RB,0,72.24491341616277,68.63266774535464
Gretsch0401,2024 Week 7 transaction,203,Cameron Dicker,K,68.62794117647061,0,68.62794117647061
joeburrowmvp,2025 Week 9 transaction,747,Brian Robinson Jr.,RB,0,71.82684260858596,68.23550047815667
ElatedBroncosFan,2025 Week 1 transaction,436,Juwan Johnson,TE,45.42049999999999,23.716218398134373,67.95090747822763
obiwanginobiIi,2024 Week 6 transaction,162,Minnesota Vikings,DST,66.83039215686276,0,66.83039215686276
ngernenz,2026 Week 3 transaction,1034,Eli Heidenreich,RB,0,69.85808148829327,66.3651774138786
Gretsch0401,2024 Week 6 transaction,172,Philadelphia Eagles,DST,66.15245098039216,0,66.15245098039216
obiwanginobiIi,2024 Week 1 transaction,38,Will Shipley,RB,0,69.49606055905959,66.0212575311066
TheJandyStock,2024 Week 2 transaction,76,Pittsburgh Steelers,DST,65.8700980392157,0,65.8700980392157
lukestip,2025 Week 9 transaction,744,Emanuel Wilson,RB,0,68.47890402942605,65.05495882795474
jzeigboi,2026 Week 1 transaction,927,Isaiah Davis,RB,0,67.56431325891306,64.18609759596741
caskinner,2025 Week 1 transaction,536,DJ Giddens,RB,0,67.08041896658064,63.7263980182516
ElatedBroncosFan,2024 Week 10 transaction,291,Joe Flacco,QB,46.468666666666664,18.134612125723777,63.69654818610425
caskinner,2025 Week 1 transaction,462,Trevor Etienne,RB,0,66.11911456571156,62.81315883742597
jzeigboi,2025 Week 1 transaction,485,Blake Corum,RB,2.0633921568627454,63.385950768344536,62.28004538679006
jzeigboi,2024 Week 10 transaction,290,Cameron Dicker,K,60.94117647058826,0,60.94117647058826
Arvs,2024 Week 11 transaction,307,Alec Pierce,WR,21.694980392156857,40.30144201170284,59.98135030327455
ngernenz,2025 Week 4 transaction,635,Chris Rodriguez Jr.,RB,0,63.11194672076397,59.95634938472576
jzeigboi,2024 Week 16 transaction,418,Sione Vaki,RB,0,62.605620516471824,59.47533949064823
caskinner,2024 Week 17 transaction,428,Michael Carter,RB,6.8012549019607835,55.304942955008705,59.34095070921905
joeburrowmvp,2025 Week 1 transaction,466,Ka'imi Fairbairn,K,64.60245098039215,-5.716225133666427,59.172037103409046
jzeigboi,2024 Week 15 transaction,396,Baltimore Ravens,DST,58.51666666666667,0,58.51666666666667
jzeigboi,2026 Week 1 transaction,911,Malik Davis,RB,0,61.19016522134768,58.13065696028029
Arvs,2024 Week 4 transaction,125,Minnesota Vikings,DST,58.0264705882353,0,58.0264705882353
TheJandyStock,2025 Week 2 transaction,603,Kenny Gainwell,RB,49.99150980392157,8.406289124891373,57.97748447256838
ElatedBroncosFan,2024 Week 6 transaction,156,Sean Tucker,RB,-11.880196078431375,72.90851492758387,57.38289310277329
Arvs,2024 Week 4 transaction,121,Ty Johnson,RB,4.877637254901959,55.25485295082194,57.369747558182794
joeburrowmvp,2024 Week 9 transaction,258,Ty Johnson,RB,4.877637254901959,55.25485295082194,57.369747558182794
caskinner,2024 Week 14 transaction,383,Ty Johnson,RB,4.877637254901959,55.25485295082194,57.369747558182794
akondratieff,2025 Week 10 transaction,777,Ty Johnson,RB,4.877637254901959,55.25485295082194,57.369747558182794
joeburrowmvp,2025 Week 1 transaction,532,Tahj Brooks,RB,0,60.10978983705722,57.10430034520436
ngernenz,2024 Week 1 transaction,58,Philadelphia Eagles,DST,56.972058823529416,0,56.972058823529416
obiwanginobiIi,2024 Week 1 transaction,8,Emanuel Wilson,RB,11.74550980392157,47.26160808258959,56.64403748238168
obiwanginobiIi,2026 Week 1 transaction,924,Eli Raridon,TE,0,59.61157795616782,56.63099905835942
ElatedBroncosFan,2025 Week 8 transaction,721,Gunnar Helm,TE,-5.178803921568626,64.92411932852224,56.49910944052749
caskinner,2024 Week 1 transaction,62,Baltimore Ravens,DST,56.23333333333334,0,56.23333333333334
lukestip,2025 Week 14 transaction,848,Minnesota Vikings,DST,55.670588235294126,0,55.670588235294126
Arvs,2024 Week 8 transaction,223,Cameron Dicker,K,55.222058823529416,0,55.222058823529416
ElatedBroncosFan,2025 Week 3 transaction,613,Oronde Gadsden,TE,1.1419117647058794,56.74426998794432,55.04896825325298
ElatedBroncosFan,2026 Week 1 transaction,959,Terrance Ferguson,TE,0,57.922208088750466,55.02609768431294
ElatedBroncosFan,2024 Week 14 transaction,364,AJ Barner,TE,-11.616372549019607,69.28210378598247,54.20162604766372
Arvs,2025 Week 10 transaction,762,Devin Singletary,RB,-2.0633921568627454,58.8465681389137,53.840847575105265
SFOControl,2025 Week 12 transaction,832,Devin Singletary,RB,-2.0633921568627454,58.8465681389137,53.840847575105265
Arvs,2025 Week 8 transaction,724,Minnesota Vikings,DST,53.71323529411766,0,53.71323529411766
TheJandyStock,2025 Week 4 transaction,632,Brashard Smith,RB,0,56.317047735202706,53.50119534844257
ElatedBroncosFan,2024 Week 5 transaction,147,Seattle Seahawks,DST,53.44607843137255,0,53.44607843137255
joeburrowmvp,2025 Week 9 transaction,737,Emari Demercado,RB,-5.37993137254902,61.65687474023654,53.194099630675694
Arvs,2024 Week 8 transaction,234,Audric Estime,RB,0,55.90294449241846,53.10779726779754
caskinner,2024 Week 15 transaction,398,Audric Estime,RB,0,55.90294449241846,53.10779726779754
Gretsch0401,2025 Week 9 transaction,751,Kenny Gainwell,RB,49.99150980392157,3.2782156761801673,53.10581469629274
lukestip,2026 Week 1 transaction,900,Michael Mayer,TE,-2.0300000000000002,57.97560112654114,53.04682107021408
Arvs,2024 Week 7 transaction,183,Jameis Winston,QB,50.72934313725491,2.4377834121703046,53.045237378816694
ngernenz,2025 Week 8 transaction,728,Samaje Perine,RB,0,55.45411502547503,52.68140927420128
ngernenz,2025 Week 11 transaction,786,Jaleel McLaughlin,RB,0,55.283704336398,52.5195191195781
ngernenz,2025 Week 5 transaction,648,AJ Barner,TE,6.066470588235296,48.01983549781261,51.68531431115726
TheJandyStock,2024 Week 14 transaction,377,Ka'imi Fairbairn,K,51.27401960784312,0,51.27401960784312
joeburrowmvp,2024 Week 4 transaction,119,Samaje Perine,RB,-1.4546568627450966,55.45411502547503,51.22675241145618
Gretsch0401,2024 Week 12 transaction,344,Samaje Perine,RB,-1.4546568627450966,55.45411502547503,51.22675241145618
jzeigboi,2026 Week 1 transaction,910,Jacob Saylors,RB,0,53.36952405086866,50.70104784832523
jzeigboi,2025 Week 1 transaction,524,Minnesota Vikings,DST,50.5421568627451,0,50.5421568627451
TheJandyStock,2024 Week 1 transaction,9,Chicago Bears,DST,49.88088235294117,0,49.88088235294117
obiwanginobiIi,2024 Week 6 transaction,161,Tyler Goodson,RB,1.751176470588236,50.37427251574206,49.60673536054318
Arvs,2024 Week 7 transaction,191,Tyler Goodson,RB,1.751176470588236,50.37427251574206,49.60673536054318
obiwanginobiIi,2024 Week 2 transaction,72,Colby Parkinson,TE,16.737696078431377,34.20453584014185,49.232005126566136
joeburrowmvp,2024 Week 10 transaction,272,Audric Estime,RB,0,51.64659771940507,49.06426783343481
caskinner,2025 Week 1 transaction,463,Dameon Pierce,RB,0,51.51052452744473,48.93499830107249
jzeigboi,2025 Week 6 transaction,678,Zach Ertz,TE,13.457715686274508,36.81325619881664,48.43030907515032
caskinner,2024 Week 5 transaction,133,Jaleel McLaughlin,RB,-4.59049019607843,55.283704336398,47.92902892349967
joeburrowmvp,2024 Week 1 transaction,47,Dylan Laube,RB,0,50.08675740459676,47.58241953436692
jzeigboi,2025 Week 13 transaction,839,Cade Otton,TE,0,49.07681519776255,46.62297443787442
Arvs,2024 Week 3 transaction,92,Zach Ertz,TE,11.30001960784314,36.81325619881664,46.27261299671895
lukestip,2026 Week 3 transaction,1038,Deshaun Watson,QB,0,48.52430982601801,46.09809433471712
Arvs,2025 Week 1 transaction,505,Chigoziem Okonkwo,TE,0,48.18296323389427,45.773815072199554
Arvs,2025 Week 16 transaction,876,Chigoziem Okonkwo,TE,0,48.18296323389427,45.773815072199554
joeburrowmvp,2026 Week 1 transaction,980,Chigoziem Okonkwo,TE,0,48.18296323389427,45.773815072199554
jzeigboi,2026 Week 2 transaction,1026,Chigoziem Okonkwo,TE,0,48.18296323389427,45.773815072199554
ElatedBroncosFan,2024 Week 5 transaction,131,Tyler Goodson,RB,1.751176470588236,45.82757318589894,45.28737099719223
jzeigboi,2025 Week 3 transaction,608,Minnesota Vikings,DST,45.14264705882353,0,45.14264705882353
akondratieff,2025 Week 1 transaction,504,Jerome Ford,RB,0,47.51735393670409,45.14148623986889
ElatedBroncosFan,2025 Week 1 transaction,431,Baltimore Ravens,DST,44.99019607843138,0,44.99019607843138
ElatedBroncosFan,2024 Week 12 transaction,337,Seattle Seahawks,DST,44.839215686274514,0,44.839215686274514
obiwanginobiIi,2024 Week 14 transaction,387,Jacksonville Jaguars,DST,49.07130392156863,-5.513981365474573,43.83302162436779
ngernenz,2024 Week 10 transaction,276,Houston Texans,DST,43.19901960784314,0,43.19901960784314
Arvs,2025 Week 5 transaction,666,Mac Jones,QB,14.663049019607847,29.82589565053493,42.997649887616035
joeburrowmvp,2024 Week 2 transaction,64,Kareem Hunt,RB,53.41754901960783,-11.178042591668312,42.79840855752294
Arvs,2024 Week 5 transaction,129,Chase McLaughlin,K,42.76470588235295,0,42.76470588235295
obiwanginobiIi,2024 Week 2 transaction,70,Darnell Mooney,WR,34.93713725490197,7.665744100899973,42.21959415075695
Arvs,2025 Week 1 transaction,464,Tyler Loop,K,40.997058823529414,0,40.997058823529414
akondratieff,2024 Week 12 transaction,339,Chase McLaughlin,K,47.35882352941177,-7.087827104503157,40.62538778013377
Arvs,2024 Week 8 transaction,241,Baltimore Ravens,DST,39.380392156862754,0,39.380392156862754
jzeigboi,2025 Week 12 transaction,808,Samaje Perine,RB,-13.324509803921572,55.45411502547503,39.35689947027971
ngernenz,2025 Week 1 transaction,506,Baltimore Ravens,DST,39.03284313725491,0,39.03284313725491
obiwanginobiIi,2024 Week 1 transaction,26,Theo Johnson,TE,0.5931078431372523,39.24248641483804,37.87346993723339
Arvs,2025 Week 1 transaction,468,Theo Johnson,TE,0.5931078431372523,39.24248641483804,37.87346993723339
ngernenz,2025 Week 12 transaction,820,Michael Carter,RB,-2.8864803921568623,41.77572768250424,36.80046090622217
caskinner,2024 Week 1 transaction,24,Seattle Seahawks,DST,36.78774509803922,0,36.78774509803922
Arvs,2025 Week 1 transaction,476,Keenan Allen,WR,23.20555882352941,13.967208752599571,36.474407138499004
Arvs,2024 Week 10 transaction,296,Ben Sinnott,TE,6.552450980392157,31.35082173006223,36.335731623951276
ElatedBroncosFan,2025 Week 1 transaction,456,Ja'Tavion Sanders,TE,0,37.471367614833696,35.59779923409201
ElatedBroncosFan,2025 Week 3 transaction,617,Ja'Tavion Sanders,TE,0,37.471367614833696,35.59779923409201
caskinner,2026 Week 2 transaction,1017,Drew Allar,QB,0,37.11343819374929,35.2577662840618
ElatedBroncosFan,2024 Week 9 transaction,256,Jake Bates,K,37.647549019607844,-2.544889601726587,35.22990389796759
joeburrowmvp,2024 Week 11 transaction,322,Miami Dolphins,DST,35.21078431372549,0,35.21078431372549
ElatedBroncosFan,2025 Week 8 transaction,733,Evan McPherson,K,35.09264705882353,0,35.09264705882353
obiwanginobiIi,2025 Week 6 transaction,690,Jake Tonges,TE,3.817303921568629,32.83239021663396,35.00807462737089
ElatedBroncosFan,2024 Week 4 transaction,110,Romeo Doubs,WR,17.821901960784317,17.94326109295321,34.86799999908987
caskinner,2025 Week 1 transaction,509,Houston Texans,DST,34.759803921568626,0,34.759803921568626
ngernenz,2025 Week 3 transaction,626,Jacksonville Jaguars,DST,34.749509803921576,0,34.749509803921576
ngernenz,2025 Week 14 transaction,845,Jaylen Wright,RB,0,36.214573751360874,34.403845063792836
Arvs,2026 Week 1 transaction,934,Justin Joly,TE,0,36.20725743414509,34.396894562437836
TheJandyStock,2024 Week 13 transaction,352,Evan McPherson,K,34.240196078431374,0,34.240196078431374
ElatedBroncosFan,2025 Week 6 transaction,670,Oronde Gadsden,TE,6.3207156862745055,29.29151827425578,34.1476580468175
Gretsch0401,2025 Week 1 transaction,449,Romeo Doubs,WR,16.867686274509808,17.94326109295321,33.91378431281536
jzeigboi,2025 Week 4 transaction,631,Chase McLaughlin,K,33.86813725490196,0,33.86813725490196
akondratieff,2025 Week 12 transaction,811,Dylan Sampson,RB,0,35.608128945772975,33.827722498484334
caskinner,2024 Week 2 transaction,66,Seattle Seahawks,DST,33.43774509803921,0,33.43774509803921
jzeigboi,2025 Week 12 transaction,824,Cade Otton,TE,0,35.177627388381715,33.41874601896262
akondratieff,2025 Week 1 transaction,503,Joe Flacco,QB,51.61455882352941,-19.257973549921793,33.319483951103706
ngernenz,2026 Week 1 transaction,939,Joe Flacco,QB,0,34.79257673884554,33.05294790190326
ngernenz,2025 Week 12 transaction,814,Colby Parkinson,TE,17.830245098039217,15.900665421866186,32.93587724881209
Arvs,2025 Week 9 transaction,759,Samaje Perine,RB,0,34.19184673730517,32.48225440043991
Arvs,2025 Week 16 transaction,879,Michael Carter,RB,-4.5698823529411765,38.64697834188694,32.14474707185142
ngernenz,2024 Week 5 transaction,140,Chicago Bears,DST,31.79607843137255,0,31.79607843137255
obiwanginobiIi,2024 Week 6 transaction,154,Minnesota Vikings,DST,69.7171274509804,-40.30144201170284,31.43075753986271
SFOControl,2025 Week 8 transaction,727,Jake Tonges,TE,0,32.83239021663396,31.19077070580226
ngernenz,2025 Week 14 transaction,841,Ben Sinnott,TE,0,32.804855140474416,31.164612383450695
ElatedBroncosFan,2025 Week 1 transaction,499,Audric Estime,RB,-3.2833039215686277,35.98940777244715,30.906633462256167
lukestip,2025 Week 7 transaction,697,Alec Pierce,WR,-2.8867352941176474,34.78746064622827,30.161352319799203
obiwanginobiIi,2025 Week 5 transaction,659,Michael Carter,RB,9.804147058823528,21.320332998661932,30.058463407552363
Arvs,2024 Week 8 transaction,229,Taysom Hill,TE,33.65632352941177,-4.448733212430893,29.430026977602424
Arvs,2025 Week 7 transaction,709,Ka'imi Fairbairn,K,29.36862745098039,0,29.36862745098039
SFOControl,2024 Week 1 transaction,59,Buffalo Bills,DST,67.53183333333334,-40.30144201170284,29.24546342221565
ElatedBroncosFan,2024 Week 1 transaction,3,Colby Parkinson,TE,13.936666666666671,15.900665421866186,29.042298817439548
joeburrowmvp,2025 Week 1 transaction,523,Trevor Etienne,RB,-16.867686274509808,48.17585347275835,28.899374524610614
ngernenz,2026 Week 1 transaction,909,Kirk Cousins,QB,28.653333333333336,0.24857665951061847,28.889481159868424
caskinner,2025 Week 8 transaction,713,Jacksonville Jaguars,DST,28.431862745098044,0,28.431862745098044
ngernenz,2026 Week 1 transaction,915,Caleb Douglas,WR,0,29.78808617458963,28.298681865860146
obiwanginobiIi,2024 Week 7 transaction,205,Alec Pierce,WR,3.0382156862745084,26.402254202322005,28.12035717848041
joeburrowmvp,2024 Week 1 transaction,7,Gardner Minshew,QB,-12.946166666666668,43.1094420066116,28.007803239614347
ElatedBroncosFan,2024 Week 14 transaction,365,Kayshon Boutte,WR,9.039676470588235,19.913536719971308,27.95753635456098
jzeigboi,2025 Week 11 transaction,793,Dawson Knox,TE,0,29.30004533132231,27.835043064756192
SFOControl,2025 Week 5 transaction,643,Eddy Pineiro,K,27.834313725490198,0,27.834313725490198
jzeigboi,2025 Week 12 transaction,816,Najee Harris,RB,-0.18273529411764677,29.42323481740379,27.769337782415953
lukestip,2025 Week 3 transaction,622,New England Patriots,DST,27.768137254901966,0,27.768137254901966
obiwanginobiIi,2025 Week 5 transaction,652,Tommy Tremble,TE,0,29.009581437995266,27.5591023660955
ElatedBroncosFan,2024 Week 1 transaction,55,Tampa Bay Buccaneers,DST,27.420588235294133,0,27.420588235294133
ElatedBroncosFan,2025 Week 12 transaction,822,Evan McPherson,K,27.17843137254902,0,27.17843137254902
obiwanginobiIi,2024 Week 11 transaction,323,Jake Bates,K,32.41328431372549,-5.5461442562880165,27.144447270251874
joeburrowmvp,2024 Week 7 transaction,197,Erick All Jr.,TE,0,27.57481987852241,26.196078884596286
TheJandyStock,2025 Week 1 transaction,494,Erick All Jr.,TE,0,27.57481987852241,26.196078884596286
ElatedBroncosFan,2024 Week 4 transaction,118,Miami Dolphins,DST,26.130882352941175,0,26.130882352941175
ElatedBroncosFan,2024 Week 8 transaction,219,New England Patriots,DST,25.730882352941173,0,25.730882352941173
jzeigboi,2024 Week 8 transaction,233,Anders Carlson,K,25.642156862745097,0,25.642156862745097
ElatedBroncosFan,2025 Week 11 transaction,779,AJ Barner,TE,6.066470588235296,20.205288588219922,25.26149474704421
ngernenz,2024 Week 12 transaction,340,Cincinnati Bengals,DST,24.89950980392157,0,24.89950980392157
obiwanginobiIi,2026 Week 2 transaction,1011,Dalton Schultz,TE,-4.501666666666665,30.73197401411271,24.693708646740408
jzeigboi,2024 Week 7 transaction,190,Noah Fant,TE,20.429147058823514,4.257116356130329,24.47340759714733
ngernenz,2024 Week 7 transaction,199,Jason Myers,K,24.386764705882353,0,24.386764705882353
ElatedBroncosFan,2025 Week 9 transaction,756,Baltimore Ravens,DST,24.203921568627454,0,24.203921568627454
joeburrowmvp,2024 Week 16 transaction,408,Jason Myers,K,24.07156862745098,0,24.07156862745098
lukestip,2026 Week 1 transaction,905,Pat Bryant,WR,0,25.31427461876776,24.04856088782937
joeburrowmvp,2024 Week 7 transaction,186,Hunter Henry,TE,-13.690382352941182,39.276716139647434,23.62249797972388
ngernenz,2025 Week 5 transaction,669,Indianapolis Colts,DST,23.03333333333333,0,23.03333333333333
Arvs,2024 Week 9 transaction,268,New Orleans Saints,DST,22.73774509803922,0,22.73774509803922
ngernenz,2025 Week 6 transaction,672,Chicago Bears,DST,22.57794117647059,0,22.57794117647059
akondratieff,2025 Week 5 transaction,667,Jason Myers,K,22.284803921568628,0,22.284803921568628
ElatedBroncosFan,2024 Week 14 transaction,385,Kayshon Boutte,WR,3.2833039215686277,19.913536719971308,22.20116380554137
lukestip,2024 Week 1 transaction,61,San Francisco 49ers,DST,21.131372549019616,0,21.131372549019616
akondratieff,2025 Week 5 transaction,657,Kendrick Bourne,WR,12.959235294117647,8.089179103542394,20.64395544248292
joeburrowmvp,2026 Week 1 transaction,895,Carson Wentz,QB,-1.7809999999999988,23.559396055464546,20.60042625269132
jzeigboi,2025 Week 14 transaction,840,Jacksonville Jaguars,DST,20.511274509803922,0,20.511274509803922
akondratieff,2024 Week 1 transaction,2,Cade Otton,TE,22.81895098039216,-2.4337093296821806,20.50692711719409
TheJandyStock,2024 Week 6 transaction,163,Harrison Butker,K,19.875,0,19.875
joeburrowmvp,2024 Week 11 transaction,318,New Orleans Saints,DST,34.71,-15.69550012842085,19.799274878000197
ElatedBroncosFan,2025 Week 2 transaction,595,Troy Franklin,WR,10.506607843137257,9.62610125594322,19.651404036283314
jzeigboi,2024 Week 1 transaction,56,Miami Dolphins,DST,23.04166666666667,-3.609605736750217,19.612541216753964
obiwanginobiIi,2025 Week 1 transaction,473,Isaiah Bond,WR,15.234950980392158,4.4340918340462325,19.44733822273608
jzeigboi,2024 Week 11 transaction,312,Cleveland Browns,DST,19.297549019607843,0,19.297549019607843
Arvs,2024 Week 12 transaction,348,Ben Sinnott,TE,-11.880196078431375,32.804855140474416,19.28441630501932
jzeigboi,2025 Week 10 transaction,765,Chris Rodriguez Jr.,RB,2.0633921568627454,17.794593854354723,18.968256318499733
obiwanginobiIi,2024 Week 7 transaction,210,Will Reichard,K,18.88039215686275,0,18.88039215686275
caskinner,2026 Week 1 transaction,973,Jaylin Noel,WR,0,19.60985221835279,18.62935960743515
caskinner,2025 Week 12 transaction,828,Cam Little,K,18.298039215686273,0,18.298039215686273
ElatedBroncosFan,2025 Week 3 transaction,625,Woody Marks,RB,-3.0997647058823494,21.993800122922053,17.794345410893598
Arvs,2024 Week 9 transaction,246,Cooper Rush,QB,17.72100980392157,0,17.72100980392157
jzeigboi,2025 Week 11 transaction,791,Brock Wright,TE,0,18.61706692531449,17.686213579048765
ngernenz,2024 Week 12 transaction,342,Harrison Butker,K,17.585784313725497,0,17.585784313725497
ngernenz,2026 Week 1 transaction,941,Cyrus Allen,WR,0,18.496752292176424,17.5719146775676
ElatedBroncosFan,2024 Week 1 transaction,4,Greg Dortch,WR,23.529892156862743,-6.274244253324184,17.56936011620477
lukestip,2025 Week 12 transaction,810,Adonai Mitchell,WR,0.18273529411764677,17.74712793379785,17.0425068312256
caskinner,2025 Week 1 transaction,507,Tyler Loop,K,16.933823529411768,0,16.933823529411768
Arvs,2024 Week 14 transaction,370,Will Reichard,K,16.904411764705884,0,16.904411764705884
caskinner,2025 Week 1 transaction,450,Cade Otton,TE,12.563137254901958,4.445653374269007,16.786507960457506
joeburrowmvp,2025 Week 7 transaction,700,Michael Badgley,K,16.480882352941176,0,16.480882352941176
TheJandyStock,2025 Week 1 transaction,491,Harrison Butker,K,16.25490196078432,0,16.25490196078432
Arvs,2024 Week 4 transaction,124,Malik Willis,QB,-51.74478431372549,71.56801755634507,16.244832364802306
lukestip,2024 Week 9 transaction,251,Chicago Bears,DST,16.11813725490196,0,16.11813725490196
joeburrowmvp,2025 Week 7 transaction,705,Sean Tucker,RB,5.37993137254902,11.251640187347327,16.06898955052897
SFOControl,2024 Week 12 transaction,343,Cleveland Browns,DST,16.036274509803924,0,16.036274509803924
TheJandyStock,2025 Week 5 transaction,661,Cleveland Browns,DST,16.036274509803924,0,16.036274509803924
obiwanginobiIi,2024 Week 15 transaction,400,Kendrick Bourne,WR,8.252862745098039,8.089179103542394,15.937582893463311
joeburrowmvp,2024 Week 9 transaction,266,Tennessee Titans,DST,15.887254901960787,0,15.887254901960787
ngernenz,2025 Week 10 transaction,776,Tyler Loop,K,15.547549019607846,0,15.547549019607846
Arvs,2024 Week 3 transaction,104,Hunter Henry,TE,-10.073764705882358,26.76008495395495,15.348316000374851
Gretsch0401,2025 Week 10 transaction,773,Jason Myers,K,15.32892156862745,0,15.32892156862745
caskinner,2024 Week 13 transaction,350,Sincere McCormick,RB,15.298068627450979,0,15.298068627450979
caskinner,2024 Week 11 transaction,303,Devaughn Vele,WR,-1.1599803921568625,16.657964613121763,14.665085990308812
obiwanginobiIi,2024 Week 7 transaction,212,New Orleans Saints,DST,14.37303921568628,0,14.37303921568628
ngernenz,2025 Week 11 transaction,805,Chicago Bears,DST,14.268627450980395,0,14.268627450980395
ngernenz,2025 Week 11 transaction,783,Jacksonville Jaguars,DST,14.245588235294116,0,14.245588235294116
ngernenz,2025 Week 9 transaction,757,Chicago Bears,DST,14.111274509803923,0,14.111274509803923
ElatedBroncosFan,2024 Week 7 transaction,208,Devaughn Vele,WR,-1.7715490196078427,16.657964613121763,14.053517362857832
ElatedBroncosFan,2024 Week 11 transaction,321,Devaughn Vele,WR,-1.7715490196078427,16.657964613121763,14.053517362857832
Arvs,2025 Week 13 transaction,833,Devaughn Vele,WR,-1.7715490196078427,16.657964613121763,14.053517362857832
ElatedBroncosFan,2024 Week 16 transaction,410,Jacksonville Jaguars,DST,14.049509803921573,0,14.049509803921573
ElatedBroncosFan,2024 Week 7 transaction,209,Isaac Guerendo,RB,11.060637254901964,2.9710098893342973,13.883096649769556
ngernenz,2024 Week 3 transaction,93,Jonnu Smith,TE,21.3393137254902,-7.956740277721767,13.780410461654522
ngernenz,2025 Week 1 transaction,521,Tory Horton,WR,0,14.32137323291545,13.605304571269677
ngernenz,2026 Week 3 transaction,1040,Rashod Bateman,WR,0,14.0662130174919,13.362902366617305
akondratieff,2025 Week 1 transaction,448,Los Angeles Rams,DST,13.328431372549025,0,13.328431372549025
ngernenz,2026 Week 3 transaction,1035,Xavier Hutchinson,WR,0,13.899187809380836,13.204228418911793
ngernenz,2026 Week 1 transaction,908,Kayshon Boutte,WR,0,13.824464908411883,13.133241662991288
akondratieff,2025 Week 10 transaction,778,Cairo Santos,K,13.082352941176472,0,13.082352941176472
jzeigboi,2024 Week 6 transaction,165,Los Angeles Chargers,DST,13.077941176470592,0,13.077941176470592
caskinner,2025 Week 13 transaction,834,Chase McLaughlin,K,13.039215686274513,0,13.039215686274513
ElatedBroncosFan,2025 Week 1 transaction,457,Will Shipley,RB,0,13.593116066641123,12.913460263309062
ngernenz,2025 Week 3 transaction,623,Jalen Nailor,WR,0,13.529215272504462,12.852754508879238
ngernenz,2025 Week 11 transaction,790,Jalen Nailor,WR,0,13.529215272504462,12.852754508879238
TheJandyStock,2026 Week 1 transaction,925,Jalen Nailor,WR,0,13.529215272504462,12.852754508879238
obiwanginobiIi,2024 Week 3 transaction,90,Tre Tucker,WR,-6.927088235294117,20.711312890029017,12.748659010233446
ngernenz,2024 Week 7 transaction,198,Indianapolis Colts,DST,12.720098039215685,0,12.720098039215685
joeburrowmvp,2026 Week 1 transaction,890,Dontayvion Wicks,WR,-5.301666666666665,18.964822468669958,12.714914678569794
ngernenz,2025 Week 15 transaction,871,Chicago Bears,DST,12.675980392156864,0,12.675980392156864
Arvs,2025 Week 17 transaction,889,Michael Mayer,TE,-2.0300000000000002,15.306619258121444,12.511288295215373
ngernenz,2025 Week 17 transaction,887,Travis Kelce,TE,25.366666666666667,-13.6194583646392,12.428181220259432
ngernenz,2025 Week 1 transaction,478,Tyquan Thornton,WR,0,12.873744844657194,12.230057602424335
jzeigboi,2024 Week 2 transaction,81,Jacksonville Jaguars,DST,12.175,0,12.175
Arvs,2024 Week 5 transaction,149,Tutu Atwell,WR,7.899656862745098,4.448733212430893,12.125953414554445
ngernenz,2024 Week 11 transaction,319,Cooper Rush,QB,17.72100980392157,-5.926752208931189,12.09059520543694
ElatedBroncosFan,2025 Week 17 transaction,885,Kyle Williams,WR,0,12.7018675163775,12.066774140558625
ElatedBroncosFan,2026 Week 1 transaction,891,Kyle Williams,WR,0,12.7018675163775,12.066774140558625
joeburrowmvp,2025 Week 12 transaction,830,Cooper Kupp,WR,0,12.51663118569248,11.890799626407857
ElatedBroncosFan,2025 Week 1 transaction,472,Xavier Legette,WR,3.602607843137254,8.657422127437096,11.827158864202495
obiwanginobiIi,2025 Week 5 transaction,641,Xavier Legette,WR,3.602607843137254,8.657422127437096,11.827158864202495
caskinner,2024 Week 7 transaction,196,Quentin Johnston,WR,-13.045166666666667,25.742931609827934,11.410618362669869
ngernenz,2025 Week 1 transaction,439,Cam Little,K,11.20392156862745,0,11.20392156862745
obiwanginobiIi,2025 Week 11 transaction,798,Mack Hollins,WR,0,11.6278659366739,11.046472639840204
ElatedBroncosFan,2026 Week 2 transaction,1028,Mack Hollins,WR,0,11.6278659366739,11.046472639840204
obiwanginobiIi,2026 Week 3 transaction,1037,Mack Hollins,WR,0,11.6278659366739,11.046472639840204
joeburrowmvp,2024 Week 3 transaction,86,Brock Wright,TE,-6.788470588235297,18.61706692531449,10.897742990813468
ngernenz,2026 Week 1 transaction,940,Zavion Thomas,WR,0,11.313784794195744,10.748095554485957
ElatedBroncosFan,2025 Week 9 transaction,746,Gunnar Helm,TE,-5.178803921568626,16.741156094627968,10.725294368327937
caskinner,2025 Week 1 transaction,469,Evan McPherson,K,10.596078431372547,0,10.596078431372547
jzeigboi,2025 Week 5 transaction,647,Ryan Flournoy,WR,0,11.130351528978592,10.573833952529661
caskinner,2024 Week 2 transaction,82,Rashid Shaheed,WR,-2.7635686274509803,14.037889210246169,10.57242612228288
joeburrowmvp,2024 Week 10 transaction,289,Rashid Shaheed,WR,-2.7635686274509803,14.037889210246169,10.57242612228288
ngernenz,2024 Week 14 transaction,369,Joshua Palmer,WR,5.234264705882355,5.5461442562880165,10.50310174935597
jzeigboi,2024 Week 1 transaction,23,Devaughn Vele,WR,-1.3940392156862753,12.140400658731899,10.139341410109028
TheJandyStock,2024 Week 11 transaction,304,Tyquan Thornton,WR,1.8405980392156858,8.436009315604881,9.854806889040324
caskinner,2025 Week 15 transaction,868,Tank Bigsby,RB,0,10.16343548444965,9.655263710227175
joeburrowmvp,2024 Week 7 transaction,177,Jalen McMillan,WR,-5.360343137254902,15.69550012842085,9.550381984744906
Arvs,2025 Week 1 transaction,497,Jarquez Hunter,RB,0,9.636718948420992,9.154883000999945
joeburrowmvp,2024 Week 15 transaction,390,Atlanta Falcons,DST,8.87156862745098,0,8.87156862745098
Arvs,2025 Week 11 transaction,787,Evan McPherson,K,8.610294117647058,0,8.610294117647058
obiwanginobiIi,2026 Week 1 transaction,962,Malik Washington,WR,0,8.935015030190963,8.488264278681413
caskinner,2026 Week 1 transaction,946,Brenen Thompson,WR,0,8.845960933129492,8.403662886473017
akondratieff,2024 Week 4 transaction,113,Tre Tucker,WR,-6.927088235294117,15.821342107055035,8.103186766408161
TheJandyStock,2025 Week 1 transaction,493,Chimere Dike,WR,-2.8556372549019606,11.201350894272425,7.785646094656842
ElatedBroncosFan,2024 Week 5 transaction,127,Ty Johnson,RB,3.126460784313723,4.880580435079885,7.763012197639611
obiwanginobiIi,2025 Week 3 transaction,624,Tyrod Taylor,QB,18.003892156862747,-10.8209435831673,7.723995752853812
Arvs,2024 Week 6 transaction,151,DeMario Douglas,WR,1.2233823529411776,6.729309379237419,7.616226263216726
Arvs,2024 Week 3 transaction,99,Miami Dolphins,DST,7.533823529411762,0,7.533823529411762
ElatedBroncosFan,2024 Week 10 transaction,278,Xavier Hutchinson,WR,-6.0412156862745086,13.899187809380836,7.163012732637284
Arvs,2024 Week 7 transaction,195,Pierre Strong Jr.,RB,8.47178431372549,-1.4900277702052676,7.056257932030485
ngernenz,2025 Week 5 transaction,649,Las Vegas Raiders,DST,6.980392156862747,0,6.980392156862747
jzeigboi,2025 Week 8 transaction,719,Xavier Hutchinson,WR,0,7.314823841405293,6.949082649335027
obiwanginobiIi,2024 Week 1 transaction,39,Devontez Walker,WR,0,6.994584596719995,6.644855366883995
ElatedBroncosFan,2024 Week 3 transaction,97,Tyler Johnson,WR,6.505784313725491,0,6.505784313725491
joeburrowmvp,2025 Week 1 transaction,465,Sean Tucker,RB,0,6.78940036187231,6.449930343778689
Gretsch0401,2025 Week 6 transaction,685,Evan Engram,TE,2.6173039215686282,4.033160797452265,6.44880667914828
caskinner,2025 Week 2 transaction,606,Isaac Guerendo,RB,0,6.715338312711509,6.379571397075935
obiwanginobiIi,2025 Week 1 transaction,479,Tai Felton,WR,0,6.692207800385909,6.357597410366614
caskinner,2026 Week 1 transaction,921,Tyler Loop,K,6.25,0,6.25
akondratieff,2024 Week 1 transaction,17,Demarcus Robinson,WR,0,6.533196352063243,6.2065365344600805
ngernenz,2024 Week 10 transaction,294,Atlanta Falcons,DST,6.149509803921568,0,6.149509803921568
TheJandyStock,2024 Week 9 transaction,248,Noah Brown,WR,6.062303921568628,0,6.062303921568628
obiwanginobiIi,2024 Week 8 transaction,236,Trey Palmer,WR,0,6.260476069488201,5.947452266013791
Arvs,2024 Week 17 transaction,424,Joe Flacco,QB,38.63064705882352,-34.48952704713693,5.865596364043455
jzeigboi,2025 Week 11 transaction,802,Chimere Dike,WR,2.4906960784313714,3.5356067933724518,5.8495225321352
obiwanginobiIi,2025 Week 6 transaction,689,Calvin Austin III,WR,7.861705882352941,-2.146628438923231,5.822408865375872
jzeigboi,2025 Week 11 transaction,806,Los Angeles Chargers,DST,5.756372549019604,0,5.756372549019604
ngernenz,2024 Week 10 transaction,277,Jason Sanders,K,5.6235294117647,0,5.6235294117647
joeburrowmvp,2025 Week 6 transaction,683,Indianapolis Colts,DST,5.571568627450981,0,5.571568627450981
obiwanginobiIi,2024 Week 6 transaction,173,Wil Lutz,K,5.498137254901968,0,5.498137254901968
joeburrowmvp,2025 Week 1 transaction,529,Xavier Restrepo,WR,0,5.716225133666427,5.430413876983105
joeburrowmvp,2024 Week 7 transaction,179,Troy Franklin,WR,14.10921568627451,-9.291296495142092,5.282484015889523
jzeigboi,2024 Week 9 transaction,263,Blake Grupe,K,5.280882352941177,0,5.280882352941177
ngernenz,2025 Week 1 transaction,526,Joshua Palmer,WR,0,5.5461442562880165,5.268837043473615
lukestip,2025 Week 11 transaction,804,Sean Tucker,RB,0,5.389401177760405,5.119931118872373
akondratieff,2024 Week 14 transaction,368,Ameer Abdullah,RB,4.847990196078429,0,4.847990196078429
ngernenz,2025 Week 15 transaction,858,Tennessee Titans,DST,4.8352941176470585,0,4.8352941176470585
ngernenz,2025 Week 8 transaction,714,Matt Prater,K,4.668627450980389,0,4.668627450980389
ElatedBroncosFan,2024 Week 8 transaction,217,Elijah Moore,WR,0,4.889970782973983,4.645472243825284
obiwanginobiIi,2025 Week 1 transaction,502,Savion Williams,WR,0,4.658767235843174,4.425828874051016
obiwanginobiIi,2025 Week 8 transaction,717,Jake Bates,K,4.422058823529416,0,4.422058823529416
Arvs,2024 Week 14 transaction,389,Blake Grupe,K,4.417156862745097,0,4.417156862745097
jzeigboi,2025 Week 9 transaction,750,Tyler Loop,K,4.285294117647062,0,4.285294117647062
Arvs,2024 Week 8 transaction,239,Sterling Shepard,WR,10.286892156862745,-6.362594177368597,4.242427688362579
Arvs,2024 Week 7 transaction,189,Tutu Atwell,WR,0,4.448733212430893,4.226296551809348
joeburrowmvp,2024 Week 9 transaction,259,Jordan Whittington,WR,0,4.256346773013392,4.043529434362722
jzeigboi,2025 Week 11 transaction,785,Las Vegas Raiders,DST,4.0249999999999995,0,4.0249999999999995
Arvs,2025 Week 12 transaction,817,Andrei Iosivas,WR,-0.3775098039215674,4.517563954389865,3.9141759527488045
ElatedBroncosFan,2025 Week 7 transaction,693,Atlanta Falcons,DST,3.9039215686274513,0,3.9039215686274513
ElatedBroncosFan,2025 Week 5 transaction,644,Tennessee Titans,DST,3.8112745098039227,0,3.8112745098039227
obiwanginobiIi,2025 Week 8 transaction,730,Malik Washington,WR,-12.140656862745097,16.600759131090935,3.6300643117912905
Arvs,2024 Week 10 transaction,271,Nick Chubb,RB,8.625313725490196,-5.513981365474573,3.3870314282893528
ElatedBroncosFan,2024 Week 1 transaction,28,New Orleans Saints,DST,3.2382352941176435,0,3.2382352941176435
joeburrowmvp,2024 Week 1 transaction,46,Javon Baker,WR,0,3.137267547268286,2.9804041699048716
jzeigboi,2025 Week 7 transaction,707,Cade Otton,TE,-8.728107843137254,12.26355899894591,2.9222732058613516
Arvs,2024 Week 4 transaction,120,Blake Grupe,K,2.7,0,2.7
TheJandyStock,2024 Week 11 transaction,314,Calvin Austin III,WR,-1.8405980392156858,4.437735529052312,2.375250713384011
Arvs,2025 Week 9 transaction,758,Seattle Seahawks,DST,2.3715686274509835,0,2.3715686274509835
Gretsch0401,2024 Week 10 transaction,285,Jaleel McLaughlin,RB,-4.59049019607843,7.258987329676202,2.305547767113964
joeburrowmvp,2025 Week 15 transaction,857,Jalen Nailor,WR,0,2.3988637435258706,2.2789205563495774
lukestip,2024 Week 5 transaction,145,Austin Seibert,K,2.230882352941177,0,2.230882352941177
ngernenz,2026 Week 1 transaction,907,Malik Washington,WR,0,2.2793858981754855,2.16541660326671
caskinner,2024 Week 10 transaction,282,Mason Tipton,WR,0,2.2681613317880935,2.1547532651986887
Arvs,2025 Week 2 transaction,605,Will Reichard,K,1.9642156862745095,0,1.9642156862745095
ngernenz,2025 Week 3 transaction,614,Will Reichard,K,1.9642156862745095,0,1.9642156862745095
obiwanginobiIi,2025 Week 8 transaction,735,Will Reichard,K,1.9642156862745095,0,1.9642156862745095
ngernenz,2024 Week 9 transaction,261,Washington Commanders,DST,1.8946078431372566,0,1.8946078431372566
jzeigboi,2026 Week 1 transaction,906,Roschon Johnson,RB,0,1.9071959246521146,1.8118361284195075
ElatedBroncosFan,2024 Week 14 transaction,386,Jake Moody,K,1.6151960784313735,0,1.6151960784313735
jzeigboi,2024 Week 13 transaction,356,Aidan O'Connell,QB,-0.6055588235294103,2.277560294617274,1.558123456356995
caskinner,2025 Week 8 transaction,729,Isaiah Davis,RB,0,1.4451986932015046,1.3729387585414372
caskinner,2024 Week 9 transaction,245,Khalil Herbert,RB,4.59049019607843,-3.414259630210168,1.3469435473787712
jzeigboi,2026 Week 1 transaction,932,J'Mari Taylor,RB,0,1.3806322970377565,1.311600682185869
ElatedBroncosFan,2025 Week 1 transaction,514,Cincinnati Bengals,DST,1.2676470588235302,0,1.2676470588235302
jzeigboi,2026 Week 1 transaction,902,Cooper Kupp,WR,0,1.3152802914200556,1.2495162768490538
Arvs,2024 Week 8 transaction,240,Cedric Tillman,WR,0.08270588235293985,1.2123470985464833,1.2344356259720985
ElatedBroncosFan,2025 Week 2 transaction,594,Spencer Shrader,K,1.0632352941176446,0,1.0632352941176446
akondratieff,2025 Week 12 transaction,812,John Metchie III,WR,-4.61813725490196,5.963271626481861,1.0469707902558074
caskinner,2025 Week 10 transaction,772,Jaylin Lane,WR,0,0.7110757919419068,0.6755220023448114
jzeigboi,2024 Week 1 transaction,10,Andrei Iosivas,WR,-0.3775098039215674,1.0735715347584498,0.6423831540989604
obiwanginobiIi,2025 Week 11 transaction,781,Darnell Mooney,WR,-2.4906960784313714,3.2280085718476608,0.575912064823906
ngernenz,2026 Week 3 transaction,1041,New York Giants,DST,0.4416666666666682,0,0.4416666666666682
ngernenz,2025 Week 14 transaction,847,Cam Little,K,0.2852941176470587,0,0.2852941176470587
SFOControl,2024 Week 16 transaction,420,Tyler Bass,K,0.17843137254901986,0,0.17843137254901986
jzeigboi,2024 Week 13 transaction,355,Tennessee Titans,DST,0.015196078431375604,0,0.015196078431375604
obiwanginobiIi,2024 Week 2 transaction,71,Dalvin Cook,RB,0,0,0
TheJandyStock,2024 Week 2 transaction,73,Skylar Thompson,QB,0,0,0
TheJandyStock,2024 Week 2 transaction,74,Josh Reynolds,WR,0,0,0
Gretsch0401,2024 Week 2 transaction,78,Jeff Wilson Jr.,RB,0,0,0
ElatedBroncosFan,2024 Week 3 transaction,107,D'Onta Foreman,RB,0,0,0
TheJandyStock,2024 Week 5 transaction,142,Justin Watson,WR,0,0,0
joeburrowmvp,2024 Week 5 transaction,148,Trey Sermon,RB,0,0,0
caskinner,2024 Week 7 transaction,201,Zamir White,RB,0,0,0
Arvs,2024 Week 7 transaction,215,D'Ernest Johnson,RB,0,0,0
ElatedBroncosFan,2024 Week 8 transaction,225,Dalvin Cook,RB,0,0,0
ngernenz,2024 Week 11 transaction,305,Ray-Ray McCloud,WR,0,0,0
ngernenz,2024 Week 14 transaction,374,Ray-Ray McCloud,WR,0,0,0
Arvs,2024 Week 15 transaction,395,Desmond Ridder,QB,0,0,0
Arvs,2024 Week 15 transaction,397,Tommy DeVito,QB,0,0,0
obiwanginobiIi,2024 Week 15 transaction,401,Taysom Hill,TE,0,0,0
Arvs,2024 Week 16 transaction,405,Marquez Valdes-Scantling,WR,0,0,0
jzeigboi,2024 Week 16 transaction,414,Clyde Edwards-Helaire,RB,0,0,0
joeburrowmvp,2025 Week 1 transaction,459,Taysom Hill,TE,0,0,0
TheJandyStock,2025 Week 1 transaction,492,Adam Thielen,WR,0,0,0
Gretsch0401,2025 Week 1 transaction,561,Michael Gallup,WR,0,0,0
lukestip,2025 Week 2 transaction,588,Hunter Renfrow,WR,0,0,0
SFOControl,2025 Week 2 transaction,599,Tom Brady,QB,0,0,0
Arvs,2025 Week 4 transaction,637,Joey Slye,K,0,0,0
SFOControl,2025 Week 6 transaction,681,Adrian Martinez,QB,0,0,0
SFOControl,2025 Week 7 transaction,703,Kade Warner,WR,0,0,0
SFOControl,2025 Week 7 transaction,708,Marshawn Lynch,RB,0,0,0
SFOControl,2025 Week 15 transaction,865,Philip Rivers,QB,0,0,0
Arvs,2025 Week 15 transaction,870,Philip Rivers,QB,0,0,0
SFOControl,2025 Week 16 transaction,878,Philip Rivers,QB,0,0,0
SFOControl,2026 Week 2 transaction,1015,Philip Rivers,QB,0,0,0
Arvs,2024 Week 9 transaction,250,Rakim Jarrett,WR,-0.01455882352941184,0,-0.01455882352941184
caskinner,2024 Week 14 transaction,381,Jaleel McLaughlin,RB,0,-0.1704106890770305,-0.16189015462317968
akondratieff,2024 Week 14 transaction,367,Sincere McCormick,RB,-0.17843137254901986,0,-0.17843137254901986
SFOControl,2024 Week 9 transaction,265,Darius Slayton,WR,-1.6114901960784325,1.4900277702052676,-0.19596381438342814
caskinner,2026 Week 1 transaction,935,Jacksonville Jaguars,DST,8.141666666666667,-8.845960933129492,-0.261996219806349
Arvs,2024 Week 5 transaction,130,Colby Parkinson,TE,-2.1356960784313728,1.9224042972144133,-0.3094119960776851
ElatedBroncosFan,2024 Week 16 transaction,409,Ben Sinnott,TE,-14.10921568627451,14.5213317570941,-0.31395051703511356
ElatedBroncosFan,2025 Week 6 transaction,684,Matt Gay,K,-0.412745098039216,0,-0.412745098039216
caskinner,2025 Week 3 transaction,611,Dalton Schultz,TE,-11.650833333333333,11.798771606859582,-0.4420003068167233
joeburrowmvp,2025 Week 15 transaction,874,Ryan Flournoy,WR,0,-0.4975144076953075,-0.4726386873105426
joeburrowmvp,2025 Week 10 transaction,761,Matt Prater,K,-0.5004901960784318,0,-0.5004901960784318
ElatedBroncosFan,2024 Week 3 transaction,91,Green Bay Packers,DST,-0.6411764705882295,0,-0.6411764705882295
Gretsch0401,2025 Week 17 transaction,886,Chris Oladokun,QB,-0.7326372549019595,0,-0.7326372549019595
ElatedBroncosFan,2025 Week 8 transaction,712,Bam Knight,RB,10.59663725490196,-12.171835621461135,-0.9666065854861117
ElatedBroncosFan,2026 Week 2 transaction,1027,Tre Tucker,WR,0,-1.1574067049962373,-1.0995363697464278
joeburrowmvp,2025 Week 6 transaction,677,Matt Prater,K,-1.140196078431372,0,-1.140196078431372
ElatedBroncosFan,2025 Week 4 transaction,630,Arizona Cardinals,DST,-1.1602941176470605,0,-1.1602941176470605
obiwanginobiIi,2024 Week 1 transaction,63,Dallas Cowboys,DST,-1.288725490196076,0,-1.288725490196076
lukestip,2025 Week 1 transaction,516,Nick Nash,WR,0,-1.4540334104121866,-1.3813317398915772
ngernenz,2025 Week 4 transaction,634,Wil Lutz,K,-1.4465686274509784,0,-1.4465686274509784
joeburrowmvp,2025 Week 7 transaction,711,Brandon McManus,K,-1.4495098039215693,0,-1.4495098039215693
jzeigboi,2025 Week 1 transaction,430,Calvin Austin III,WR,-1.4630882352941184,-0.07982842533755274,-1.5389252393647936
TheJandyStock,2024 Week 7 transaction,207,Brandon McManus,K,-1.5612745098039218,0,-1.5612745098039218
ngernenz,2025 Week 5 transaction,668,Malik Washington,WR,-12.140656862745097,11.054614874802919,-1.6387727316823248
ngernenz,2026 Week 1 transaction,936,Ryan Flournoy,WR,0,-1.7421169032778767,-1.655011058113983
Arvs,2024 Week 6 transaction,176,Green Bay Packers,DST,26.666960784313734,-29.95144915889451,-1.7869159166360475
akondratieff,2025 Week 2 transaction,604,Tre Tucker,WR,-21.48395098039216,20.711312890029017,-1.8082037348645965
jzeigboi,2024 Week 1 transaction,29,Cincinnati Bengals,DST,-1.834803921568625,0,-1.834803921568625
ElatedBroncosFan,2024 Week 1 transaction,1,Los Angeles Chargers,DST,-1.9514705882352956,0,-1.9514705882352956
akondratieff,2026 Week 1 transaction,896,Kalif Raymond,WR,0,-2.184488181751467,-2.0752637726638934
akondratieff,2025 Week 1 transaction,452,DeMario Douglas,WR,6.927088235294117,-9.533270298360705,-2.1295185481485497
lukestip,2025 Week 5 transaction,665,Marvin Mims Jr.,WR,-12.50863725490196,10.8209435831673,-2.2287408508930238
joeburrowmvp,2025 Week 3 transaction,607,Carolina Panthers,DST,-2.3323529411764703,0,-2.3323529411764703
jzeigboi,2025 Week 5 transaction,646,Hassan Haskins,RB,1.8405980392156858,-4.437735529052312,-2.375250713384011
ElatedBroncosFan,2024 Week 2 transaction,67,Las Vegas Raiders,DST,-2.4205882352941206,0,-2.4205882352941206
obiwanginobiIi,2024 Week 1 transaction,5,Alec Pierce,WR,-3.4798431372548997,1.0589555968647986,-2.4738353202333414
obiwanginobiIi,2024 Week 7 transaction,206,Jerome Ford,RB,-6.057284313725491,3.6762777730252765,-2.564820429351471
ElatedBroncosFan,2025 Week 5 transaction,655,Sean Tucker,RB,-6.066470588235296,3.6264111416013947,-2.6213800037139663
ngernenz,2025 Week 1 transaction,441,Matt Gay,K,-2.7024509803921566,0,-2.7024509803921566
caskinner,2024 Week 10 transaction,275,Marquez Valdes-Scantling,WR,-0.6115686274509802,-2.2681613317880935,-2.766321892649669
TheJandyStock,2024 Week 3 transaction,88,Andy Dalton,QB,-3.160529411764706,0,-3.160529411764706
Arvs,2024 Week 1 transaction,12,Jalen Tolbert,WR,-8.509049019607843,5.513981365474573,-3.270766722407
obiwanginobiIi,2024 Week 11 transaction,313,Jalen Tolbert,WR,-8.509049019607843,5.513981365474573,-3.270766722407
lukestip,2025 Week 5 transaction,656,Jalen Tolbert,WR,-8.509049019607843,5.513981365474573,-3.270766722407
jzeigboi,2025 Week 12 transaction,809,Los Angeles Chargers,DST,-3.30735294117647,0,-3.30735294117647
obiwanginobiIi,2024 Week 1 transaction,37,Luke McCaffrey,WR,-9.702303921568626,6.584363967975543,-3.447158151991861
obiwanginobiIi,2025 Week 5 transaction,653,Luke McCaffrey,WR,-9.702303921568626,6.584363967975543,-3.447158151991861
jzeigboi,2025 Week 7 transaction,701,Luke McCaffrey,WR,-9.702303921568626,6.584363967975543,-3.447158151991861
Arvs,2024 Week 5 transaction,139,Brayden Narveson,K,-3.469117647058823,0,-3.469117647058823
ngernenz,2025 Week 6 transaction,676,Sterling Shepard,WR,12.140656862745097,-16.600759131090935,-3.6300643117912905
obiwanginobiIi,2026 Week 1 transaction,923,Jake Bates,K,-3.75,0,-3.75
Gretsch0401,2024 Week 1 transaction,54,Kansas City Chiefs,DST,-3.811274509803912,0,-3.811274509803912
joeburrowmvp,2025 Week 15 transaction,872,Andy Borregales,K,-3.960784313725487,0,-3.960784313725487
ElatedBroncosFan,2024 Week 5 transaction,128,Houston Texans,DST,-3.999999999999986,0,-3.999999999999986
obiwanginobiIi,2025 Week 3 transaction,609,KaVontae Turpin,WR,-5.495254901960788,1.5680352631715857,-4.005621401947781
Arvs,2024 Week 7 transaction,180,Dorian Thompson-Robinson,QB,0,-4.256346773013392,-4.043529434362722
ElatedBroncosFan,2025 Week 4 transaction,638,Tennessee Titans,DST,-4.074999999999998,0,-4.074999999999998
jzeigboi,2026 Week 1 transaction,916,Keenan Allen,WR,0,-4.316314630780745,-4.100498899241707
ngernenz,2026 Week 2 transaction,1019,Green Bay Packers,DST,-4.249999999999998,0,-4.249999999999998
joeburrowmvp,2024 Week 1 transaction,60,New York Jets,DST,-4.345098039215681,0,-4.345098039215681
jzeigboi,2025 Week 11 transaction,788,Keenan Allen,WR,0,-4.649858172714918,-4.417365264079173
ElatedBroncosFan,2024 Week 11 transaction,308,Jalen McMillan,WR,-3.5742352941176474,-0.962464484700913,-4.488576554583515
jzeigboi,2025 Week 6 transaction,674,Kameron Johnson,WR,0,-4.729684754909459,-4.493200517163985
ElatedBroncosFan,2024 Week 12 transaction,327,Atlanta Falcons,DST,14.399539215686275,-19.913536719971308,-4.518320668286467
caskinner,2024 Week 14 transaction,382,Samaje Perine,RB,-4.877637254901959,0.19926207465309176,-4.6883382839815155
obiwanginobiIi,2025 Week 16 transaction,875,Mack Hollins,WR,0,-4.972893194417036,-4.7242485346961836
caskinner,2025 Week 4 transaction,628,Zavier Scott,RB,0,-5.013285188110601,-4.7626209287050685
ElatedBroncosFan,2024 Week 11 transaction,301,Jason Myers,K,-4.829411764705885,0,-4.829411764705885
joeburrowmvp,2024 Week 16 transaction,417,Raheem Mostert,RB,-4.847990196078429,0,-4.847990196078429
lukestip,2025 Week 9 transaction,753,Chad Ryland,K,-4.9985294117647054,0,-4.9985294117647054
lukestip,2024 Week 10 transaction,280,Nick Westbrook-Ikhine,WR,-6.552450980392157,1.4540334104121866,-5.17111924050058
jzeigboi,2026 Week 1 transaction,994,Kenny McIntosh,RB,0,-5.513981365474573,-5.238282297200843
caskinner,2026 Week 1 transaction,912,Braelon Allen,RB,0,-5.549045196511585,-5.271592936686005
jzeigboi,2024 Week 5 transaction,143,Washington Commanders,DST,-5.299999999999999,0,-5.299999999999999
obiwanginobiIi,2024 Week 8 transaction,231,Christian Kirk,WR,-10.369598039215685,5.1502470788221135,-5.476863314334677
obiwanginobiIi,2025 Week 1 transaction,483,Christian Kirk,WR,-10.369598039215685,5.1502470788221135,-5.476863314334677
akondratieff,2025 Week 1 transaction,451,Chigoziem Okonkwo,TE,-4.729607843137254,-0.8938519638682791,-5.578767208812117
akondratieff,2025 Week 14 transaction,854,Evan Engram,TE,-4.920196078431373,-0.8079667824987666,-5.6877645218051995
obiwanginobiIi,2025 Week 9 transaction,741,Olamide Zaccheaus,WR,-5.3220882352941175,-0.41125592831543667,-5.712781367193783
Arvs,2024 Week 11 transaction,326,Gus Edwards,RB,-5.840813725490197,0,-5.840813725490197
ElatedBroncosFan,2026 Week 1 transaction,933,Los Angeles Chargers,DST,-5.8583333333333325,0,-5.8583333333333325
joeburrowmvp,2026 Week 3 transaction,1039,Jameis Winston,QB,-6.099333333333333,0.23434740362436912,-5.876703299890181
obiwanginobiIi,2024 Week 4 transaction,117,Alexander Mattison,RB,13.715558823529413,-20.711312890029017,-5.960188421998149
jzeigboi,2025 Week 9 transaction,740,Chase McLaughlin,K,-6.041666666666668,0,-6.041666666666668
akondratieff,2025 Week 12 transaction,813,Greg Dortch,WR,0,-6.6313432618251955,-6.299776098733936
ElatedBroncosFan,2025 Week 6 transaction,671,Carolina Panthers,DST,-6.309313725490196,0,-6.309313725490196
obiwanginobiIi,2024 Week 10 transaction,293,Chad Ryland,K,-6.642647058823529,0,-6.642647058823529
Arvs,2024 Week 17 transaction,426,Raheem Blackshear,RB,-6.74799019607843,0,-6.74799019607843
ElatedBroncosFan,2026 Week 2 transaction,1029,San Francisco 49ers,DST,-6.80833333333333,0,-6.80833333333333
SFOControl,2024 Week 8 transaction,232,Green Bay Packers,DST,-6.860294117647057,0,-6.860294117647057
joeburrowmvp,2026 Week 1 transaction,913,Kaleb Johnson,RB,0,-7.333864243829311,-6.967171031637847
SFOControl,2024 Week 14 transaction,376,Detroit Lions,DST,-7.105392156862737,0,-7.105392156862737
Arvs,2024 Week 9 transaction,247,Nick Westbrook-Ikhine,WR,-4.711852941176471,-2.9837021186401254,-7.546369953884591
joeburrowmvp,2026 Week 1 transaction,930,Jordan James,RB,0,-8.162898120464092,-7.754753214440882
TheJandyStock,2025 Week 1 transaction,490,Amari Cooper,WR,2.8556372549019606,-11.201350894272425,-7.785646094656842
ngernenz,2025 Week 7 transaction,694,Tampa Bay Buccaneers,DST,-7.872058823529407,0,-7.872058823529407
SFOControl,2024 Week 6 transaction,168,Ezekiel Elliott,RB,-7.899656862745098,0,-7.899656862745098
lukestip,2025 Week 14 transaction,850,Wil Lutz,K,-7.925490196078428,0,-7.925490196078428
Arvs,2025 Week 11 transaction,780,Ka'imi Fairbairn,K,-8,0,-8
ngernenz,2026 Week 1 transaction,937,Cam Little,K,-8,0,-8
jzeigboi,2026 Week 1 transaction,995,Jalen Tolbert,WR,0,-8.453227387124999,-8.030566017768749
joeburrowmvp,2026 Week 2 transaction,1016,Kansas City Chiefs,DST,-6.80833333333333,-1.3268940737601576,-8.06888270340548
SFOControl,2024 Week 12 transaction,341,New York Giants,DST,-8.09705882352941,0,-8.09705882352941
jzeigboi,2026 Week 2 transaction,1014,Trey Smack,K,-8.475,0,-8.475
ElatedBroncosFan,2025 Week 10 transaction,774,Baltimore Ravens,DST,-8.566176470588232,0,-8.566176470588232
ElatedBroncosFan,2025 Week 10 transaction,766,Cade Otton,TE,-5.417833333333334,-3.675468509298554,-8.90952841716696
caskinner,2024 Week 7 transaction,182,Khalil Shakir,WR,-4.582950980392141,-4.701592950962603,-9.049464283806614
obiwanginobiIi,2025 Week 15 transaction,867,Brady Cook,QB,-3.522441176470588,-6.362594177368597,-9.566905644970754
caskinner,2026 Week 1 transaction,893,Tampa Bay Buccaneers,DST,-9.80833333333333,0,-9.80833333333333
SFOControl,2024 Week 12 transaction,345,Spencer Shrader,K,-9.840686274509814,0,-9.840686274509814
Arvs,2025 Week 15 transaction,869,Kenny Pickett,QB,-9.909803921568628,0,-9.909803921568628
ngernenz,2025 Week 1 transaction,447,New England Patriots,DST,-10.072058823529414,0,-10.072058823529414
jzeigboi,2025 Week 10 transaction,768,Tampa Bay Buccaneers,DST,-10.088725490196072,0,-10.088725490196072
joeburrowmvp,2024 Week 14 transaction,380,Nick Folk,K,-10.447549019607845,0,-10.447549019607845
caskinner,2024 Week 7 transaction,202,Jordan Travis,QB,2.7635686274509803,-14.037889210246169,-10.57242612228288
obiwanginobiIi,2025 Week 1 transaction,474,Dont'e Thornton,WR,-17.4283431372549,6.5261746799181015,-11.228477191332702
obiwanginobiIi,2024 Week 6 transaction,159,Brayden Narveson,K,-11.231862745098045,0,-11.231862745098045
joeburrowmvp,2025 Week 15 transaction,873,San Francisco 49ers,DST,-11.274019607843133,0,-11.274019607843133
jzeigboi,2024 Week 11 transaction,300,Washington Commanders,DST,-11.409803921568628,0,-11.409803921568628
caskinner,2025 Week 3 transaction,612,Cameron Dicker,K,-11.660784313725486,0,-11.660784313725486
Gretsch0401,2025 Week 17 transaction,884,Daniel Bellinger,TE,-4.1360294117647065,-8.233912968946424,-11.95824673226381
akondratieff,2026 Week 1 transaction,897,Kendrick Bourne,WR,0,-12.622133786486623,-11.991027097162291
obiwanginobiIi,2024 Week 16 transaction,422,Malik Washington,WR,-20.393519607843135,8.511580027548542,-12.30751858167202
obiwanginobiIi,2025 Week 1 transaction,461,Cedric Tillman,WR,-12.256205882352942,-0.32961362301731256,-12.56933882421939
ElatedBroncosFan,2024 Week 7 transaction,181,Detroit Lions,DST,-12.659803921568628,0,-12.659803921568628
ElatedBroncosFan,2025 Week 6 transaction,679,Gunnar Helm,TE,-5.178803921568626,-7.984395599061628,-12.763979740677172
Arvs,2025 Week 1 transaction,563,Washington Commanders,DST,-13.057352941176472,0,-13.057352941176472
Arvs,2024 Week 16 transaction,407,AJ Barner,TE,-17.473627450980395,4.550195518144065,-13.150941708743545
obiwanginobiIi,2025 Week 1 transaction,573,Marvin Mims Jr.,WR,-23.529892156862743,10.8209435831673,-13.249995752853808
TheJandyStock,2024 Week 11 transaction,320,Los Angeles Rams,DST,-13.95980392156862,0,-13.95980392156862
ElatedBroncosFan,2025 Week 10 transaction,775,Will Reichard,K,-14.650980392156871,0,-14.650980392156871
ngernenz,2025 Week 14 transaction,856,Washington Commanders,DST,-14.65294117647059,0,-14.65294117647059
ElatedBroncosFan,2025 Week 3 transaction,618,Jeremy McNichols,RB,-15.298068627450979,0,-15.298068627450979
SFOControl,2025 Week 11 transaction,801,Jeremy McNichols,RB,-15.298068627450979,0,-15.298068627450979
Arvs,2025 Week 5 transaction,651,Theo Johnson,TE,5.973039215686272,-22.414388325398498,-15.320629693442307
ngernenz,2025 Week 2 transaction,593,Parker Romo,K,-15.353921568627449,0,-15.353921568627449
caskinner,2025 Week 13 transaction,835,Tampa Bay Buccaneers,DST,-15.471078431372545,0,-15.471078431372545
jzeigboi,2026 Week 1 transaction,964,Baltimore Ravens,DST,-15.80833333333333,0,-15.80833333333333
joeburrowmvp,2024 Week 9 transaction,242,New York Giants,DST,-16.184313725490195,0,-16.184313725490195
caskinner,2025 Week 1 transaction,433,Jake Tonges,TE,-0.912303921568625,-16.24442498112859,-16.344507653640783
joeburrowmvp,2024 Week 6 transaction,174,Romeo Doubs,WR,19.276558823529413,-37.510853932521826,-16.358752412366314
ngernenz,2025 Week 9 transaction,739,Carolina Panthers,DST,-16.600980392156863,0,-16.600980392156863
ElatedBroncosFan,2025 Week 2 transaction,591,Carson Wentz,QB,-48.01513725490196,32.836331583756376,-16.8206222503334
joeburrowmvp,2026 Week 1 transaction,894,Mike Gesicki,TE,0,-18.23151407499976,-17.319938371249773
SFOControl,2025 Week 2 transaction,596,Daniel Carlson,K,-17.352941176470587,0,-17.352941176470587
caskinner,2024 Week 14 transaction,366,Justin Tucker,K,-17.470588235294116,0,-17.470588235294116
ElatedBroncosFan,2024 Week 12 transaction,334,Baltimore Ravens,DST,-17.76127450980392,0,-17.76127450980392
caskinner,2025 Week 13 transaction,836,Dallas Goedert,TE,0,-18.757406821226,-17.819536480164707
joeburrowmvp,2025 Week 2 transaction,586,Jake Browning,QB,0,-18.76093724479209,-17.822890382552483
joeburrowmvp,2025 Week 1 transaction,429,Jerome Ford,RB,0,-18.857964638816533,-17.915066406875695
Arvs,2025 Week 8 transaction,726,Chimere Dike,WR,2.164558823529412,-21.300893308585373,-18.071289819626692
ElatedBroncosFan,2025 Week 5 transaction,642,Kimani Vidal,RB,-2.1450392156862703,-16.964766974284757,-18.261567841256777
joeburrowmvp,2024 Week 14 transaction,379,Tyler Conklin,TE,-18.487892156862745,0,-18.487892156862745
obiwanginobiIi,2024 Week 2 transaction,69,Jalen Nailor,WR,-14.10921568627451,-4.754308110875854,-18.62580839160657
joeburrowmvp,2024 Week 4 transaction,116,Tyler Conklin,TE,-1.34049019607843,-18.61706692531449,-19.026703775127196
lukestip,2025 Week 8 transaction,722,Noah Fant,TE,-0.6318627450980401,-19.3777928132452,-19.04076591768098
jzeigboi,2024 Week 2 transaction,65,Cleveland Browns,DST,-19.129901960784313,0,-19.129901960784313
jzeigboi,2025 Week 10 transaction,767,Adonai Mitchell,WR,0.18273529411764677,-20.508743680797398,-19.30057120263988
Arvs,2025 Week 1 transaction,500,Daniel Carlson,K,-19.317156862745097,0,-19.317156862745097
obiwanginobiIi,2024 Week 6 transaction,167,JuJu Smith-Schuster,WR,-19.875,0,-19.875
Arvs,2024 Week 13 transaction,361,Gus Edwards,RB,17.58158823529412,-40.30144201170284,-20.704781675823575
caskinner,2025 Week 10 transaction,760,Atlanta Falcons,DST,-21.060294117647057,0,-21.060294117647057
akondratieff,2025 Week 7 transaction,696,Jake Moody,K,-21.08529411764706,0,-21.08529411764706
Arvs,2024 Week 4 transaction,123,Brayden Narveson,K,-23.294117647058826,0,-23.294117647058826
jzeigboi,2025 Week 1 transaction,525,Isaac TeSlaa,WR,-39.03284313725491,16.279297783984568,-23.567510242469567
ElatedBroncosFan,2024 Week 6 transaction,153,Cincinnati Bengals,DST,-23.687745098039215,0,-23.687745098039215
jzeigboi,2025 Week 15 transaction,863,Mike Gesicki,TE,-5.620196078431373,-19.12536603886804,-23.78929381535601
caskinner,2024 Week 17 transaction,425,Alec Pierce,WR,-9.687990196078431,-15.003500943305866,-23.941316092219004
joeburrowmvp,2024 Week 11 transaction,299,Arizona Cardinals,DST,-24.031862745098042,0,-24.031862745098042
joeburrowmvp,2025 Week 10 transaction,770,Phil Mafah,RB,0,-25.6036253001095,-24.323444035104018
ngernenz,2025 Week 7 transaction,706,Zach Ertz,TE,13.457715686274508,-39.82790579445179,-24.37879481845468
Arvs,2024 Week 3 transaction,105,Jauan Jennings,WR,53.09146078431373,-81.67633213618683,-24.501054745063755
SFOControl,2024 Week 11 transaction,302,Will Dissly,TE,-24.581715686274503,0,-24.581715686274503
Arvs,2024 Week 11 transaction,316,Will Dissly,TE,-24.581715686274503,0,-24.581715686274503
Arvs,2024 Week 10 transaction,295,Audric Estime,RB,-44.69711764705882,21.110367753572923,-24.642268281164547
jzeigboi,2026 Week 2 transaction,1018,Keon Coleman,WR,0,-26.314243638869016,-24.998531456925562
obiwanginobiIi,2024 Week 4 transaction,111,Mason Rudolph,QB,11.201343137254902,-40.30144201170284,-27.085026773862793
caskinner,2025 Week 1 transaction,470,Arizona Cardinals,DST,-27.141176470588235,0,-27.141176470588235
Arvs,2024 Week 3 transaction,102,Blake Grupe,K,-27.27941176470588,0,-27.27941176470588
akondratieff,2024 Week 1 transaction,18,Tampa Bay Buccaneers,DST,25.505392156862754,-55.90294449241846,-27.602405110934782
akondratieff,2025 Week 1 transaction,432,Brandon McManus,K,-27.86372549019608,0,-27.86372549019608
Arvs,2024 Week 9 transaction,243,Detroit Lions,DST,-27.86617647058823,0,-27.86617647058823
jzeigboi,2024 Week 11 transaction,298,Tommy DeVito,QB,1.0521078431372557,-30.486992714412835,-27.910535235554935
Gretsch0401,2024 Week 9 transaction,252,Julius Chestnut,RB,-4.494656862745097,-24.979822685695723,-28.225488414156025
Arvs,2025 Week 2 transaction,597,Michael Mayer,TE,-2.0300000000000002,-27.926957220581585,-28.560609359552508
obiwanginobiIi,2024 Week 8 transaction,238,Cedric Tillman,WR,-34.91924509803922,6.362594177368597,-28.874780629539053
ElatedBroncosFan,2024 Week 12 transaction,328,New Orleans Saints,DST,-28.98137254901961,0,-28.98137254901961
jzeigboi,2025 Week 2 transaction,585,Matt Prater,K,-29.06617647058824,0,-29.06617647058824
joeburrowmvp,2025 Week 6 transaction,687,Emari Demercado,RB,-5.37993137254902,-25.29602617314881,-29.411156237040387
ElatedBroncosFan,2025 Week 2 transaction,592,Atlanta Falcons,DST,-30.843627450980396,0,-30.843627450980396
ngernenz,2024 Week 9 transaction,244,Mike Gesicki,TE,-59.54343137254902,29.95144915889451,-31.08955467159924
ngernenz,2024 Week 9 transaction,257,Wil Lutz,K,17.523529411764713,-51.869444706187835,-31.75244305911373
Arvs,2024 Week 12 transaction,336,Marquez Valdes-Scantling,WR,-0.6115686274509802,-32.804855140474416,-31.776181010901674
obiwanginobiIi,2024 Week 4 transaction,109,Harrison Butker,K,7.275637254901962,-41.19912043686185,-31.86352716011679
caskinner,2024 Week 17 transaction,427,Miami Dolphins,DST,-32.03970588235295,0,-32.03970588235295
ngernenz,2025 Week 3 transaction,610,Los Angeles Chargers,DST,-32.225,0,-32.225
obiwanginobiIi,2025 Week 1 transaction,501,Woody Marks,RB,-3.0997647058823494,-30.7426582252766,-32.305290019895125
caskinner,2024 Week 2 transaction,77,Baltimore Ravens,DST,-32.70294117647058,0,-32.70294117647058
Arvs,2024 Week 7 transaction,188,Chicago Bears,DST,16.11813725490196,-51.51052452744473,-32.81686104617053
ElatedBroncosFan,2025 Week 1 transaction,437,Kayshon Boutte,WR,3.2833039215686277,-38.312326120184935,-33.113405892607055
obiwanginobiIi,2024 Week 5 transaction,126,Alec Pierce,WR,-71.51467647058826,40.30144201170284,-33.22830655947057
ngernenz,2026 Week 1 transaction,963,Treylon Burks,WR,0,-35.110048625302426,-33.354546194037304
joeburrowmvp,2025 Week 1 transaction,467,Houston Texans,DST,35.95245098039216,-73.09020610768356,-33.48324482190722
Arvs,2024 Week 7 transaction,185,Wil Lutz,K,-33.54607843137255,0,-33.54607843137255
ngernenz,2025 Week 1 transaction,438,Dallas Cowboys,DST,-33.800490196078435,0,-33.800490196078435
caskinner,2024 Week 9 transaction,253,Jaleel McLaughlin,RB,-4.59049019607843,-30.856053498377975,-33.903741019537506
obiwanginobiIi,2024 Week 15 transaction,403,Noah Brown,WR,-34.2107843137255,0,-34.2107843137255
caskinner,2024 Week 13 transaction,351,Jason Myers,K,-35.19166666666666,0,-35.19166666666666
ElatedBroncosFan,2024 Week 10 transaction,292,New York Jets,DST,-35.399509803921575,0,-35.399509803921575
obiwanginobiIi,2024 Week 10 transaction,288,Sterling Shepard,WR,2.8867352941176474,-40.30144201170284,-35.399634617000046
joeburrowmvp,2024 Week 2 transaction,84,Alexander Mattison,RB,-28.14866666666667,-7.665744100899973,-35.43112356252165
Arvs,2024 Week 1 transaction,13,Samaje Perine,RB,-7.591382352941174,-30.685642809300944,-36.74274302177707
jzeigboi,2025 Week 2 transaction,584,Tampa Bay Buccaneers,DST,-36.825,0,-36.825
ngernenz,2025 Week 14 transaction,855,Miami Dolphins,DST,15.570029411764708,-55.304942955008705,-36.96966639549356
Arvs,2024 Week 1 transaction,14,Jordan Whittington,WR,4.606607843137256,-43.80480375066872,-37.00795571999802
Gretsch0401,2025 Week 1 transaction,518,Mike Gesicki,TE,-30.132647058823533,-7.519918455939187,-37.27656959196576
joeburrowmvp,2025 Week 11 transaction,784,Tyrod Taylor,QB,5.495254901960788,-47.30488962747437,-39.44439024413985
Arvs,2025 Week 1 transaction,560,Mike Gesicki,TE,-30.725754901960784,-9.291037255943532,-39.55224029510714
lukestip,2026 Week 1 transaction,944,Jalen Tolbert,WR,0,-42.03263065260103,-39.93099911997098
jzeigboi,2025 Week 1 transaction,486,Brenton Strange,TE,3.510568627450983,-46.01473610463586,-40.20343067195307
ElatedBroncosFan,2025 Week 1 transaction,515,Dallas Cowboys,DST,-40.781862745098046,0,-40.781862745098046
ngernenz,2024 Week 3 transaction,98,Cincinnati Bengals,DST,-41.030392156862746,0,-41.030392156862746
lukestip,2026 Week 3 transaction,1032,Jaylin Noel,WR,0,-43.87973027366293,-41.68574375997978
obiwanginobiIi,2024 Week 5 transaction,144,Antonio Gibson,RB,9.67583333333333,-55.283704336398,-42.84368578624477
obiwanginobiIi,2025 Week 10 transaction,769,Luke Musgrave,TE,-6.066470588235296,-40.063095220090844,-44.12641104732158
ElatedBroncosFan,2024 Week 6 transaction,155,Bub Means,WR,4.306107843137255,-51.505660687040745,-44.62426980955146
jzeigboi,2026 Week 2 transaction,1013,Tyquan Thornton,WR,0,-47.783660218010255,-45.394477207109745
caskinner,2025 Week 6 transaction,673,Tez Johnson,WR,-7.18321568627451,-40.34010921978917,-45.506319445074226
Arvs,2024 Week 8 transaction,228,Quentin Johnston,WR,-30.875411764705884,-15.456188827033913,-45.5587911503881
jzeigboi,2025 Week 17 transaction,882,Jahdae Walker,WR,0,-47.97387561426777,-45.57518183355438
joeburrowmvp,2025 Week 6 transaction,686,Joshua Palmer,WR,0,-48.50440603247932,-46.07918573085535
Arvs,2025 Week 13 transaction,838,Max Brosmer,QB,0,-48.80690643768706,-46.3665611158027
jzeigboi,2026 Week 1 transaction,904,Devaughn Vele,WR,1.8258333333333336,-50.9063486457913,-46.535197880168404
Gretsch0401,2024 Week 8 transaction,237,Mason Rudolph,QB,-46.90745098039216,0,-46.90745098039216
joeburrowmvp,2025 Week 6 transaction,688,Brandon McManus,K,-47.36568627450981,0,-47.36568627450981
joeburrowmvp,2025 Week 12 transaction,829,Mack Hollins,WR,0,-50.02900880356264,-47.52755836338451
ElatedBroncosFan,2024 Week 12 transaction,338,Wil Lutz,K,-48.08235294117647,0,-48.08235294117647
joeburrowmvp,2024 Week 1 transaction,36,Isaac Guerendo,RB,-27.372598039215696,-22.425339700897908,-48.67667075506871
jzeigboi,2025 Week 1 transaction,530,Dillon Gabriel,QB,-44.61104901960785,-5.565703030870651,-49.89846689893497
TheJandyStock,2026 Week 1 transaction,986,Tre Harris,WR,0,-53.483976171370685,-50.80977736280215
jzeigboi,2026 Week 1 transaction,922,Malik Benson,WR,0,-53.56945176286284,-50.890979174719696
Arvs,2026 Week 3 transaction,1036,Darren Waller,TE,0,-53.63751363191818,-50.95563795032227
Arvs,2025 Week 4 transaction,639,Jameis Winston,QB,-22.89641176470588,-29.82589565053493,-51.231012632714084
TheJandyStock,2024 Week 16 transaction,412,Tim Patrick,WR,-51.565,0,-51.565
caskinner,2024 Week 16 transaction,415,Patrick Taylor,RB,0,-55.283704336398,-52.5195191195781
Arvs,2024 Week 8 transaction,230,Tyler Conklin,TE,0.01455882352941184,-55.90294449241846,-53.093238444268124
obiwanginobiIi,2025 Week 1 transaction,487,Darren Waller,TE,-23.010147058823534,-32.22966406498061,-53.628327920555115
Arvs,2024 Week 8 transaction,222,Washington Commanders,DST,-54.59411764705882,0,-54.59411764705882
ElatedBroncosFan,2024 Week 11 transaction,317,Kayshon Boutte,WR,-41.413813725490186,-14.879040018874232,-55.548901743420714
ngernenz,2026 Week 1 transaction,901,Demond Claiborne,RB,0,-59.485949070626845,-56.51165161709551
joeburrowmvp,2024 Week 9 transaction,254,Dalvin Cook,RB,-4.877637254901959,-55.25485295082194,-57.369747558182794
jzeigboi,2024 Week 1 transaction,30,Carson Steele,RB,2.0300000000000002,-63.489582492015714,-58.285103367414926
jzeigboi,2025 Week 5 transaction,640,Los Angeles Chargers,DST,-58.52401960784315,0,-58.52401960784315
Gretsch0401,2024 Week 11 transaction,306,Lucas Krull,TE,-6.915441176470587,-55.283704336398,-59.434960296048686
lukestip,2024 Week 1 transaction,31,Justice Hill,RB,-12.858235294117645,-49.28062879294424,-59.674832647414675
Arvs,2024 Week 5 transaction,138,Dare Ogunbowale,RB,-7.407784313725489,-55.25485295082194,-59.899894617006325
obiwanginobiIi,2024 Week 6 transaction,164,Xavier Hutchinson,WR,-4.6252941176470586,-59.10535188303669,-60.77537840653191
ngernenz,2025 Week 12 transaction,827,Noah Fant,TE,0,-66.11808469760163,-62.81218046272156
TheJandyStock,2025 Week 1 transaction,488,Chris Boswell,K,-63.271568627450975,0,-63.271568627450975
joeburrowmvp,2024 Week 15 transaction,404,Nick Chubb,RB,-10.447019607843137,-55.90294449241846,-63.554816875640675
caskinner,2025 Week 8 transaction,734,Cincinnati Bengals,DST,-63.99950980392158,0,-63.99950980392158
caskinner,2024 Week 12 transaction,330,Jeremy McNichols,RB,-15.298068627450979,-51.869444706187835,-64.57404109832942
Arvs,2024 Week 3 transaction,100,Detroit Lions,DST,-65.18382352941177,0,-65.18382352941177
ElatedBroncosFan,2024 Week 12 transaction,329,Dallas Cowboys,DST,0.2193137254901929,-69.28210378598247,-65.59868487119314
jzeigboi,2024 Week 2 transaction,68,Quentin Johnston,WR,-13.045166666666667,-55.510172618319714,-65.7798306540704
Arvs,2024 Week 16 transaction,419,Indianapolis Colts,DST,-67.36323529411764,0,-67.36323529411764
caskinner,2024 Week 3 transaction,87,Tennessee Titans,DST,-67.55980392156863,0,-67.55980392156863
ElatedBroncosFan,2024 Week 16 transaction,423,Jordan Whittington,WR,-6.066470588235296,-65.02575701296908,-67.8409397505559
Arvs,2024 Week 16 transaction,411,Craig Reynolds,RB,-5.226323529411764,-67.56431325891306,-69.41242112537917
TheJandyStock,2024 Week 8 transaction,220,Cincinnati Bengals,DST,28.773205882352947,-103.61286514138511,-69.65901600196291
joeburrowmvp,2024 Week 13 transaction,359,Gus Edwards,RB,11.880196078431375,-86.95290091338535,-70.7250597892847
caskinner,2024 Week 11 transaction,325,John Metchie III,WR,-4.61813725490196,-70.67789036678657,-71.76213310334919
Arvs,2024 Week 14 transaction,371,Matthew Wright,K,-6.066470588235296,-69.28210378598247,-71.88446918491863
Arvs,2025 Week 1 transaction,482,Jerome Ford,RB,-12.247382352941177,-63.1974840982649,-72.28499224629282
Arvs,2025 Week 7 transaction,698,Jonnu Smith,TE,0,-76.85211420821693,-73.00950849780608
obiwanginobiIi,2024 Week 6 transaction,160,Ray-Ray McCloud,WR,-73.33617647058824,0,-73.33617647058824
Arvs,2024 Week 10 transaction,297,Jake Moody,K,-74.15147058823531,0,-74.15147058823531
lukestip,2025 Week 3 transaction,615,Dyami Brown,WR,-7.127382352941177,-72.11552633027694,-75.63713236670426
Arvs,2024 Week 6 transaction,175,Darius Slayton,WR,-77.17990196078432,1.4900277702052676,-75.76437557908932
obiwanginobiIi,2024 Week 7 transaction,194,Clyde Edwards-Helaire,RB,-44.69711764705882,-34.79257673884554,-77.75006554896208
ngernenz,2025 Week 7 transaction,695,Andy Dalton,QB,-12.128774509803923,-69.28210378598247,-77.94677310648726
SFOControl,2025 Week 12 transaction,831,Bam Knight,RB,5.417833333333334,-87.82025631594809,-78.01141016681737
jzeigboi,2024 Week 7 transaction,187,Noah Gray,TE,-12.479656862745099,-70.848312132355,-79.78555338848236
ElatedBroncosFan,2025 Week 7 transaction,710,New Orleans Saints,DST,21.34457843137255,-110.5122969688499,-83.64210368903485
TheJandyStock,2025 Week 8 transaction,718,Pat Freiermuth,TE,-53.77959803921569,-33.405125775001245,-85.51446752546687
jzeigboi,2024 Week 15 transaction,392,Rashid Shaheed,WR,-2.15800980392157,-89.57497593113895,-87.25423693850357
Arvs,2024 Week 5 transaction,137,Tyler Huntley,QB,1.7974411764705884,-94.23402754410701,-87.72488499043106
caskinner,2024 Week 14 transaction,363,Patrick Taylor,RB,-8.52988235294118,-84.52405683601005,-88.82773634715073
Gretsch0401,2024 Week 1 transaction,57,Cleveland Browns,DST,-30.817215686274498,-61.18758601296807,-88.94542239859416
Arvs,2025 Week 10 transaction,764,Brandon McManus,K,-4.7063725490196084,-90.86298189659492,-91.02620535078478
Arvs,2025 Week 6 transaction,675,Kayshon Boutte,WR,3.2833039215686277,-100.60925082447642,-92.29548436168396
jzeigboi,2025 Week 12 transaction,823,Cameron Dicker,K,-12.158823529411762,-86.95290091338535,-94.76407939712784
jzeigboi,2025 Week 4 transaction,629,Cooper Rush,QB,-9.786637254901962,-91.49827808775888,-96.7100014382729
SFOControl,2024 Week 12 transaction,335,Brandon Allen,QB,-25.867431372549014,-77.10620552437422,-99.11832662070452
joeburrowmvp,2026 Week 1 transaction,920,Chase McLaughlin,K,14.25,-121.43282475360188,-101.11118351592178
ElatedBroncosFan,2024 Week 5 transaction,146,Clyde Edwards-Helaire,RB,-1.7974411764705884,-108.30886096030396,-104.69085908875934
obiwanginobiIi,2026 Week 1 transaction,914,Xavier Hutchinson,WR,0,-110.67676383441488,-105.14292564269414
jzeigboi,2025 Week 9 transaction,748,Devin Singletary,RB,-45.60960784313726,-62.83483327419879,-105.3026994536261
akondratieff,2025 Week 11 transaction,807,Tyler Lockett,WR,0,-113.19389372897275,-107.53419904252411
Arvs,2024 Week 6 transaction,150,Dameon Pierce,RB,-37.82008823529412,-79.46434642062117,-113.31121733488425
ngernenz,2025 Week 1 transaction,443,Tyquan Thornton,WR,-49.99150980392157,-67.77745769639695,-114.38009461549868
ElatedBroncosFan,2025 Week 17 transaction,888,Taysom Hill,TE,-25.366666666666667,-98.57890176961068,-119.01662334779681
Gretsch0401,2025 Week 14 transaction,853,Darren Waller,TE,-35.668784313725496,-89.1791572102547,-120.38898366346746
akondratieff,2024 Week 11 transaction,324,Green Bay Packers,DST,-6.860294117647057,-121.43282475360188,-122.22147763356884
Arvs,2025 Week 5 transaction,664,Emari Demercado,RB,-48.30587254901961,-78.91566528277266,-123.27575456765364
Arvs,2025 Week 4 transaction,627,Darren Waller,TE,-41.973960784313725,-89.1791572102547,-126.69416013405569
ngernenz,2024 Week 12 transaction,331,Noah Gray,TE,-45.27980392156863,-110.08554730859636,-149.86107386473518
ElatedBroncosFan,2025 Week 7 transaction,692,Tyrod Taylor,QB,-14.864235294117641,-142.17721961257942,-149.9325939260681
ElatedBroncosFan,2024 Week 15 transaction,399,Kendre Miller,RB,-10.585833333333337,-183.6513990315832,-185.05466241333733
ElatedBroncosFan,2024 Week 3 transaction,106,Ray-Ray McCloud,WR,7.292441176470587,-202.54288850441097,-185.12330290271981
Arvs,2024 Week 9 transaction,267,Calvin Austin III,WR,-1.8405980392156858,-198.10515297535866,-190.04049336580638
ngernenz,2026 Week 1 transaction,938,Chicago Bears,DST,-2.2825000000000006,-207.2077798583156,-199.1298908653998
Arvs,2024 Week 3 transaction,103,Mike Gesicki,TE,-50.07922549019608,-170.48446588852877,-212.03946808429845
Arvs,2024 Week 9 transaction,249,Theo Johnson,TE,-9.992725490196085,-230.54867045152116,-229.01396241914114
jzeigboi,2024 Week 3 transaction,96,Cooper Kupp,WR,-118.95004901960785,-183.44742747706752,-293.225105122822
