team,composite_rating,peak,low
caskinner,169.92,1914.1 in 2025 week 17,1465.91 in 2024 week 1
ElatedBroncosFan,156.43,1967.68 in 2025 week 17,1455.33 in 2024 week 12
TheJandyStock,151.3,1710.99 in 2024 week 13,1500 in 2024 week 0
Gretsch0401,8.86,1554.17 in 2025 week 2,1437 in 2025 week 9
jzeigboi,3.39,1534.71 in 2026 week 1,1458.64 in 2025 week 7
lukestip,-19.62,1562.01 in 2024 week 14,1391.08 in 2025 week 17
SFOControl,-25.12,1529.31 in 2025 week 11,1410.74 in 2024 week 16
ngernenz,-38.02,1529.02 in 2024 week 5,1390.35 in 2025 week 13
joeburrowmvp,-45.32,1514.54 in 2024 week 2,1415.73 in 2024 week 17
obiwanginobiIi,-89.2,1500 in 2024 week 0,1287.52 in 2025 week 16
Arvs,-90.07,1500 in 2024 week 0,1271.91 in 2025 week 16
akondratieff,-182.55,1504.21 in 2024 week 1,1154.69 in 2025 week 17
