transaction_id,team_name,total_transaction_value,total_future_value,total_realized_value
1,ElatedBroncosFan,-1.9514705882352956,0,-1.9514705882352956
2,akondratieff,20.50692711719409,-2.4337093296821806,22.81895098039216
3,ElatedBroncosFan,29.042298817439548,15.900665421866186,13.936666666666671
4,ElatedBroncosFan,17.56936011620477,-6.274244253324184,23.529892156862743
5,obiwanginobiIi,-2.4738353202333414,1.0589555968647986,-3.4798431372548997
6,ngernenz,0,0,0
7,joeburrowmvp,28.007803239614347,43.1094420066116,-12.946166666666668
8,obiwanginobiIi,56.64403748238168,47.26160808258959,11.74550980392157
9,TheJandyStock,49.88088235294117,0,49.88088235294117
10,jzeigboi,0.6423831540989604,1.0735715347584498,-0.3775098039215674
11,ngernenz,0,0,0
12,Arvs,-3.270766722407,5.513981365474573,-8.509049019607843
13,Arvs,-36.74274302177707,-30.685642809300944,-7.591382352941174
14,Arvs,-37.00795571999802,-43.80480375066872,4.606607843137256
15,Arvs,-10.57242612228288,-14.037889210246169,2.7635686274509803
16,Arvs,-69.44192541826658,-49.07681519776255,-22.81895098039216
17,akondratieff,6.2065365344600805,6.533196352063243,0
18,akondratieff,-27.602405110934782,-55.90294449241846,25.505392156862754
19,akondratieff,-6.788470588235297,0,-6.788470588235297
20,akondratieff,-31.164612383450695,-32.804855140474416,0
21,akondratieff,-97.82666306078644,-103.61286514138511,0.6055588235294103
22,caskinner,88.35882352941177,0,88.35882352941177
23,jzeigboi,10.139341410109028,12.140400658731899,-1.3940392156862753
24,caskinner,36.78774509803922,0,36.78774509803922
25,caskinner,97.46398144518994,84.52405683601005,17.166127450980404
26,obiwanginobiIi,37.87346993723339,39.24248641483804,0.5931078431372523
27,obiwanginobiIi,-100.59738710300105,-105.89198642421164,0
28,ElatedBroncosFan,3.2382352941176435,0,3.2382352941176435
29,jzeigboi,-1.834803921568625,0,-1.834803921568625
30,jzeigboi,-58.285103367414926,-63.489582492015714,2.0300000000000002
31,lukestip,-59.674832647414675,-49.28062879294424,-12.858235294117645
32,lukestip,471.6579221418393,291.77543919987215,194.47125490196075
33,lukestip,-31.40708297310706,-32.502244202857796,-0.5299509803921554
34,TheJandyStock,-1.0469707902558074,-5.963271626481861,4.61813725490196
35,TheJandyStock,-180.112020864996,-140.5725400230092,-46.568107843137255
36,joeburrowmvp,-48.67667075506871,-22.425339700897908,-27.372598039215696
37,obiwanginobiIi,-3.447158151991861,6.584363967975543,-9.702303921568626
38,obiwanginobiIi,66.0212575311066,69.49606055905959,0
39,obiwanginobiIi,6.644855366883995,6.994584596719995,0
40,obiwanginobiIi,0,0,0
41,obiwanginobiIi,-5.784618220981453,-6.089071811559424,0
42,jzeigboi,-5.947452266013791,-6.260476069488201,0
43,jzeigboi,0,0,0
44,obiwanginobiIi,0,0,0
45,joeburrowmvp,120.2401402189947,113.19389372897275,12.705941176470587
46,joeburrowmvp,2.9804041699048716,3.137267547268286,0
47,joeburrowmvp,47.58241953436692,50.08675740459676,0
48,lukestip,77.71474861710298,64.89480246588757,16.064686274509803
49,ElatedBroncosFan,-471.6579221418393,-291.77543919987215,-194.47125490196075
50,lukestip,0,0,0
51,joeburrowmvp,-4.877936241415118,-5.134669727805388,0
52,joeburrowmvp,1.678770357873752,-29.95144915889451,30.132647058823533
53,ElatedBroncosFan,0,0,0
54,Gretsch0401,-3.811274509803912,0,-3.811274509803912
55,ElatedBroncosFan,27.420588235294133,0,27.420588235294133
56,jzeigboi,19.612541216753964,-3.609605736750217,23.04166666666667
57,Gretsch0401,-88.94542239859416,-61.18758601296807,-30.817215686274498
58,ngernenz,56.972058823529416,0,56.972058823529416
59,SFOControl,29.24546342221565,-40.30144201170284,67.53183333333334
60,joeburrowmvp,-4.345098039215681,0,-4.345098039215681
61,lukestip,21.131372549019616,0,21.131372549019616
62,caskinner,56.23333333333334,0,56.23333333333334
63,obiwanginobiIi,-1.288725490196076,0,-1.288725490196076
64,joeburrowmvp,42.79840855752294,-11.178042591668312,53.41754901960783
65,jzeigboi,-19.129901960784313,0,-19.129901960784313
66,caskinner,33.43774509803921,0,33.43774509803921
67,ElatedBroncosFan,-2.4205882352941206,0,-2.4205882352941206
68,jzeigboi,-65.7798306540704,-55.510172618319714,-13.045166666666667
69,obiwanginobiIi,-18.62580839160657,-4.754308110875854,-14.10921568627451
70,obiwanginobiIi,42.21959415075695,7.665744100899973,34.93713725490197
71,obiwanginobiIi,0,0,0
72,obiwanginobiIi,49.232005126566136,34.20453584014185,16.737696078431377
73,TheJandyStock,0,0,0
74,TheJandyStock,0,0,0
75,TheJandyStock,-72.809103893605,-76.64116199326843,0
76,TheJandyStock,65.8700980392157,0,65.8700980392157
77,caskinner,-32.70294117647058,0,-32.70294117647058
78,Gretsch0401,0,0,0
79,Gretsch0401,0,0,0
80,Gretsch0401,-45.773815072199554,-48.18296323389427,0
81,jzeigboi,12.175,0,12.175
82,caskinner,10.57242612228288,14.037889210246169,-2.7635686274509803
83,ElatedBroncosFan,123.63976593868145,161.34376806754912,-29.6368137254902
84,joeburrowmvp,-35.43112356252165,-7.665744100899973,-28.14866666666667
85,caskinner,330.07026749432794,195.96405866276,143.90441176470588
86,joeburrowmvp,10.897742990813468,18.61706692531449,-6.788470588235297
87,caskinner,-67.55980392156863,0,-67.55980392156863
88,TheJandyStock,-3.160529411764706,0,-3.160529411764706
89,TheJandyStock,0,0,0
90,obiwanginobiIi,12.748659010233446,20.711312890029017,-6.927088235294117
91,ElatedBroncosFan,-0.6411764705882295,0,-0.6411764705882295
92,Arvs,46.27261299671895,36.81325619881664,11.30001960784314
93,ngernenz,13.780410461654522,-7.956740277721767,21.3393137254902
94,jzeigboi,72.03935662443467,74.84031347463711,0.9410588235294117
95,jzeigboi,200.79575691815037,184.74041491900243,25.29236274509804
96,jzeigboi,-293.225105122822,-183.44742747706752,-118.95004901960785
97,ElatedBroncosFan,6.505784313725491,0,6.505784313725491
98,ngernenz,-41.030392156862746,0,-41.030392156862746
99,Arvs,7.533823529411762,0,7.533823529411762
100,Arvs,-65.18382352941177,0,-65.18382352941177
101,Arvs,76.17990196078432,0,76.17990196078432
102,Arvs,-27.27941176470588,0,-27.27941176470588
103,Arvs,-212.03946808429845,-170.48446588852877,-50.07922549019608
104,Arvs,15.348316000374851,26.76008495395495,-10.073764705882358
105,Arvs,-24.501054745063755,-81.67633213618683,53.09146078431373
106,ElatedBroncosFan,-185.12330290271981,-202.54288850441097,7.292441176470587
107,ElatedBroncosFan,0,0,0
108,caskinner,89.40147058823531,0,89.40147058823531
109,obiwanginobiIi,-31.86352716011679,-41.19912043686185,7.275637254901962
110,ElatedBroncosFan,34.86799999908987,17.94326109295321,17.821901960784317
111,obiwanginobiIi,-27.085026773862793,-40.30144201170284,11.201343137254902
112,obiwanginobiIi,84.18378162831813,21.263361466341077,63.98358823529411
113,akondratieff,8.103186766408161,15.821342107055035,-6.927088235294117
114,Arvs,127.50468622510215,113.03160985511269,20.1246568627451
115,ElatedBroncosFan,104.69085908875934,108.30886096030396,1.7974411764705884
116,joeburrowmvp,-19.026703775127196,-18.61706692531449,-1.34049019607843
117,obiwanginobiIi,-5.960188421998149,-20.711312890029017,13.715558823529413
118,ElatedBroncosFan,26.130882352941175,0,26.130882352941175
119,joeburrowmvp,51.22675241145618,55.45411502547503,-1.4546568627450966
120,Arvs,2.7,0,2.7
121,Arvs,57.369747558182794,55.25485295082194,4.877637254901959
122,Arvs,-51.22675241145618,-55.45411502547503,1.4546568627450966
123,Arvs,-23.294117647058826,0,-23.294117647058826
124,Arvs,16.244832364802306,71.56801755634507,-51.74478431372549
125,Arvs,58.0264705882353,0,58.0264705882353
126,obiwanginobiIi,-33.22830655947057,40.30144201170284,-71.51467647058826
127,ElatedBroncosFan,7.763012197639611,4.880580435079885,3.126460784313723
128,ElatedBroncosFan,-3.999999999999986,0,-3.999999999999986
129,Arvs,42.76470588235295,0,42.76470588235295
130,Arvs,-0.3094119960776851,1.9224042972144133,-2.1356960784313728
131,ElatedBroncosFan,45.28737099719223,45.82757318589894,1.751176470588236
132,ElatedBroncosFan,-34.86799999908987,-17.94326109295321,-17.821901960784317
133,caskinner,47.92902892349967,55.283704336398,-4.59049019607843
134,caskinner,0,0,0
135,caskinner,77.19044901674026,81.25310422814765,0
136,caskinner,81.83276994303718,86.13975783477598,0
137,Arvs,-87.72488499043106,-94.23402754410701,1.7974411764705884
138,Arvs,-59.899894617006325,-55.25485295082194,-7.407784313725489
139,Arvs,-3.469117647058823,0,-3.469117647058823
140,ngernenz,31.79607843137255,0,31.79607843137255
141,ngernenz,-37.19411764705883,0,-37.19411764705883
142,TheJandyStock,0,0,0
143,jzeigboi,-5.299999999999999,0,-5.299999999999999
144,obiwanginobiIi,-42.84368578624477,-55.283704336398,9.67583333333333
145,lukestip,2.230882352941177,0,2.230882352941177
146,ElatedBroncosFan,-104.69085908875934,-108.30886096030396,-1.7974411764705884
147,ElatedBroncosFan,53.44607843137255,0,53.44607843137255
148,joeburrowmvp,0,0,0
149,Arvs,12.125953414554445,4.448733212430893,7.899656862745098
150,Arvs,-113.31121733488425,-79.46434642062117,-37.82008823529412
151,Arvs,7.616226263216726,6.729309379237419,1.2233823529411776
152,caskinner,-47.92902892349967,-55.283704336398,4.59049019607843
153,ElatedBroncosFan,-23.687745098039215,0,-23.687745098039215
154,obiwanginobiIi,31.43075753986271,-40.30144201170284,69.7171274509804
155,ElatedBroncosFan,-44.62426980955146,-51.505660687040745,4.306107843137255
156,ElatedBroncosFan,57.38289310277329,72.90851492758387,-11.880196078431375
157,SFOControl,0,0,0
158,Gretsch0401,77.96445976662017,73.00453969241752,8.61014705882353
159,obiwanginobiIi,-11.231862745098045,0,-11.231862745098045
160,obiwanginobiIi,-73.33617647058824,0,-73.33617647058824
161,obiwanginobiIi,49.60673536054318,50.37427251574206,1.751176470588236
162,obiwanginobiIi,66.83039215686276,0,66.83039215686276
163,TheJandyStock,19.875,0,19.875
164,obiwanginobiIi,-60.77537840653191,-59.10535188303669,-4.6252941176470586
165,jzeigboi,13.077941176470592,0,13.077941176470592
166,TheJandyStock,97.82666306078644,103.61286514138511,-0.6055588235294103
167,obiwanginobiIi,-19.875,0,-19.875
168,SFOControl,-7.899656862745098,0,-7.899656862745098
169,SFOControl,2.7024509803921566,0,2.7024509803921566
170,SFOControl,1.5612745098039218,0,1.5612745098039218
171,SFOControl,4.242427688362579,-6.362594177368597,10.286892156862745
172,Gretsch0401,66.15245098039216,0,66.15245098039216
173,obiwanginobiIi,5.498137254901968,0,5.498137254901968
174,joeburrowmvp,-16.358752412366314,-37.510853932521826,19.276558823529413
175,Arvs,-75.76437557908932,1.4900277702052676,-77.17990196078432
176,Arvs,-1.7869159166360475,-29.95144915889451,26.666960784313734
177,joeburrowmvp,9.550381984744906,15.69550012842085,-5.360343137254902
178,joeburrowmvp,-47.58241953436692,-50.08675740459676,0
179,joeburrowmvp,5.282484015889523,-9.291296495142092,14.10921568627451
180,Arvs,-4.043529434362722,-4.256346773013392,0
181,ElatedBroncosFan,-12.659803921568628,0,-12.659803921568628
182,caskinner,-9.049464283806614,-4.701592950962603,-4.582950980392141
183,Arvs,53.045237378816694,2.4377834121703046,50.72934313725491
184,Arvs,175.57240051685451,120.31670642641036,61.2715294117647
185,Arvs,-33.54607843137255,0,-33.54607843137255
186,joeburrowmvp,23.62249797972388,39.276716139647434,-13.690382352941182
187,jzeigboi,-79.78555338848236,-70.848312132355,-12.479656862745099
188,Arvs,-32.81686104617053,-51.51052452744473,16.11813725490196
189,Arvs,4.226296551809348,4.448733212430893,0
190,jzeigboi,24.47340759714733,4.257116356130329,20.429147058823514
191,Arvs,49.60673536054318,50.37427251574206,1.751176470588236
192,obiwanginobiIi,-66.0212575311066,-69.49606055905959,0
193,obiwanginobiIi,-82.60525586771608,-86.95290091338535,0
194,obiwanginobiIi,-77.75006554896208,-34.79257673884554,-44.69711764705882
195,Arvs,7.056257932030485,-1.4900277702052676,8.47178431372549
196,caskinner,11.410618362669869,25.742931609827934,-13.045166666666667
197,joeburrowmvp,26.196078884596286,27.57481987852241,0
198,ngernenz,12.720098039215685,0,12.720098039215685
199,ngernenz,24.386764705882353,0,24.386764705882353
200,ngernenz,13.210294117647058,0,13.210294117647058
201,caskinner,0,0,0
202,caskinner,-10.57242612228288,-14.037889210246169,2.7635686274509803
203,Gretsch0401,68.62794117647061,0,68.62794117647061
204,ngernenz,-16.11813725490196,0,-16.11813725490196
205,obiwanginobiIi,28.12035717848041,26.402254202322005,3.0382156862745084
206,obiwanginobiIi,-2.564820429351471,3.6762777730252765,-6.057284313725491
207,TheJandyStock,-1.5612745098039218,0,-1.5612745098039218
208,ElatedBroncosFan,14.053517362857832,16.657964613121763,-1.7715490196078427
209,ElatedBroncosFan,13.883096649769556,2.9710098893342973,11.060637254901964
210,obiwanginobiIi,18.88039215686275,0,18.88039215686275
211,obiwanginobiIi,0,0,0
212,obiwanginobiIi,14.37303921568628,0,14.37303921568628
213,SFOControl,-11.410618362669869,-25.742931609827934,13.045166666666667
214,SFOControl,-37.55058903244361,-39.526935823624854,0
215,Arvs,0,0,0
216,joeburrowmvp,82.60525586771608,86.95290091338535,0
217,ElatedBroncosFan,4.645472243825284,4.889970782973983,0
218,obiwanginobiIi,-5.947452266013791,-6.260476069488201,0
219,ElatedBroncosFan,25.730882352941173,0,25.730882352941173
220,TheJandyStock,-69.65901600196291,-103.61286514138511,28.773205882352947
221,Arvs,77.75006554896208,34.79257673884554,44.69711764705882
222,Arvs,-54.59411764705882,0,-54.59411764705882
223,Arvs,55.222058823529416,0,55.222058823529416
224,Arvs,-47.85555888995495,-50.37427251574206,0
225,ElatedBroncosFan,0,0,0
226,ElatedBroncosFan,71.25284420795235,58.22586284015624,15.938274509803923
227,ElatedBroncosFan,-71.25284420795235,-58.22586284015624,-15.938274509803923
228,Arvs,-45.5587911503881,-15.456188827033913,-30.875411764705884
229,Arvs,29.430026977602424,-4.448733212430893,33.65632352941177
230,Arvs,-53.093238444268124,-55.90294449241846,0.01455882352941184
231,obiwanginobiIi,-5.476863314334677,5.1502470788221135,-10.369598039215685
232,SFOControl,-6.860294117647057,0,-6.860294117647057
233,jzeigboi,25.642156862745097,0,25.642156862745097
234,Arvs,53.10779726779754,55.90294449241846,0
235,jzeigboi,75.85897792841885,76.03684983177217,3.623970588235295
236,obiwanginobiIi,5.947452266013791,6.260476069488201,0
237,Gretsch0401,-46.90745098039216,0,-46.90745098039216
238,obiwanginobiIi,-28.874780629539053,6.362594177368597,-34.91924509803922
239,Arvs,4.242427688362579,-6.362594177368597,10.286892156862745
240,Arvs,1.2344356259720985,1.2123470985464833,0.08270588235293985
241,Arvs,39.380392156862754,0,39.380392156862754
242,joeburrowmvp,-16.184313725490195,0,-16.184313725490195
243,Arvs,-27.86617647058823,0,-27.86617647058823
244,ngernenz,-31.08955467159924,29.95144915889451,-59.54343137254902
245,caskinner,1.3469435473787712,-3.414259630210168,4.59049019607843
246,Arvs,17.72100980392157,0,17.72100980392157
247,Arvs,-7.546369953884591,-2.9837021186401254,-4.711852941176471
248,TheJandyStock,6.062303921568628,0,6.062303921568628
249,Arvs,-229.01396241914114,-230.54867045152116,-9.992725490196085
250,Arvs,-0.01455882352941184,0,-0.01455882352941184
251,lukestip,16.11813725490196,0,16.11813725490196
252,Gretsch0401,-28.225488414156025,-24.979822685695723,-4.494656862745097
253,caskinner,-33.903741019537506,-30.856053498377975,-4.59049019607843
254,joeburrowmvp,-57.369747558182794,-55.25485295082194,-4.877637254901959
255,ElatedBroncosFan,117.78029980842103,142.17721961257942,-17.288058823529415
256,ElatedBroncosFan,35.22990389796759,-2.544889601726587,37.647549019607844
257,ngernenz,-31.75244305911373,-51.869444706187835,17.523529411764713
258,joeburrowmvp,57.369747558182794,55.25485295082194,4.877637254901959
259,joeburrowmvp,4.043529434362722,4.256346773013392,0
260,ngernenz,-7.6838235294117645,0,-7.6838235294117645
261,ngernenz,1.8946078431372566,0,1.8946078431372566
262,lukestip,0,0,0
263,jzeigboi,5.280882352941177,0,5.280882352941177
264,ElatedBroncosFan,0,0,0
265,SFOControl,-0.19596381438342814,1.4900277702052676,-1.6114901960784325
266,joeburrowmvp,15.887254901960787,0,15.887254901960787
267,Arvs,-190.04049336580638,-198.10515297535866,-1.8405980392156858
268,Arvs,22.73774509803922,0,22.73774509803922
269,Arvs,174.8922146674257,202.54288850441097,-17.523529411764713
270,Arvs,98.17532595716705,149.47445043994884,-43.825401960784305
271,Arvs,3.3870314282893528,-5.513981365474573,8.625313725490196
272,joeburrowmvp,49.06426783343481,51.64659771940507,0
273,obiwanginobiIi,133.59991499505935,124.68184034567652,15.152166666666668
274,ElatedBroncosFan,-13.204228418911793,-13.899187809380836,0
275,caskinner,-2.766321892649669,-2.2681613317880935,-0.6115686274509802
276,ngernenz,43.19901960784314,0,43.19901960784314
277,ngernenz,5.6235294117647,0,5.6235294117647
278,ElatedBroncosFan,7.163012732637284,13.899187809380836,-6.0412156862745086
279,lukestip,0,0,0
280,lukestip,-5.17111924050058,1.4540334104121866,-6.552450980392157
281,caskinner,72.809103893605,76.64116199326843,0
282,caskinner,2.1547532651986887,2.2681613317880935,0
283,Arvs,-53.10779726779754,-55.90294449241846,0
284,caskinner,0,0,0
285,Gretsch0401,2.305547767113964,7.258987329676202,-4.59049019607843
286,ngernenz,180.112020864996,140.5725400230092,46.568107843137255
287,Arvs,-31.164612383450695,-32.804855140474416,0
288,obiwanginobiIi,-35.399634617000046,-40.30144201170284,2.8867352941176474
289,joeburrowmvp,10.57242612228288,14.037889210246169,-2.7635686274509803
290,jzeigboi,60.94117647058826,0,60.94117647058826
291,ElatedBroncosFan,63.69654818610425,18.134612125723777,46.468666666666664
292,ElatedBroncosFan,-35.399509803921575,0,-35.399509803921575
293,obiwanginobiIi,-6.642647058823529,0,-6.642647058823529
294,ngernenz,6.149509803921568,0,6.149509803921568
295,Arvs,-24.642268281164547,21.110367753572923,-44.69711764705882
296,Arvs,36.335731623951276,31.35082173006223,6.552450980392157
297,Arvs,-74.15147058823531,0,-74.15147058823531
298,jzeigboi,-27.910535235554935,-30.486992714412835,1.0521078431372557
299,joeburrowmvp,-24.031862745098042,0,-24.031862745098042
300,jzeigboi,-11.409803921568628,0,-11.409803921568628
301,ElatedBroncosFan,-4.829411764705885,0,-4.829411764705885
302,SFOControl,-24.581715686274503,0,-24.581715686274503
303,caskinner,14.665085990308812,16.657964613121763,-1.1599803921568625
304,TheJandyStock,9.854806889040324,8.436009315604881,1.8405980392156858
305,ngernenz,0,0,0
306,Gretsch0401,-59.434960296048686,-55.283704336398,-6.915441176470587
307,Arvs,59.98135030327455,40.30144201170284,21.694980392156857
308,ElatedBroncosFan,-4.488576554583515,-0.962464484700913,-3.5742352941176474
309,ElatedBroncosFan,71.88446918491863,69.28210378598247,6.066470588235296
310,Arvs,0,0,0
311,akondratieff,-27.835043064756192,-29.30004533132231,0
312,jzeigboi,19.297549019607843,0,19.297549019607843
313,obiwanginobiIi,-3.270766722407,5.513981365474573,-8.509049019607843
314,TheJandyStock,2.375250713384011,4.437735529052312,-1.8405980392156858
315,ElatedBroncosFan,-69.26308918120466,-72.90851492758387,0
316,Arvs,-24.581715686274503,0,-24.581715686274503
317,ElatedBroncosFan,-55.548901743420714,-14.879040018874232,-41.413813725490186
318,joeburrowmvp,19.799274878000197,-15.69550012842085,34.71
319,ngernenz,12.09059520543694,-5.926752208931189,17.72100980392157
320,TheJandyStock,-13.95980392156862,0,-13.95980392156862
321,ElatedBroncosFan,14.053517362857832,16.657964613121763,-1.7715490196078427
322,joeburrowmvp,35.21078431372549,0,35.21078431372549
323,obiwanginobiIi,27.144447270251874,-5.5461442562880165,32.41328431372549
324,akondratieff,-122.22147763356884,-121.43282475360188,-6.860294117647057
325,caskinner,-71.76213310334919,-70.67789036678657,-4.61813725490196
326,Arvs,-5.840813725490197,0,-5.840813725490197
327,ElatedBroncosFan,-4.518320668286467,-19.913536719971308,14.399539215686275
328,ElatedBroncosFan,-28.98137254901961,0,-28.98137254901961
329,ElatedBroncosFan,-65.59868487119314,-69.28210378598247,0.2193137254901929
330,caskinner,-64.57404109832942,-51.869444706187835,-15.298068627450979
331,ngernenz,-149.86107386473518,-110.08554730859636,-45.27980392156863
332,caskinner,295.6548104528501,219.01871688535303,87.58702941176472
333,SFOControl,-296.70178124310587,-224.98198851183489,-82.96889215686275
334,ElatedBroncosFan,-17.76127450980392,0,-17.76127450980392
335,SFOControl,-99.11832662070452,-77.10620552437422,-25.867431372549014
336,Arvs,-31.776181010901674,-32.804855140474416,-0.6115686274509802
337,ElatedBroncosFan,44.839215686274514,0,44.839215686274514
338,ElatedBroncosFan,-48.08235294117647,0,-48.08235294117647
339,akondratieff,40.62538778013377,-7.087827104503157,47.35882352941177
340,ngernenz,24.89950980392157,0,24.89950980392157
341,SFOControl,-8.09705882352941,0,-8.09705882352941
342,ngernenz,17.585784313725497,0,17.585784313725497
343,SFOControl,16.036274509803924,0,16.036274509803924
344,Gretsch0401,51.22675241145618,55.45411502547503,-1.4546568627450966
345,SFOControl,-9.840686274509814,0,-9.840686274509814
346,ElatedBroncosFan,74.25,0,74.25
347,obiwanginobiIi,-16.904411764705884,0,-16.904411764705884
348,Arvs,19.28441630501932,32.804855140474416,-11.880196078431375
349,jzeigboi,110.37777533977064,61.18758601296807,52.24956862745097
350,caskinner,15.298068627450979,0,15.298068627450979
351,caskinner,-35.19166666666666,0,-35.19166666666666
352,TheJandyStock,34.240196078431374,0,34.240196078431374
353,ngernenz,180.50248730130113,110.62109086411469,75.41245098039217
354,SFOControl,119.92951496302106,80.65120254105415,43.31087254901962
355,jzeigboi,0.015196078431375604,0,0.015196078431375604
356,jzeigboi,1.558123456356995,2.277560294617274,-0.6055588235294103
357,Gretsch0401,-52.68140927420128,-55.45411502547503,0
358,TheJandyStock,-12.230057602424335,-12.873744844657194,0
359,joeburrowmvp,-70.7250597892847,-86.95290091338535,11.880196078431375
360,Arvs,86.99023838541041,77.10620552437422,13.739343137254895
361,Arvs,-20.704781675823575,-40.30144201170284,17.58158823529412
362,Arvs,74.63311720381054,67.56431325891306,10.447019607843137
363,caskinner,-88.82773634715073,-84.52405683601005,-8.52988235294118
364,ElatedBroncosFan,54.20162604766372,69.28210378598247,-11.616372549019607
365,ElatedBroncosFan,27.95753635456098,19.913536719971308,9.039676470588235
366,caskinner,-17.470588235294116,0,-17.470588235294116
367,akondratieff,-0.17843137254901986,0,-0.17843137254901986
368,akondratieff,4.847990196078429,0,4.847990196078429
369,ngernenz,10.50310174935597,5.5461442562880165,5.234264705882355
370,Arvs,16.904411764705884,0,16.904411764705884
371,Arvs,-71.88446918491863,-69.28210378598247,-6.066470588235296
372,lukestip,-23.29558823529412,0,-23.29558823529412
373,lukestip,72.809103893605,76.64116199326843,0
374,ngernenz,0,0,0
375,ngernenz,-35.95245098039216,0,-35.95245098039216
376,SFOControl,-7.105392156862737,0,-7.105392156862737
377,TheJandyStock,51.27401960784312,0,51.27401960784312
378,Arvs,77.40897898884019,69.28210378598247,11.590980392156858
379,joeburrowmvp,-18.487892156862745,0,-18.487892156862745
380,joeburrowmvp,-10.447549019607845,0,-10.447549019607845
381,caskinner,-0.16189015462317968,-0.1704106890770305,0
382,caskinner,-4.6883382839815155,0.19926207465309176,-4.877637254901959
383,caskinner,57.369747558182794,55.25485295082194,4.877637254901959
384,ElatedBroncosFan,244.68626855083315,249.87762014638787,7.302529411764709
385,ElatedBroncosFan,22.20116380554137,19.913536719971308,3.2833039215686277
386,ElatedBroncosFan,1.6151960784313735,0,1.6151960784313735
387,obiwanginobiIi,43.83302162436779,-5.513981365474573,49.07130392156863
388,Arvs,74.25,0,74.25
389,Arvs,4.417156862745097,0,4.417156862745097
390,joeburrowmvp,8.87156862745098,0,8.87156862745098
391,Arvs,79.66663638385825,64.7319082678384,18.17132352941177
392,jzeigboi,-87.25423693850357,-89.57497593113895,-2.15800980392157
393,joeburrowmvp,-10.57242612228288,-14.037889210246169,2.7635686274509803
394,joeburrowmvp,0,0,0
395,Arvs,0,0,0
396,jzeigboi,58.51666666666667,0,58.51666666666667
397,Arvs,0,0,0
398,caskinner,53.10779726779754,55.90294449241846,0
399,ElatedBroncosFan,-185.05466241333733,-183.6513990315832,-10.585833333333337
400,obiwanginobiIi,15.937582893463311,8.089179103542394,8.252862745098039
401,obiwanginobiIi,0,0,0
402,obiwanginobiIi,0,0,0
403,obiwanginobiIi,-34.2107843137255,0,-34.2107843137255
404,joeburrowmvp,-63.554816875640675,-55.90294449241846,-10.447019607843137
405,Arvs,0,0,0
406,ElatedBroncosFan,262.24196011254924,264.9011860833852,10.585833333333337
407,Arvs,-13.150941708743545,4.550195518144065,-17.473627450980395
408,joeburrowmvp,24.07156862745098,0,24.07156862745098
409,ElatedBroncosFan,-0.31395051703511356,14.5213317570941,-14.10921568627451
410,ElatedBroncosFan,14.049509803921573,0,14.049509803921573
411,Arvs,-69.41242112537917,-67.56431325891306,-5.226323529411764
412,TheJandyStock,-51.565,0,-51.565
413,ElatedBroncosFan,-4.043529434362722,-4.256346773013392,0
414,jzeigboi,0,0,0
415,caskinner,-52.5195191195781,-55.283704336398,0
416,Arvs,97.82666306078644,103.61286514138511,-0.6055588235294103
417,joeburrowmvp,-4.847990196078429,0,-4.847990196078429
418,jzeigboi,59.47533949064823,62.605620516471824,0
419,Arvs,-67.36323529411764,0,-67.36323529411764
420,SFOControl,0.17843137254901986,0,0.17843137254901986
421,SFOControl,-16.036274509803924,0,-16.036274509803924
422,obiwanginobiIi,-12.30751858167202,8.511580027548542,-20.393519607843135
423,ElatedBroncosFan,-67.8409397505559,-65.02575701296908,-6.066470588235296
424,Arvs,5.865596364043455,-34.48952704713693,38.63064705882352
425,caskinner,-23.941316092219004,-15.003500943305866,-9.687990196078431
426,Arvs,-6.74799019607843,0,-6.74799019607843
427,caskinner,-32.03970588235295,0,-32.03970588235295
428,caskinner,59.34095070921905,55.304942955008705,6.8012549019607835
429,joeburrowmvp,-17.915066406875695,-18.857964638816533,0
430,jzeigboi,-1.5389252393647936,-0.07982842533755274,-1.4630882352941184
431,ElatedBroncosFan,44.99019607843138,0,44.99019607843138
432,akondratieff,-27.86372549019608,0,-27.86372549019608
433,caskinner,-16.344507653640783,-16.24442498112859,-0.912303921568625
434,Arvs,-51.34802277432897,-54.05055028876733,0
435,Arvs,-83.8156029420002,-91.48986068198164,3.0997647058823494
436,ElatedBroncosFan,67.95090747822763,23.716218398134373,45.42049999999999
437,ElatedBroncosFan,-33.113405892607055,-38.312326120184935,3.2833039215686277
438,ngernenz,-33.800490196078435,0,-33.800490196078435
439,ngernenz,11.20392156862745,0,11.20392156862745
440,Arvs,-37.87346993723339,-39.24248641483804,-0.5931078431372523
441,ngernenz,-2.7024509803921566,0,-2.7024509803921566
442,ElatedBroncosFan,-31.164612383450695,-32.804855140474416,0
443,ngernenz,-114.38009461549868,-67.77745769639695,-49.99150980392157
444,TheJandyStock,68.63266774535464,72.24491341616277,0
445,ngernenz,126.61015221792302,80.65120254105415,49.99150980392157
446,ngernenz,-12.230057602424335,-12.873744844657194,0
447,ngernenz,-10.072058823529414,0,-10.072058823529414
448,akondratieff,13.328431372549025,0,13.328431372549025
449,Gretsch0401,33.91378431281536,17.94326109295321,16.867686274509808
450,caskinner,16.786507960457506,4.445653374269007,12.563137254901958
451,akondratieff,-5.578767208812117,-0.8938519638682791,-4.729607843137254
452,akondratieff,-2.1295185481485497,-9.533270298360705,6.927088235294117
453,akondratieff,-118.69127257715431,-124.93818166016244,0
454,SFOControl,0,0,0
455,SFOControl,-126.61015221792302,-80.65120254105415,-49.99150980392157
456,ElatedBroncosFan,35.59779923409201,37.471367614833696,0
457,ElatedBroncosFan,12.913460263309062,13.593116066641123,0
458,joeburrowmvp,82.60525586771608,86.95290091338535,0
459,joeburrowmvp,0,0,0
460,Arvs,83.8156029420002,91.48986068198164,-3.0997647058823494
461,obiwanginobiIi,-12.56933882421939,-0.32961362301731256,-12.256205882352942
462,caskinner,62.81315883742597,66.11911456571156,0
463,caskinner,48.93499830107249,51.51052452744473,0
464,Arvs,40.997058823529414,0,40.997058823529414
465,joeburrowmvp,6.449930343778689,6.78940036187231,0
466,joeburrowmvp,59.172037103409046,-5.716225133666427,64.60245098039215
467,joeburrowmvp,-33.48324482190722,-73.09020610768356,35.95245098039216
468,Arvs,37.87346993723339,39.24248641483804,0.5931078431372523
469,caskinner,10.596078431372547,0,10.596078431372547
470,caskinner,-27.141176470588235,0,-27.141176470588235
471,obiwanginobiIi,-31.40708297310706,-32.502244202857796,-0.5299509803921554
472,ElatedBroncosFan,11.827158864202495,8.657422127437096,3.602607843137254
473,obiwanginobiIi,19.44733822273608,4.4340918340462325,15.234950980392158
474,obiwanginobiIi,-11.228477191332702,6.5261746799181015,-17.4283431372549
475,obiwanginobiIi,-11.827158864202495,-8.657422127437096,-3.602607843137254
476,Arvs,36.474407138499004,13.967208752599571,23.20555882352941
477,Arvs,-54.9286980731995,-57.81968218231526,0
478,ngernenz,12.230057602424335,12.873744844657194,0
479,obiwanginobiIi,6.357597410366614,6.692207800385909,0
480,obiwanginobiIi,-83.8156029420002,-91.48986068198164,3.0997647058823494
481,joeburrowmvp,74.9112255291816,103.28082563443266,-23.20555882352941
482,Arvs,-72.28499224629282,-63.1974840982649,-12.247382352941177
483,obiwanginobiIi,-5.476863314334677,5.1502470788221135,-10.369598039215685
484,obiwanginobiIi,115.36118351592178,121.43282475360188,0
485,jzeigboi,62.28004538679006,63.385950768344536,2.0633921568627454
486,jzeigboi,-40.20343067195307,-46.01473610463586,3.510568627450983
487,obiwanginobiIi,-53.628327920555115,-32.22966406498061,-23.010147058823534
488,TheJandyStock,-63.271568627450975,0,-63.271568627450975
489,TheJandyStock,-26.196078884596286,-27.57481987852241,0
490,TheJandyStock,-7.785646094656842,-11.201350894272425,2.8556372549019606
491,TheJandyStock,16.25490196078432,0,16.25490196078432
492,TheJandyStock,0,0,0
493,TheJandyStock,7.785646094656842,11.201350894272425,-2.8556372549019606
494,TheJandyStock,26.196078884596286,27.57481987852241,0
495,TheJandyStock,0,0,0
496,TheJandyStock,0,0,0
497,Arvs,9.154883000999945,9.636718948420992,0
498,jzeigboi,76.51347919931537,103.5961700550069,-21.902882352941177
499,ElatedBroncosFan,30.906633462256167,35.98940777244715,-3.2833039215686277
500,Arvs,-19.317156862745097,0,-19.317156862745097
501,obiwanginobiIi,-32.305290019895125,-30.7426582252766,-3.0997647058823494
502,obiwanginobiIi,4.425828874051016,4.658767235843174,0
503,akondratieff,33.319483951103706,-19.257973549921793,51.61455882352941
504,akondratieff,45.14148623986889,47.51735393670409,0
505,Arvs,45.773815072199554,48.18296323389427,0
506,ngernenz,39.03284313725491,0,39.03284313725491
507,caskinner,16.933823529411768,0,16.933823529411768
508,caskinner,-57.624534809534076,-60.65740506266745,0
509,caskinner,34.759803921568626,0,34.759803921568626
510,caskinner,-53.10779726779754,-55.90294449241846,0
511,Arvs,172.41649182253462,158.1811575428125,22.144392156862747
512,Arvs,111.38563266768061,117.24803438703223,0
513,obiwanginobiIi,0,0,0
514,ElatedBroncosFan,1.2676470588235302,0,1.2676470588235302
515,ElatedBroncosFan,-40.781862745098046,0,-40.781862745098046
516,lukestip,-1.3813317398915772,-1.4540334104121866,0
517,lukestip,0,0,0
518,Gretsch0401,-37.27656959196576,-7.519918455939187,-30.132647058823533
519,Gretsch0401,0,0,0
520,Gretsch0401,0,0,0
521,ngernenz,13.605304571269677,14.32137323291545,0
522,joeburrowmvp,69.43569580229938,73.09020610768356,0
523,joeburrowmvp,28.899374524610614,48.17585347275835,-16.867686274509808
524,jzeigboi,50.5421568627451,0,50.5421568627451
525,jzeigboi,-23.567510242469567,16.279297783984568,-39.03284313725491
526,ngernenz,5.268837043473615,5.5461442562880165,0
527,obiwanginobiIi,-3.6300643117912905,-16.600759131090935,12.140656862745097
528,jzeigboi,125.23884156561525,110.74664437247426,20.029529411764706
529,joeburrowmvp,5.430413876983105,5.716225133666427,0
530,jzeigboi,-49.89846689893497,-5.565703030870651,-44.61104901960785
531,obiwanginobiIi,-39.100640421387794,-54.05055028876733,12.247382352941177
532,joeburrowmvp,57.10430034520436,60.10978983705722,0
533,obiwanginobiIi,3.447158151991861,-6.584363967975543,9.702303921568626
534,caskinner,98.48025630825346,103.66342769289838,0
535,jzeigboi,-103.54870671231964,-61.18758601296807,-45.42049999999999
536,caskinner,63.7263980182516,67.08041896658064,0
537,joeburrowmvp,-2.9804041699048716,-3.137267547268286,0
538,caskinner,-35.399634617000046,-40.30144201170284,2.8867352941176474
539,caskinner,-12.825980392156865,0,-12.825980392156865
540,ngernenz,4.76470588235294,0,4.76470588235294
541,Arvs,1.678770357873752,-29.95144915889451,30.132647058823533
542,lukestip,-3.609268062231852,-3.799229539191423,0
543,lukestip,0,0,0
544,jzeigboi,-59.47533949064823,-62.605620516471824,0
545,akondratieff,-119.52741499505936,-124.68184034567652,-1.079666666666668
546,akondratieff,0,0,0
547,akondratieff,0,0,0
548,caskinner,-23.332319897024206,-30.141038488095656,5.301666666666665
549,caskinner,-5.971574226809127,-6.285867607167503,0
550,joeburrowmvp,-22.284803921568628,0,-22.284803921568628
551,joeburrowmvp,0.7784313725490177,0,0.7784313725490177
552,joeburrowmvp,0,0,0
553,joeburrowmvp,0,0,0
554,Arvs,0,0,0
555,TheJandyStock,-0.1578431372549014,0,-0.1578431372549014
556,TheJandyStock,0,0,0
557,Arvs,114.49664816722533,120.52278754444772,0
558,ngernenz,0,0,0
559,ngernenz,-17.585784313725497,0,-17.585784313725497
560,Arvs,-39.55224029510714,-9.291037255943532,-30.725754901960784
561,Gretsch0401,0,0,0
562,SFOControl,-0.4416666666666682,0,-0.4416666666666682
563,Arvs,-13.057352941176472,0,-13.057352941176472
564,Arvs,88.82773634715073,84.52405683601005,8.52988235294118
565,caskinner,-14.053517362857832,-16.657964613121763,1.7715490196078427
566,joeburrowmvp,0,0,0
567,obiwanginobiIi,85.03541089366217,64.7319082678384,23.54009803921569
568,Arvs,-98.43222188431585,-103.61286514138511,0
569,Arvs,-125.23884156561525,-110.74664437247426,-20.029529411764706
570,Arvs,-10.619140462084896,-11.178042591668312,0
571,obiwanginobiIi,0,0,0
572,Arvs,-72.4201243724915,-34.79257673884554,-39.367176470588234
573,obiwanginobiIi,-13.249995752853808,10.8209435831673,-23.529892156862743
574,obiwanginobiIi,5.476863314334677,-5.1502470788221135,10.369598039215685
575,obiwanginobiIi,0,0,0
576,obiwanginobiIi,0,0,0
577,caskinner,0,0,0
578,ElatedBroncosFan,-266.8874323563745,-269.7911568663592,-10.585833333333337
579,ElatedBroncosFan,-72.38519964608821,-77.25087062849326,1.003127450980391
580,Arvs,0,0,0
581,ngernenz,-5.268837043473615,-5.5461442562880165,0
582,ngernenz,-178.82371694342737,-140.5725400230092,-45.27980392156863
583,ngernenz,9.786637254901962,0,9.786637254901962
584,jzeigboi,-36.825,0,-36.825
585,jzeigboi,-29.06617647058824,0,-29.06617647058824
586,joeburrowmvp,-17.822890382552483,-18.76093724479209,0
587,caskinner,72.39607843137254,0,72.39607843137254
588,lukestip,0,0,0
589,Arvs,125.23884156561525,110.74664437247426,20.029529411764706
590,Arvs,-58.285103367414926,-63.489582492015714,2.0300000000000002
591,ElatedBroncosFan,-16.8206222503334,32.836331583756376,-48.01513725490196
592,ElatedBroncosFan,-30.843627450980396,0,-30.843627450980396
593,ngernenz,-15.353921568627449,0,-15.353921568627449
594,ElatedBroncosFan,1.0632352941176446,0,1.0632352941176446
595,ElatedBroncosFan,19.651404036283314,9.62610125594322,10.506607843137257
596,SFOControl,-17.352941176470587,0,-17.352941176470587
597,Arvs,-28.560609359552508,-27.926957220581585,-2.0300000000000002
598,obiwanginobiIi,352.4895262351888,388.2975301959676,-16.393127450980415
599,SFOControl,0,0,0
600,SFOControl,-509.71391464268004,-475.05224245153113,-58.414284313725474
601,SFOControl,-118.34715406160593,-124.57595164379572,0
602,Arvs,176.85950125715286,140.5725400230092,43.31558823529412
603,TheJandyStock,57.97748447256838,8.406289124891373,49.99150980392157
604,akondratieff,-1.8082037348645965,20.711312890029017,-21.48395098039216
605,Arvs,1.9642156862745095,0,1.9642156862745095
606,caskinner,6.379571397075935,6.715338312711509,0
607,joeburrowmvp,-2.3323529411764703,0,-2.3323529411764703
608,jzeigboi,45.14264705882353,0,45.14264705882353
609,obiwanginobiIi,-4.005621401947781,1.5680352631715857,-5.495254901960788
610,ngernenz,-32.225,0,-32.225
611,caskinner,-0.4420003068167233,11.798771606859582,-11.650833333333333
612,caskinner,-11.660784313725486,0,-11.660784313725486
613,ElatedBroncosFan,55.04896825325298,56.74426998794432,1.1419117647058794
614,ngernenz,1.9642156862745095,0,1.9642156862745095
615,lukestip,-75.63713236670426,-72.11552633027694,-7.127382352941177
616,Arvs,-125.23884156561525,-110.74664437247426,-20.029529411764706
617,ElatedBroncosFan,35.59779923409201,37.471367614833696,0
618,ElatedBroncosFan,-15.298068627450979,0,-15.298068627450979
619,Gretsch0401,168.71210639920747,120.31670642641036,54.411235294117645
620,SFOControl,0,0,0
621,SFOControl,-48.99434239162729,-51.572991991186626,0
622,lukestip,27.768137254901966,0,27.768137254901966
623,ngernenz,12.852754508879238,13.529215272504462,0
624,obiwanginobiIi,7.723995752853812,-10.8209435831673,18.003892156862747
625,ElatedBroncosFan,17.794345410893598,21.993800122922053,-3.0997647058823494
626,ngernenz,34.749509803921576,0,34.749509803921576
627,Arvs,-126.69416013405569,-89.1791572102547,-41.973960784313725
628,caskinner,-4.7626209287050685,-5.013285188110601,0
629,jzeigboi,-96.7100014382729,-91.49827808775888,-9.786637254901962
630,ElatedBroncosFan,-1.1602941176470605,0,-1.1602941176470605
631,jzeigboi,33.86813725490196,0,33.86813725490196
632,TheJandyStock,53.50119534844257,56.317047735202706,0
633,ElatedBroncosFan,98.4228366436308,57.762428665122215,43.548529411764704
634,ngernenz,-1.4465686274509784,0,-1.4465686274509784
635,ngernenz,59.95634938472576,63.11194672076397,0
636,Arvs,158.10124310716276,121.6814014131125,42.50391176470588
637,Arvs,0,0,0
638,ElatedBroncosFan,-4.074999999999998,0,-4.074999999999998
639,Arvs,-51.231012632714084,-29.82589565053493,-22.89641176470588
640,jzeigboi,-58.52401960784315,0,-58.52401960784315
641,obiwanginobiIi,11.827158864202495,8.657422127437096,3.602607843137254
642,ElatedBroncosFan,-18.261567841256777,-16.964766974284757,-2.1450392156862703
643,SFOControl,27.834313725490198,0,27.834313725490198
644,ElatedBroncosFan,3.8112745098039227,0,3.8112745098039227
645,obiwanginobiIi,-115.36118351592178,-121.43282475360188,0
646,jzeigboi,-2.375250713384011,-4.437735529052312,1.8405980392156858
647,jzeigboi,10.573833952529661,11.130351528978592,0
648,ngernenz,51.68531431115726,48.01983549781261,6.066470588235296
649,ngernenz,6.980392156862747,0,6.980392156862747
650,joeburrowmvp,2.3323529411764703,0,2.3323529411764703
651,Arvs,-15.320629693442307,-22.414388325398498,5.973039215686272
652,obiwanginobiIi,27.5591023660955,29.009581437995266,0
653,obiwanginobiIi,-3.447158151991861,6.584363967975543,-9.702303921568626
654,obiwanginobiIi,-1.4896335000130063,-1.5680352631715857,0
655,ElatedBroncosFan,-2.6213800037139663,3.6264111416013947,-6.066470588235296
656,lukestip,-3.270766722407,5.513981365474573,-8.509049019607843
657,akondratieff,20.64395544248292,8.089179103542394,12.959235294117647
658,ElatedBroncosFan,87.1825378123696,69.28210378598247,21.364539215686275
659,obiwanginobiIi,30.058463407552363,21.320332998661932,9.804147058823528
660,ngernenz,0,0,0
661,TheJandyStock,16.036274509803924,0,16.036274509803924
662,TheJandyStock,-41.09568469245614,-47.2460767660529,3.788088235294121
663,SFOControl,176.46985419832933,140.5725400230092,42.92594117647059
664,Arvs,-123.27575456765364,-78.91566528277266,-48.30587254901961
665,lukestip,-2.2287408508930238,10.8209435831673,-12.50863725490196
666,Arvs,42.997649887616035,29.82589565053493,14.663049019607847
667,akondratieff,22.284803921568628,0,22.284803921568628
668,ngernenz,-1.6387727316823248,11.054614874802919,-12.140656862745097
669,ngernenz,23.03333333333333,0,23.03333333333333
670,ElatedBroncosFan,34.1476580468175,29.29151827425578,6.3207156862745055
671,ElatedBroncosFan,-6.309313725490196,0,-6.309313725490196
672,ngernenz,22.57794117647059,0,22.57794117647059
673,caskinner,-45.506319445074226,-40.34010921978917,-7.18321568627451
674,jzeigboi,-4.493200517163985,-4.729684754909459,0
675,Arvs,-92.29548436168396,-100.60925082447642,3.2833039215686277
676,ngernenz,-3.6300643117912905,-16.600759131090935,12.140656862745097
677,joeburrowmvp,-1.140196078431372,0,-1.140196078431372
678,jzeigboi,48.43030907515032,36.81325619881664,13.457715686274508
679,ElatedBroncosFan,-12.763979740677172,-7.984395599061628,-5.178803921568626
680,Arvs,-48.43030907515032,-36.81325619881664,-13.457715686274508
681,SFOControl,0,0,0
682,SFOControl,0,0,0
683,joeburrowmvp,5.571568627450981,0,5.571568627450981
684,ElatedBroncosFan,-0.412745098039216,0,-0.412745098039216
685,Gretsch0401,6.44880667914828,4.033160797452265,2.6173039215686282
686,joeburrowmvp,-46.07918573085535,-48.50440603247932,0
687,joeburrowmvp,-29.411156237040387,-25.29602617314881,-5.37993137254902
688,joeburrowmvp,-47.36568627450981,0,-47.36568627450981
689,obiwanginobiIi,5.822408865375872,-2.146628438923231,7.861705882352941
690,obiwanginobiIi,35.00807462737089,32.83239021663396,3.817303921568629
691,obiwanginobiIi,-27.5591023660955,-29.009581437995266,0
692,ElatedBroncosFan,-149.9325939260681,-142.17721961257942,-14.864235294117641
693,ElatedBroncosFan,3.9039215686274513,0,3.9039215686274513
694,ngernenz,-7.872058823529407,0,-7.872058823529407
695,ngernenz,-77.94677310648726,-69.28210378598247,-12.128774509803923
696,akondratieff,-21.08529411764706,0,-21.08529411764706
697,lukestip,30.161352319799203,34.78746064622827,-2.8867352941176474
698,Arvs,-73.00950849780608,-76.85211420821693,0
699,ngernenz,91.57332059641443,97.6385521241927,-1.1833039215686263
700,joeburrowmvp,16.480882352941176,0,16.480882352941176
701,jzeigboi,-3.447158151991861,6.584363967975543,-9.702303921568626
702,ElatedBroncosFan,2.3323529411764703,0,2.3323529411764703
703,SFOControl,0,0,0
704,obiwanginobiIi,0,0,0
705,joeburrowmvp,16.06898955052897,11.251640187347327,5.37993137254902
706,ngernenz,-24.37879481845468,-39.82790579445179,13.457715686274508
707,jzeigboi,2.9222732058613516,12.26355899894591,-8.728107843137254
708,SFOControl,0,0,0
709,Arvs,29.36862745098039,0,29.36862745098039
710,ElatedBroncosFan,-83.64210368903485,-110.5122969688499,21.34457843137255
711,joeburrowmvp,-1.4495098039215693,0,-1.4495098039215693
712,ElatedBroncosFan,-0.9666065854861117,-12.171835621461135,10.59663725490196
713,caskinner,28.431862745098044,0,28.431862745098044
714,ngernenz,4.668627450980389,0,4.668627450980389
715,ngernenz,86.84571272696743,91.4165397125973,0
716,ngernenz,19.803431372549014,0,19.803431372549014
717,obiwanginobiIi,4.422058823529416,0,4.422058823529416
718,TheJandyStock,-85.51446752546687,-33.405125775001245,-53.77959803921569
719,jzeigboi,6.949082649335027,7.314823841405293,0
720,jzeigboi,152.02060967179708,115.28073463904336,42.50391176470588
721,ElatedBroncosFan,56.49910944052749,64.92411932852224,-5.178803921568626
722,lukestip,-19.04076591768098,-19.3777928132452,-0.6318627450980401
723,ngernenz,-52.68140927420128,-55.45411502547503,0
724,Arvs,53.71323529411766,0,53.71323529411766
725,ngernenz,-28.962643078692192,-30.486992714412835,0
726,Arvs,-18.071289819626692,-21.300893308585373,2.164558823529412
727,SFOControl,31.19077070580226,32.83239021663396,0
728,ngernenz,52.68140927420128,55.45411502547503,0
729,caskinner,1.3729387585414372,1.4451986932015046,0
730,obiwanginobiIi,3.6300643117912905,16.600759131090935,-12.140656862745097
731,obiwanginobiIi,-31.19077070580226,-32.83239021663396,0
732,ngernenz,0,0,0
733,ElatedBroncosFan,35.09264705882353,0,35.09264705882353
734,caskinner,-63.99950980392158,0,-63.99950980392158
735,obiwanginobiIi,1.9642156862745095,0,1.9642156862745095
736,obiwanginobiIi,-6.3259803921568665,0,-6.3259803921568665
737,joeburrowmvp,53.194099630675694,61.65687474023654,-5.37993137254902
738,obiwanginobiIi,-49.65321541510141,-55.304942955008705,2.8864803921568623
739,ngernenz,-16.600980392156863,0,-16.600980392156863
740,jzeigboi,-6.041666666666668,0,-6.041666666666668
741,obiwanginobiIi,-5.712781367193783,-0.41125592831543667,-5.3220882352941175
742,Arvs,-52.68140927420128,-55.45411502547503,0
743,obiwanginobiIi,156.04634969003453,124.4486962681478,37.82008823529412
744,lukestip,65.05495882795474,68.47890402942605,0
745,lukestip,-27.32240323523454,-28.56807151696515,-0.18273529411764677
746,ElatedBroncosFan,10.725294368327937,16.741156094627968,-5.178803921568626
747,joeburrowmvp,68.23550047815667,71.82684260858596,0
748,jzeigboi,-105.3026994536261,-62.83483327419879,-45.60960784313726
749,lukestip,131.394316563783,116.87876459758377,20.35949019607843
750,jzeigboi,4.285294117647062,0,4.285294117647062
751,Gretsch0401,53.10581469629274,3.2782156761801673,49.99150980392157
752,Gretsch0401,-27.36518338009806,-33.98460995634677,4.920196078431373
753,lukestip,-4.9985294117647054,0,-4.9985294117647054
754,ElatedBroncosFan,266.8874323563745,269.7911568663592,10.585833333333337
755,ElatedBroncosFan,-5.495254901960788,0,-5.495254901960788
756,ElatedBroncosFan,24.203921568627454,0,24.203921568627454
757,ngernenz,14.111274509803923,0,14.111274509803923
758,Arvs,2.3715686274509835,0,2.3715686274509835
759,Arvs,32.48225440043991,34.19184673730517,0
760,caskinner,-21.060294117647057,0,-21.060294117647057
761,joeburrowmvp,-0.5004901960784318,0,-0.5004901960784318
762,Arvs,53.840847575105265,58.8465681389137,-2.0633921568627454
763,ngernenz,106.58844212753738,112.19836013424988,0
764,Arvs,-91.02620535078478,-90.86298189659492,-4.7063725490196084
765,jzeigboi,18.968256318499733,17.794593854354723,2.0633921568627454
766,ElatedBroncosFan,-8.90952841716696,-3.675468509298554,-5.417833333333334
767,jzeigboi,-19.30057120263988,-20.508743680797398,0.18273529411764677
768,jzeigboi,-10.088725490196072,0,-10.088725490196072
769,obiwanginobiIi,-44.12641104732158,-40.063095220090844,-6.066470588235296
770,joeburrowmvp,-24.323444035104018,-25.6036253001095,0
771,obiwanginobiIi,71.88446918491863,69.28210378598247,6.066470588235296
772,caskinner,0.6755220023448114,0.7110757919419068,0
773,Gretsch0401,15.32892156862745,0,15.32892156862745
774,ElatedBroncosFan,-8.566176470588232,0,-8.566176470588232
775,ElatedBroncosFan,-14.650980392156871,0,-14.650980392156871
776,ngernenz,15.547549019607846,0,15.547549019607846
777,akondratieff,57.369747558182794,55.25485295082194,4.877637254901959
778,akondratieff,13.082352941176472,0,13.082352941176472
779,ElatedBroncosFan,25.26149474704421,20.205288588219922,6.066470588235296
780,Arvs,-8,0,-8
781,obiwanginobiIi,0.575912064823906,3.2280085718476608,-2.4906960784313714
782,obiwanginobiIi,-27.758058137597043,-29.219008565891627,0
783,ngernenz,14.245588235294116,0,14.245588235294116
784,joeburrowmvp,-39.44439024413985,-47.30488962747437,5.495254901960788
785,jzeigboi,4.0249999999999995,0,4.0249999999999995
786,ngernenz,52.5195191195781,55.283704336398,0
787,Arvs,8.610294117647058,0,8.610294117647058
788,jzeigboi,-4.417365264079173,-4.649858172714918,0
789,Arvs,-13.268848314969592,-13.967208752599571,0
790,ngernenz,12.852754508879238,13.529215272504462,0
791,jzeigboi,17.686213579048765,18.61706692531449,0
792,jzeigboi,-27.835043064756192,-29.30004533132231,0
793,jzeigboi,27.835043064756192,29.30004533132231,0
794,jzeigboi,82.60525586771608,86.95290091338535,0
795,Arvs,-53.840847575105265,-58.8465681389137,2.0633921568627454
796,Arvs,-125.23884156561525,-110.74664437247426,-20.029529411764706
797,obiwanginobiIi,146.177915767651,75.12684631888959,74.80741176470589
798,obiwanginobiIi,11.046472639840204,11.6278659366739,0
799,obiwanginobiIi,-157.2243884074912,-86.75471225556349,-74.80741176470589
800,obiwanginobiIi,152.72234681450988,82.01572110505681,74.80741176470589
801,SFOControl,-15.298068627450979,0,-15.298068627450979
802,jzeigboi,5.8495225321352,3.5356067933724518,2.4906960784313714
803,Arvs,114.59755821605644,99.54529347820184,20.029529411764706
804,lukestip,5.119931118872373,5.389401177760405,0
805,ngernenz,14.268627450980395,0,14.268627450980395
806,jzeigboi,5.756372549019604,0,5.756372549019604
807,akondratieff,-107.53419904252411,-113.19389372897275,0
808,jzeigboi,39.35689947027971,55.45411502547503,-13.324509803921572
809,jzeigboi,-3.30735294117647,0,-3.30735294117647
810,lukestip,17.0425068312256,17.74712793379785,0.18273529411764677
811,akondratieff,33.827722498484334,35.608128945772975,0
812,akondratieff,1.0469707902558074,5.963271626481861,-4.61813725490196
813,akondratieff,-6.299776098733936,-6.6313432618251955,0
814,ngernenz,32.93587724881209,15.900665421866186,17.830245098039217
815,jzeigboi,-46.62297443787442,-49.07681519776255,0
816,jzeigboi,27.769337782415953,29.42323481740379,-0.18273529411764677
817,Arvs,3.9141759527488045,4.517563954389865,-0.3775098039215674
818,Arvs,-55.09174101765049,-57.99130633436894,0
819,obiwanginobiIi,113.17206742505662,98.04477685609676,20.029529411764706
820,ngernenz,36.80046090622217,41.77572768250424,-2.8864803921568623
821,akondratieff,-7.684720148365273,-8.089179103542394,0
822,ElatedBroncosFan,27.17843137254902,0,27.17843137254902
823,jzeigboi,-94.76407939712784,-86.95290091338535,-12.158823529411762
824,jzeigboi,33.41874601896262,35.177627388381715,0
825,caskinner,120.97759139310608,127.34483304537481,0
826,Gretsch0401,145.78064466211407,107.61518839562059,43.546215686274515
827,ngernenz,-62.81218046272156,-66.11808469760163,0
828,caskinner,18.298039215686273,0,18.298039215686273
829,joeburrowmvp,-47.52755836338451,-50.02900880356264,0
830,joeburrowmvp,11.890799626407857,12.51663118569248,0
831,SFOControl,-78.01141016681737,-87.82025631594809,5.417833333333334
832,SFOControl,53.840847575105265,58.8465681389137,-2.0633921568627454
833,Arvs,14.053517362857832,16.657964613121763,-1.7715490196078427
834,caskinner,13.039215686274513,0,13.039215686274513
835,caskinner,-15.471078431372545,0,-15.471078431372545
836,caskinner,-17.819536480164707,-18.757406821226,0
837,Arvs,0,0,0
838,Arvs,-46.3665611158027,-48.80690643768706,0
839,jzeigboi,46.62297443787442,49.07681519776255,0
840,jzeigboi,20.511274509803922,0,20.511274509803922
841,ngernenz,31.164612383450695,32.804855140474416,0
842,ngernenz,-34.97259338887581,-36.81325619881664,0
843,Arvs,-110.30991346312975,-116.11569838224185,0
844,ngernenz,110.48568116531342,114.4586117529615,1.75
845,ngernenz,34.403845063792836,36.214573751360874,0
846,obiwanginobiIi,-99.10997882051721,-110.74664437247426,6.099333333333333
847,ngernenz,0.2852941176470587,0,0.2852941176470587
848,lukestip,55.670588235294126,0,55.670588235294126
849,lukestip,11.274019607843133,0,11.274019607843133
850,lukestip,-7.925490196078428,0,-7.925490196078428
851,lukestip,-55.70251687498592,-58.63422828945886,0
852,Arvs,141.9542338210806,117.16383745872263,30.64858823529412
853,Gretsch0401,-120.38898366346746,-89.1791572102547,-35.668784313725496
854,akondratieff,-5.6877645218051995,-0.8079667824987666,-4.920196078431373
855,ngernenz,-36.96966639549356,-55.304942955008705,15.570029411764708
856,ngernenz,-14.65294117647059,0,-14.65294117647059
857,joeburrowmvp,2.2789205563495774,2.3988637435258706,0
858,ngernenz,4.8352941176470585,0,4.8352941176470585
859,Arvs,96.26853960442945,101.33530484676784,0
860,Arvs,0,0,0
861,ElatedBroncosFan,7.6666666666666625,0,7.6666666666666625
862,joeburrowmvp,-11.890799626407857,-12.51663118569248,0
863,jzeigboi,-23.78929381535601,-19.12536603886804,-5.620196078431373
864,SFOControl,0,0,0
865,SFOControl,0,0,0
866,SFOControl,0,0,0
867,obiwanginobiIi,-9.566905644970754,-6.362594177368597,-3.522441176470588
868,caskinner,9.655263710227175,10.16343548444965,0
869,Arvs,-9.909803921568628,0,-9.909803921568628
870,Arvs,0,0,0
871,ngernenz,12.675980392156864,0,12.675980392156864
872,joeburrowmvp,-3.960784313725487,0,-3.960784313725487
873,joeburrowmvp,-11.274019607843133,0,-11.274019607843133
874,joeburrowmvp,-0.4726386873105426,-0.4975144076953075,0
875,obiwanginobiIi,-4.7242485346961836,-4.972893194417036,0
876,Arvs,45.773815072199554,48.18296323389427,0
877,Arvs,-96.26853960442945,-101.33530484676784,0
878,SFOControl,0,0,0
879,Arvs,32.14474707185142,38.64697834188694,-4.5698823529411765
880,ElatedBroncosFan,73.0606594639892,76.90595733051495,0
881,Arvs,118.69127257715431,124.93818166016244,0
882,jzeigboi,-45.57518183355438,-47.97387561426777,0
883,Arvs,-52.53969580725827,-55.304942955008705,0
884,Gretsch0401,-11.95824673226381,-8.233912968946424,-4.1360294117647065
885,ElatedBroncosFan,12.066774140558625,12.7018675163775,0
886,Gretsch0401,-0.7326372549019595,0,-0.7326372549019595
887,ngernenz,12.428181220259432,-13.6194583646392,25.366666666666667
888,ElatedBroncosFan,-119.01662334779681,-98.57890176961068,-25.366666666666667
889,Arvs,12.511288295215373,15.306619258121444,-2.0300000000000002
890,joeburrowmvp,12.714914678569794,18.964822468669958,-5.301666666666665
891,ElatedBroncosFan,12.066774140558625,12.7018675163775,0
892,ElatedBroncosFan,-118.69127257715431,-124.93818166016244,0
893,caskinner,-9.80833333333333,0,-9.80833333333333
894,joeburrowmvp,-17.319938371249773,-18.23151407499976,0
895,joeburrowmvp,20.60042625269132,23.559396055464546,-1.7809999999999988
896,akondratieff,-2.0752637726638934,-2.184488181751467,0
897,akondratieff,-11.991027097162291,-12.622133786486623,0
898,akondratieff,-55.155826290323404,-58.0587645161299,0
899,akondratieff,4.249999999999998,0,4.249999999999998
900,lukestip,53.04682107021408,57.97560112654114,-2.0300000000000002
901,ngernenz,-56.51165161709551,-59.485949070626845,0
902,jzeigboi,1.2495162768490538,1.3152802914200556,0
903,Gretsch0401,6.80833333333333,0,6.80833333333333
904,jzeigboi,-46.535197880168404,-50.9063486457913,1.8258333333333336
905,lukestip,24.04856088782937,25.31427461876776,0
906,jzeigboi,1.8118361284195075,1.9071959246521146,0
907,ngernenz,2.16541660326671,2.2793858981754855,0
908,ngernenz,13.133241662991288,13.824464908411883,0
909,ngernenz,28.889481159868424,0.24857665951061847,28.653333333333336
910,jzeigboi,50.70104784832523,53.36952405086866,0
911,jzeigboi,58.13065696028029,61.19016522134768,0
912,caskinner,-5.271592936686005,-5.549045196511585,0
913,joeburrowmvp,-6.967171031637847,-7.333864243829311,0
914,obiwanginobiIi,-105.14292564269414,-110.67676383441488,0
915,ngernenz,28.298681865860146,29.78808617458963,0
916,jzeigboi,-4.100498899241707,-4.316314630780745,0
917,jzeigboi,-5.512362525116665,-5.802486868543858,0
918,ngernenz,77.19044901674026,81.25310422814765,0
919,ngernenz,82.30823561401851,86.64024801475634,0
920,joeburrowmvp,-101.11118351592178,-121.43282475360188,14.25
921,caskinner,6.25,0,6.25
922,jzeigboi,-50.890979174719696,-53.56945176286284,0
923,obiwanginobiIi,-3.75,0,-3.75
924,obiwanginobiIi,56.63099905835942,59.61157795616782,0
925,TheJandyStock,12.852754508879238,13.529215272504462,0
926,joeburrowmvp,82.60525586771608,86.95290091338535,0
927,jzeigboi,64.18609759596741,67.56431325891306,0
928,Arvs,-34.396894562437836,-36.20725743414509,0
929,Arvs,-125.52211231401236,-132.12853927790775,0
930,joeburrowmvp,-7.754753214440882,-8.162898120464092,0
931,obiwanginobiIi,3.083333333333334,0,3.083333333333334
932,jzeigboi,1.311600682185869,1.3806322970377565,0
933,ElatedBroncosFan,-5.8583333333333325,0,-5.8583333333333325
934,Arvs,34.396894562437836,36.20725743414509,0
935,caskinner,-0.261996219806349,-8.845960933129492,8.141666666666667
936,ngernenz,-1.655011058113983,-1.7421169032778767,0
937,ngernenz,-8,0,-8
938,ngernenz,-199.1298908653998,-207.2077798583156,-2.2825000000000006
939,ngernenz,33.05294790190326,34.79257673884554,0
940,ngernenz,10.748095554485957,11.313784794195744,0
941,ngernenz,17.5719146775676,18.496752292176424,0
942,ngernenz,-73.3883270970686,-77.25087062849326,0
943,ngernenz,-27.328598047917733,-28.766945313597617,0
944,lukestip,-39.93099911997098,-42.03263065260103,0
945,Arvs,125.52211231401236,132.12853927790775,0
946,caskinner,8.403662886473017,8.845960933129492,0
947,caskinner,77.95167099787244,82.05439052407625,0
948,lukestip,0,0,0
949,lukestip,0,0,0
950,obiwanginobiIi,-10.256851710844087,-10.79668601141483,0
951,lukestip,-102.61355352407115,-108.01426686744333,0
952,lukestip,0,0,0
953,joeburrowmvp,0,0,0
954,Gretsch0401,0,0,0
955,Gretsch0401,-23.0549146722158,-24.268331233911372,0
956,akondratieff,-5.665108045157767,-5.963271626481861,0
957,akondratieff,0,0,0
958,joeburrowmvp,-57.10430034520436,-60.10978983705722,0
959,ElatedBroncosFan,55.02609768431294,57.922208088750466,0
960,Arvs,-118.69127257715431,-124.93818166016244,0
961,Arvs,-37.280362094096134,-39.24248641483804,0
962,obiwanginobiIi,8.488264278681413,8.935015030190963,0
963,ngernenz,-33.354546194037304,-35.110048625302426,0
964,jzeigboi,-15.80833333333333,0,-15.80833333333333
965,jzeigboi,0,0,0
966,jzeigboi,-7.848949859904085,-8.262052484109564,0
967,ngernenz,-31.164612383450695,-32.804855140474416,0
968,ngernenz,-81.83276994303718,-86.13975783477598,0
969,ElatedBroncosFan,-18.917859883972742,-19.913536719971308,0
970,ElatedBroncosFan,-24.04856088782937,-25.31427461876776,0
971,ElatedBroncosFan,-50.43717975586538,-53.091768164068824,0
972,obiwanginobiIi,-4.425828874051016,-4.658767235843174,0
973,caskinner,18.62935960743515,19.60985221835279,0
974,caskinner,-14.25,0,-14.25
975,caskinner,-86.24149233992961,-90.78051825255748,0
976,caskinner,9.80833333333333,0,9.80833333333333
977,joeburrowmvp,102.50842900704254,107.90360948109742,0
978,joeburrowmvp,-111.38563266768061,-117.24803438703223,0
979,joeburrowmvp,0,0,0
980,joeburrowmvp,45.773815072199554,48.18296323389427,0
981,joeburrowmvp,93.20866337156745,98.1143824963868,0
982,caskinner,-63.7263980182516,-67.08041896658064,0
983,caskinner,-37.8979370656522,-44.63116182349354,4.501666666666665
984,caskinner,-63.068631337488924,-66.38803298683045,0
985,ElatedBroncosFan,-12.066774140558625,-12.7018675163775,0
986,TheJandyStock,-50.80977736280215,-53.483976171370685,0
987,TheJandyStock,-18.62935960743515,-19.60985221835279,0
988,TheJandyStock,0,0,0
989,obiwanginobiIi,-8.22455102106524,-8.657422127437096,0
990,joeburrowmvp,83.99878235007358,81.25310422814765,6.80833333333333
991,joeburrowmvp,0,0,0
992,Arvs,119.3550846152012,125.63693117389602,0
993,obiwanginobiIi,0,0,0
994,jzeigboi,-5.238282297200843,-5.513981365474573,0
995,jzeigboi,-8.030566017768749,-8.453227387124999,0
996,obiwanginobiIi,-11.046472639840204,-11.6278659366739,0
997,akondratieff,-4.31936436335096,-4.546699329843117,0
998,jzeigboi,-7.1062274406469,-7.480239411207263,0
999,jzeigboi,-28.45387670094978,-29.95144915889451,0
1000,ngernenz,-103.2056821204074,-110.5122969688499,1.7809999999999988
1001,ngernenz,-108.73568116531342,-114.4586117529615,0
1002,TheJandyStock,-44.88377292775026,-47.2460767660529,0
1003,ngernenz,-86.92336418337094,-91.49827808775888,0
1004,ngernenz,0,0,0
1005,TheJandyStock,0,0,0
1006,Arvs,-58.285103367414926,-63.489582492015714,2.0300000000000002
1007,Arvs,-144.2506646757902,-121.6814014131125,-28.653333333333336
1008,obiwanginobiIi,118.34715406160593,124.57595164379572,0
1009,ElatedBroncosFan,118.69127257715431,124.93818166016244,0
1010,ElatedBroncosFan,-11.046472639840204,-11.6278659366739,0
1011,obiwanginobiIi,24.693708646740408,30.73197401411271,-4.501666666666665
1012,ElatedBroncosFan,-12.066774140558625,-12.7018675163775,0
1013,jzeigboi,-45.394477207109745,-47.783660218010255,0
1014,jzeigboi,-8.475,0,-8.475
1015,SFOControl,0,0,0
1016,joeburrowmvp,-8.06888270340548,-1.3268940737601576,-6.80833333333333
1017,caskinner,35.2577662840618,37.11343819374929,0
1018,jzeigboi,-24.998531456925562,-26.314243638869016,0
1019,ngernenz,-4.249999999999998,0,-4.249999999999998
1020,SFOControl,-168.80167930592054,-177.68597821675849,0
1021,SFOControl,0,0,0
1022,SFOControl,-50.05099019914037,-52.685252841200395,0
1023,SFOControl,-1.415526381695004,-1.4900277702052676,0
1024,SFOControl,-31.19077070580226,-32.83239021663396,0
1025,Arvs,81.83276994303718,86.13975783477598,0
1026,jzeigboi,45.773815072199554,48.18296323389427,0
1027,ElatedBroncosFan,-1.0995363697464278,-1.1574067049962373,0
1028,ElatedBroncosFan,11.046472639840204,11.6278659366739,0
1029,ElatedBroncosFan,-6.80833333333333,0,-6.80833333333333
1030,akondratieff,119.52741499505936,124.68184034567652,1.079666666666668
1031,TheJandyStock,0,0,0
1032,lukestip,-41.68574375997978,-43.87973027366293,0
1033,lukestip,70.44728246533798,74.15503417403998,0
1034,ngernenz,66.3651774138786,69.85808148829327,0
1035,ngernenz,13.204228418911793,13.899187809380836,0
1036,Arvs,-50.95563795032227,-53.63751363191818,0
1037,obiwanginobiIi,11.046472639840204,11.6278659366739,0
1038,lukestip,46.09809433471712,48.52430982601801,0
1039,joeburrowmvp,-5.876703299890181,0.23434740362436912,-6.099333333333333
1040,ngernenz,13.362902366617305,14.0662130174919,0
1041,ngernenz,0.4416666666666682,0,0.4416666666666682
