roster_id,value_over_expected,total_realized_value,total_future_value,avenue
2,334.53100796284156,210.97732352941176,724.4594936969117,rookie draft 2024
10,312.7817666880191,285.54885294117645,804.2182550991661,rookie draft 2024
7,170.5049159044901,209.34020588235293,579.8070139475657,rookie draft 2024
3,49.342870264791785,195.45641176470585,571.3184985217339,rookie draft 2024
5,-46.38127391813168,159.96744117647063,412.7175719721631,rookie draft 2024
9,-90.72635400769735,115.75142156862746,615.2928541019023,rookie draft 2024
11,-121.43418100572171,66.18019607843138,269.52700322315513,rookie draft 2024
1,-244.36267560005408,256.3138529411765,736.9853360471583,rookie draft 2024
8,-265.1034503428451,40.898215686274526,353.6824139554127,rookie draft 2024
12,-325.64788957725966,0,179.91654066155974,rookie draft 2024
4,-382.0962411803645,0,89.74368403561115,rookie draft 2024
6,-420.2468323264181,-38.70545098039215,157.85390269167712,rookie draft 2024
2,395.52427032145755,65.68495098039216,627.839543267206,rookie draft 2025
12,327.2735903246605,73.78031372549017,959.8122723201413,rookie draft 2025
6,93.99177395898572,-7.317578431372549,497.70083265517826,rookie draft 2025
10,-6.990447389201265,36.649852941176476,328.19242332674156,rookie draft 2025
1,-32.76857087307192,145.3394117647059,1007.2128912349901,rookie draft 2025
9,-135.4026671014321,32.689019607843136,744.9429686236297,rookie draft 2025
8,-138.5779064026208,101.18320588235295,806.8792595955657,rookie draft 2025
7,-161.72306994857414,0,148.81940750251601,rookie draft 2025
4,-179.09172182263015,48.450401960784305,404.91267098216895,rookie draft 2025
5,-314.5953588876116,22.596509803921577,526.5464814711179,rookie draft 2025
11,-364.40161149765163,-28.395029411764703,416.04657604550704,rookie draft 2025
3,-447.2314242232269,-11.942450980392156,171.72782655297107,rookie draft 2025
2,-55.89865437289595,0,203.80241480693994,NA
4,-191.70962092033815,0,184.15157450184194,NA
9,-197.65941182619727,0,350.29118028196075,NA
1,-219.6562253254757,0,436.2298437416738,NA
10,-221.32694071931957,0,389.7771118704921,NA
6,-257.3545563236859,0,194.73590104811856,NA
7,-277.3875073064346,0,355.9370520894885,NA
5,-285.723541928283,0,48.089337816993194,NA
3,-291.01739962535567,0,590.9562796716384,NA
11,-364.89928488353615,2.703333333333333,1019.4529325777612,NA
12,-512.4745885882653,0,136.34249547210146,NA
8,-580.3895711534676,-3.1416666666666666,612.6067999557049,NA
4,1690.2092629156414,1787.8153137254901,3237.437845320471,initial draft
7,596.2617843701146,1196.4587450980391,2212.935893105158,initial draft
6,379.9142473326647,1316.809411764706,2286.449464782456,initial draft
12,348.06778199886367,1519.9751078431373,2075.840858766818,initial draft
1,-56.35948908409955,1192.5874705882354,1620.1599156765749,initial draft
2,-72.20742750663248,1095.0381960784314,2009.0487228576758,initial draft
9,-91.98893645320459,1339.8868137254904,1492.255797607016,initial draft
5,-375.77964643376345,1064.1923725490196,1686.4445446605803,initial draft
11,-442.13913765956704,726.6821470588235,2134.7772947515277,initial draft
10,-628.405115518939,1010.5918039215688,1331.3193650953892,initial draft
8,-657.2099328753034,776.4199901960785,1647.2577500214202,initial draft
3,-690.363391085777,796.2306960784314,1542.17320275655,initial draft
7,1302.0360268056934,492.0264215686274,958.5468994389405,trade
4,742.6309175488493,263.03303921568613,427.3304823111156,trade
5,587.2731072663047,-240.81469607843138,908.1487231285154,trade
6,471.7100898551091,236.25740196078434,44.42770344273889,trade
12,94.44484466594338,-0.8084019607843089,100.26657539655548,trade
11,-48.03145743298671,71.79539215686273,-133.99455027077187,trade
8,-104.69928595476033,25.526039215686282,-94.92921476211824,trade
10,-335.4628997966785,-47.736656862745065,-302.8697294041405,trade
1,-571.6747648286729,-328.6230686274508,-490.13224633387415,trade
9,-722.5275638327823,-574.8441862745099,130.12649084614816,trade
2,-1328.5694013483774,104.18871568627449,-1546.921133793109,trade
4,1004.2889412326194,401.52287254901967,634.490598614316,transaction
3,598.1141163425382,242.30382352941172,374.5371503296072,transaction
1,548.2739443744505,73.51549019607843,499.7457412403918,transaction
8,469.4180829916701,152.28953921568635,333.81951976419356,transaction
6,210.51584250324714,-0.28585294117647386,221.89652152044567,transaction
10,183.29250591718713,198.52832352941175,-16.037702749710096,transaction
7,141.3811013459288,31.29232352941184,115.8829240173865,transaction
5,94.87112281945541,281.2121176470588,-196.14841560800318,transaction
12,-136.25869031594243,106.95200000000003,-256.01125296415,transaction
11,-344.2116700130731,125.98062745098038,-494.9392604884773,transaction
9,-463.6869741642539,117.66005882352943,-611.944245250298,transaction
2,-994.3487920310712,-85.87013725490195,-956.2933208170202,transaction
