season,round,exp_total_value,pick_slot
2024,1,576.2221300256697,7
2024,1,512.9718197393673,1
2024,1,470.1806826529736,9
2024,1,432.5814259335259,10
2024,1,398.04421846507387,3
2024,1,370.70672849556695,8
2024,1,348.91946002866837,5
2024,1,325.81393453815923,2
2024,1,308.25312079879484,6
2024,1,289.45017894775276,12
2024,1,273.651831471527,4
2024,1,256.5693856848303,11
2024,2,239.4527687828858,7
2024,2,227.83539755305108,1
2024,2,214.16494275140104,9
2024,2,206.33839550330495,10
2024,2,197.82011140492637,3
2024,2,183.55729583290477,8
2024,2,166.4852352164026,5
2024,2,162.21579602496806,2
2024,2,151.05277577127302,6
2024,2,141.14550071495916,12
2024,2,133.5883014495002,4
2024,2,126.82579320184482,11
2024,3,122.36378689211335,7
2024,3,111.61864802099385,1
2024,3,106.66036156875737,9
2024,3,97.85460716053404,10
2024,3,93.00178522556102,3
2024,3,87.73593495828995,8
2024,3,83.02571322308629,5
2024,3,76.65310401550906,2
2024,3,72.19669233305129,6
2024,3,65.97292354302945,12
2024,3,60.11260809316788,4
2024,3,60.26985125947527,11
2025,1,576.2221300256697,9
2025,1,512.9718197393673,11
2025,1,470.1806826529736,8
2025,1,432.5814259335259,6
2025,1,398.04421846507387,1
2025,1,370.70672849556695,7
2025,1,348.91946002866837,3
2025,1,325.81393453815923,5
2025,1,308.25312079879484,12
2025,1,289.45017894775276,10
2025,1,273.651831471527,4
2025,1,256.5693856848303,2
2025,2,239.4527687828858,9
2025,2,227.83539755305108,11
2025,2,214.16494275140104,8
2025,2,206.33839550330495,6
2025,2,197.82011140492637,1
2025,2,183.55729583290477,7
2025,2,166.4852352164026,3
2025,2,162.21579602496806,5
2025,2,151.05277577127302,12
2025,2,141.14550071495916,10
2025,2,133.5883014495002,4
2025,2,126.82579320184482,2
2025,3,122.36378689211335,9
2025,3,111.61864802099385,11
2025,3,106.66036156875737,8
2025,3,97.85460716053404,6
2025,3,93.00178522556102,1
2025,3,87.73593495828995,7
2025,3,83.02571322308629,3
2025,3,76.65310401550906,5
2025,3,72.19669233305129,12
2025,3,65.97292354302945,10
2025,3,60.11260809316788,4
2025,3,60.26985125947527,2
2026,1,576.2221300256697,11
2026,1,512.9718197393673,3
2026,1,470.1806826529736,8
2026,1,432.5814259335259,9
2026,1,398.04421846507387,5
2026,1,370.70672849556695,12
2026,1,348.91946002866837,2
2026,1,325.81393453815923,6
2026,1,308.25312079879484,10
2026,1,289.45017894775276,1
2026,1,273.651831471527,4
2026,1,256.5693856848303,7
2026,2,239.4527687828858,11
2026,2,227.83539755305108,3
2026,2,214.16494275140104,8
2026,2,206.33839550330495,9
2026,2,197.82011140492637,5
2026,2,183.55729583290477,12
2026,2,166.4852352164026,2
2026,2,162.21579602496806,6
2026,2,151.05277577127302,10
2026,2,141.14550071495916,1
2026,2,133.5883014495002,4
2026,2,126.82579320184482,7
2026,3,122.36378689211335,11
2026,3,111.61864802099385,3
2026,3,106.66036156875737,8
2026,3,97.85460716053404,9
2026,3,93.00178522556102,5
2026,3,87.73593495828995,12
2026,3,83.02571322308629,2
2026,3,76.65310401550906,6
2026,3,72.19669233305129,10
2026,3,65.97292354302945,1
2026,3,60.11260809316788,4
2026,3,60.26985125947527,7
2027,1,431.5422032474712,2
2027,1,320.7567265755658,3
2027,1,384.73405260726685,9
2027,1,483.6490759597267,5
2027,1,405.4929509276571,11
2027,1,337.9237036080314,1
2027,1,355.02780054950307,6
2027,1,368.318754035923,12
2027,1,299.2974266099785,7
2027,1,289.5989148634333,4
2027,1,443.0464737630008,10
2027,1,443.9768340343518,8
2027,2,146.40996740372336,7
2027,2,199.66490828429528,2
2027,2,156.2184204114272,3
2027,2,141.89938253526051,4
2027,2,215.69995549276607,5
2027,2,182.85060040072008,9
2027,2,203.65606908125153,8
2027,2,170.72262515567567,6
2027,2,163.57369894045286,1
2027,2,203.5929207282026,10
2027,2,190.05116599813033,11
2027,2,176.14259977551652,12
2027,3,97.23303292390052,2
2027,3,74.27226084279384,3
2027,3,66.7748010751299,4
2027,3,106.69169554309691,5
2027,3,81.78344114404058,6
2027,3,69.01582596424608,7
2027,3,88.14912294530757,9
2027,3,78.03946484167358,1
2027,3,99.51710044364745,8
2027,3,99.45057746805357,10
2027,3,91.98605841622859,11
2027,3,84.55263468545023,12
2028,1,359.3835710714054,3
2028,1,313.326565666494,4
2028,1,355.27603380248905,7
2028,1,376.4567212649697,6
2028,1,411.08340442582534,9
2028,1,386.6028669475196,5
2028,1,430.38322572108564,2
2028,1,383.3046093027822,8
2028,1,329.11895238394,1
2028,1,427.85159399127554,10
2028,1,382.6937398287715,11
2028,1,407.8836323753516,12
2028,2,158.96804552120128,1
2028,2,197.54105963971918,2
2028,2,171.676725076483,3
2028,2,152.21641685817383,4
2028,2,181.69293295746152,5
2028,2,169.99301306762675,7
2028,2,178.69962871808852,6
2028,2,191.49344017800053,9
2028,2,189.88230926641617,12
2028,2,196.81288949096304,10
2028,2,180.62902791616938,11
2028,2,180.87682551711865,8
2028,3,75.68590421231141,1
2028,3,96.53737984872956,2
2028,3,82.31317415563797,3
2028,3,72.12113099104377,4
2028,3,87.82691632472601,5
2028,3,81.44191431070487,7
2028,3,85.92889318652445,6
2028,3,92.12470310830776,12
2028,3,92.9234510725647,9
2028,3,96.10272764021569,10
2028,3,87.1780940835634,11
2028,3,87.28172735923921,8
2029,1,449.16554043686847,2
2029,1,369.62571615060244,3
2029,1,330.7880058648265,4
2029,1,355.3273607727439,5
2029,1,356.07557402675354,6
2029,1,354.1525671753861,7
2029,1,351.59908008072506,1
2029,1,396.5991171154931,8
2029,1,411.55962997177244,9
2029,1,417.2085678903014,10
2029,1,379.88571962287654,11
2029,1,391.37803767356024,12
2029,2,168.05125843351559,1
2029,2,203.83971297295483,2
2029,2,175.61253490310358,3
2029,2,159.73676424160737,4
2029,2,169.7272059423572,5
2029,2,170.38009195489423,6
2029,2,169.4579309886048,7
2029,2,185.92154807498787,8
2029,2,191.4490504962517,9
2029,2,193.0388589181448,10
2029,2,179.61946349006467,11
2029,2,183.6478937909352,12
2029,3,89.9496791304715,8
2029,3,100.1052715529467,2
2029,3,84.41885858573023,3
2029,3,80.50144779691504,1
2029,3,81.38860862965835,5
2029,3,76.06631049426348,4
2029,3,81.14222968790241,7
2029,3,81.61490722347946,6
2029,3,92.95211984560117,9
2029,3,93.9009331083306,10
2029,3,86.58769710324512,11
2029,3,88.83795313502473,12
2030,1,NA,1
2030,1,NA,2
2030,1,NA,3
2030,1,NA,4
2030,1,NA,5
2030,1,NA,6
2030,1,NA,7
2030,1,NA,8
2030,1,NA,9
2030,1,NA,10
2030,1,NA,11
2030,1,NA,12
2030,2,NA,1
2030,2,NA,2
2030,2,NA,3
2030,2,NA,4
2030,2,NA,5
2030,2,NA,6
2030,2,NA,7
2030,2,NA,8
2030,2,NA,9
2030,2,NA,10
2030,2,NA,11
2030,2,NA,12
2030,3,NA,1
2030,3,NA,2
2030,3,NA,3
2030,3,NA,4
2030,3,NA,5
2030,3,NA,6
2030,3,NA,7
2030,3,NA,8
2030,3,NA,9
2030,3,NA,10
2030,3,NA,11
2030,3,NA,12
