season,roster_id,result,perc,type
2026,1,1,0.1198,rank
2026,1,2,0.127,rank
2026,1,3,0.1356,rank
2026,1,4,0.1292,rank
2026,1,5,0.1462,rank
2026,1,6,0.1234,rank
2026,1,7,0.0794,rank
2026,1,8,0.0576,rank
2026,1,9,0.0406,rank
2026,1,10,0.0224,rank
2026,1,11,0.0136,rank
2026,1,12,0.0052,rank
2026,2,1,0.0242,rank
2026,2,2,0.0342,rank
2026,2,3,0.038,rank
2026,2,4,0.0452,rank
2026,2,5,0.0886,rank
2026,2,6,0.0996,rank
2026,2,7,0.1326,rank
2026,2,8,0.1306,rank
2026,2,9,0.1258,rank
2026,2,10,0.1308,rank
2026,2,11,0.0996,rank
2026,2,12,0.0508,rank
2026,3,1,0.146,rank
2026,3,2,0.1808,rank
2026,3,3,0.1696,rank
2026,3,4,0.1782,rank
2026,3,5,0.1318,rank
2026,3,6,0.1092,rank
2026,3,7,0.036,rank
2026,3,8,0.0262,rank
2026,3,9,0.0114,rank
2026,3,10,0.0072,rank
2026,3,11,0.003,rank
2026,3,12,6e-4,rank
2026,4,1,0.302,rank
2026,4,2,0.21560000000000001,rank
2026,4,3,0.213,rank
2026,4,4,0.142,rank
2026,4,5,0.0652,rank
2026,4,6,0.0448,rank
2026,4,7,0.009,rank
2026,4,8,0.0056,rank
2026,4,9,0.0018,rank
2026,4,10,8e-4,rank
2026,4,11,2e-4,rank
2026,5,1,0.0014,rank
2026,5,2,0.0028,rank
2026,5,3,0.0028,rank
2026,5,4,0.0068,rank
2026,5,5,0.0114,rank
2026,5,6,0.0202,rank
2026,5,7,0.0366,rank
2026,5,8,0.051,rank
2026,5,9,0.0836,rank
2026,5,10,0.1162,rank
2026,5,11,0.1924,rank
2026,5,12,0.4748,rank
2026,6,1,0.0534,rank
2026,6,2,0.0616,rank
2026,6,3,0.0718,rank
2026,6,4,0.0856,rank
2026,6,5,0.1034,rank
2026,6,6,0.1084,rank
2026,6,7,0.1222,rank
2026,6,8,0.1166,rank
2026,6,9,0.0982,rank
2026,6,10,0.082,rank
2026,6,11,0.0644,rank
2026,6,12,0.0324,rank
2026,7,1,0.2312,rank
2026,7,2,0.2006,rank
2026,7,3,0.1772,rank
2026,7,4,0.1614,rank
2026,7,5,0.103,rank
2026,7,6,0.079,rank
2026,7,7,0.0226,rank
2026,7,8,0.0154,rank
2026,7,9,0.0064,rank
2026,7,10,0.0016,rank
2026,7,11,0.001,rank
2026,7,12,6e-4,rank
2026,8,1,0.0196,rank
2026,8,2,0.0246,rank
2026,8,3,0.0292,rank
2026,8,4,0.0434,rank
2026,8,5,0.0636,rank
2026,8,6,0.077,rank
2026,8,7,0.1106,rank
2026,8,8,0.1194,rank
2026,8,9,0.1368,rank
2026,8,10,0.1442,rank
2026,8,11,0.1378,rank
2026,8,12,0.0938,rank
2026,9,1,0.0374,rank
2026,9,2,0.051,rank
2026,9,3,0.0516,rank
2026,9,4,0.07,rank
2026,9,5,0.0974,rank
2026,9,6,0.1108,rank
2026,9,7,0.132,rank
2026,9,8,0.1314,rank
2026,9,9,0.11,rank
2026,9,10,0.096,rank
2026,9,11,0.0744,rank
2026,9,12,0.038,rank
2026,10,1,0.0052,rank
2026,10,2,0.0154,rank
2026,10,3,0.0172,rank
2026,10,4,0.028,rank
2026,10,5,0.0436,rank
2026,10,6,0.0592,rank
2026,10,7,0.0906,rank
2026,10,8,0.1162,rank
2026,10,9,0.1452,rank
2026,10,10,0.1576,rank
2026,10,11,0.186,rank
2026,10,12,0.1358,rank
2026,11,1,0.0188,rank
2026,11,2,0.0272,rank
2026,11,3,0.0292,rank
2026,11,4,0.0374,rank
2026,11,5,0.0496,rank
2026,11,6,0.0562,rank
2026,11,7,0.1054,rank
2026,11,8,0.118,rank
2026,11,9,0.1376,rank
2026,11,10,0.1454,rank
2026,11,11,0.1506,rank
2026,11,12,0.1246,rank
2026,12,1,0.041,rank
2026,12,2,0.0592,rank
2026,12,3,0.0648,rank
2026,12,4,0.0728,rank
2026,12,5,0.0962,rank
2026,12,6,0.1122,rank
2026,12,7,0.123,rank
2026,12,8,0.112,rank
2026,12,9,0.1026,rank
2026,12,10,0.0958,rank
2026,12,11,0.077,rank
2026,12,12,0.0434,rank
2026,1,0,0.7988,bye
2026,1,1,0.2012,bye
2026,2,0,0.9804,bye
2026,2,1,0.0196,bye
2026,3,0,0.5986,bye
2026,3,1,0.4014,bye
2026,4,0,0.3,bye
2026,4,1,0.7,bye
2026,5,0,0.9986,bye
2026,5,1,0.0014,bye
2026,6,0,0.95,bye
2026,6,1,0.05,bye
2026,7,0,0.4718,bye
2026,7,1,0.5282,bye
2026,8,0,0.9892,bye
2026,8,1,0.0108,bye
2026,9,0,0.9672,bye
2026,9,1,0.0328,bye
2026,10,0,0.9934,bye
2026,10,1,0.0066,bye
2026,11,0,0.9914,bye
2026,11,1,0.0086,bye
2026,12,0,0.9606,bye
2026,12,1,0.0394,bye
2027,1,1,0.1444,rank
2027,1,2,0.1472,rank
2027,1,3,0.1494,rank
2027,1,4,0.145,rank
2027,1,5,0.0964,rank
2027,1,6,0.0888,rank
2027,1,7,0.0584,rank
2027,1,8,0.046,rank
2027,1,9,0.0412,rank
2027,1,10,0.0394,rank
2027,1,11,0.0246,rank
2027,1,12,0.0192,rank
2027,2,1,0.0232,rank
2027,2,2,0.0324,rank
2027,2,3,0.0384,rank
2027,2,4,0.055,rank
2027,2,5,0.0566,rank
2027,2,6,0.083,rank
2027,2,7,0.0842,rank
2027,2,8,0.0836,rank
2027,2,9,0.1108,rank
2027,2,10,0.1182,rank
2027,2,11,0.1406,rank
2027,2,12,0.174,rank
2027,3,1,0.1088,rank
2027,3,2,0.1118,rank
2027,3,3,0.1204,rank
2027,3,4,0.1092,rank
2027,3,5,0.0984,rank
2027,3,6,0.0836,rank
2027,3,7,0.0864,rank
2027,3,8,0.078,rank
2027,3,9,0.0618,rank
2027,3,10,0.0584,rank
2027,3,11,0.0468,rank
2027,3,12,0.0364,rank
2027,4,1,0.2222,rank
2027,4,2,0.1618,rank
2027,4,3,0.155,rank
2027,4,4,0.118,rank
2027,4,5,0.0952,rank
2027,4,6,0.0676,rank
2027,4,7,0.049,rank
2027,4,8,0.0414,rank
2027,4,9,0.0356,rank
2027,4,10,0.025,rank
2027,4,11,0.0158,rank
2027,4,12,0.0134,rank
2027,5,1,0.0496,rank
2027,5,2,0.0674,rank
2027,5,3,0.0648,rank
2027,5,4,0.0868,rank
2027,5,5,0.0758,rank
2027,5,6,0.1066,rank
2027,5,7,0.0744,rank
2027,5,8,0.0912,rank
2027,5,9,0.0898,rank
2027,5,10,0.0946,rank
2027,5,11,0.0994,rank
2027,5,12,0.0996,rank
2027,6,1,0.0734,rank
2027,6,2,0.0752,rank
2027,6,3,0.0672,rank
2027,6,4,0.0634,rank
2027,6,5,0.0924,rank
2027,6,6,0.0786,rank
2027,6,7,0.0988,rank
2027,6,8,0.106,rank
2027,6,9,0.092,rank
2027,6,10,0.0888,rank
2027,6,11,0.0916,rank
2027,6,12,0.0726,rank
2027,7,1,0.1408,rank
2027,7,2,0.1204,rank
2027,7,3,0.1146,rank
2027,7,4,0.092,rank
2027,7,5,0.1012,rank
2027,7,6,0.0776,rank
2027,7,7,0.0894,rank
2027,7,8,0.0734,rank
2027,7,9,0.0656,rank
2027,7,10,0.0532,rank
2027,7,11,0.038,rank
2027,7,12,0.0338,rank
2027,8,1,0.057,rank
2027,8,2,0.0622,rank
2027,8,3,0.0678,rank
2027,8,4,0.0848,rank
2027,8,5,0.0804,rank
2027,8,6,0.094,rank
2027,8,7,0.0944,rank
2027,8,8,0.0892,rank
2027,8,9,0.0938,rank
2027,8,10,0.0894,rank
2027,8,11,0.0846,rank
2027,8,12,0.1024,rank
2027,9,1,0.0568,rank
2027,9,2,0.0568,rank
2027,9,3,0.062,rank
2027,9,4,0.0528,rank
2027,9,5,0.0816,rank
2027,9,6,0.0826,rank
2027,9,7,0.099,rank
2027,9,8,0.0998,rank
2027,9,9,0.1088,rank
2027,9,10,0.1056,rank
2027,9,11,0.1044,rank
2027,9,12,0.0898,rank
2027,10,1,0.0242,rank
2027,10,2,0.0436,rank
2027,10,3,0.0414,rank
2027,10,4,0.0622,rank
2027,10,5,0.063,rank
2027,10,6,0.0852,rank
2027,10,7,0.0786,rank
2027,10,8,0.0972,rank
2027,10,9,0.1032,rank
2027,10,10,0.1246,rank
2027,10,11,0.1352,rank
2027,10,12,0.1416,rank
2027,11,1,0.0634,rank
2027,11,2,0.076,rank
2027,11,3,0.0716,rank
2027,11,4,0.0786,rank
2027,11,5,0.0946,rank
2027,11,6,0.0846,rank
2027,11,7,0.0944,rank
2027,11,8,0.093,rank
2027,11,9,0.0874,rank
2027,11,10,0.086,rank
2027,11,11,0.0916,rank
2027,11,12,0.0788,rank
2027,12,1,0.0362,rank
2027,12,2,0.0452,rank
2027,12,3,0.0474,rank
2027,12,4,0.0522,rank
2027,12,5,0.0644,rank
2027,12,6,0.0678,rank
2027,12,7,0.093,rank
2027,12,8,0.1012,rank
2027,12,9,0.11,rank
2027,12,10,0.1168,rank
2027,12,11,0.1274,rank
2027,12,12,0.1384,rank
2027,1,0,0.6154,bye
2027,1,1,0.3846,bye
2027,2,0,0.9372,bye
2027,2,1,0.0628,bye
2027,3,0,0.7716,bye
2027,3,1,0.2284,bye
2027,4,0,0.5642,bye
2027,4,1,0.4358,bye
2027,5,0,0.86240000000000006,bye
2027,5,1,0.1376,bye
2027,6,0,0.8992,bye
2027,6,1,0.1008,bye
2027,7,0,0.7868,bye
2027,7,1,0.2132,bye
2027,8,0,0.8876,bye
2027,8,1,0.1124,bye
2027,9,0,0.9228,bye
2027,9,1,0.0772,bye
2027,10,0,0.9302,bye
2027,10,1,0.0698,bye
2027,11,0,0.8754,bye
2027,11,1,0.1246,bye
2027,12,0,0.9472,bye
2027,12,1,0.0528,bye
2028,1,1,0.0978,rank
2028,1,2,0.109,rank
2028,1,3,0.106,rank
2028,1,4,0.1202,rank
2028,1,5,0.0936,rank
2028,1,6,0.1032,rank
2028,1,7,0.076,rank
2028,1,8,0.0706,rank
2028,1,9,0.0702,rank
2028,1,10,0.0526,rank
2028,1,11,0.0536,rank
2028,1,12,0.0472,rank
2028,2,1,0.0124,rank
2028,2,2,0.0266,rank
2028,2,3,0.028,rank
2028,2,4,0.0448,rank
2028,2,5,0.041,rank
2028,2,6,0.0622,rank
2028,2,7,0.0686,rank
2028,2,8,0.0862,rank
2028,2,9,0.0986,rank
2028,2,10,0.1214,rank
2028,2,11,0.1602,rank
2028,2,12,0.25,rank
2028,3,1,0.1014,rank
2028,3,2,0.1014,rank
2028,3,3,0.0916,rank
2028,3,4,0.0934,rank
2028,3,5,0.0916,rank
2028,3,6,0.0822,rank
2028,3,7,0.0904,rank
2028,3,8,0.0858,rank
2028,3,9,0.087,rank
2028,3,10,0.0706,rank
2028,3,11,0.0586,rank
2028,3,12,0.046,rank
2028,4,1,0.1726,rank
2028,4,2,0.131,rank
2028,4,3,0.133,rank
2028,4,4,0.1036,rank
2028,4,5,0.0964,rank
2028,4,6,0.079,rank
2028,4,7,0.0688,rank
2028,4,8,0.0612,rank
2028,4,9,0.052,rank
2028,4,10,0.042,rank
2028,4,11,0.0332,rank
2028,4,12,0.0272,rank
2028,5,1,0.0948,rank
2028,5,2,0.1162,rank
2028,5,3,0.1012,rank
2028,5,4,0.1136,rank
2028,5,5,0.0914,rank
2028,5,6,0.10780000000000001,rank
2028,5,7,0.0742,rank
2028,5,8,0.0762,rank
2028,5,9,0.0626,rank
2028,5,10,0.0618,rank
2028,5,11,0.0564,rank
2028,5,12,0.0438,rank
2028,6,1,0.0996,rank
2028,6,2,0.0998,rank
2028,6,3,0.0972,rank
2028,6,4,0.1012,rank
2028,6,5,0.0934,rank
2028,6,6,0.092,rank
2028,6,7,0.0852,rank
2028,6,8,0.0832,rank
2028,6,9,0.0754,rank
2028,6,10,0.0704,rank
2028,6,11,0.0588,rank
2028,6,12,0.0438,rank
2028,7,1,0.1472,rank
2028,7,2,0.1092,rank
2028,7,3,0.1212,rank
2028,7,4,0.0894,rank
2028,7,5,0.1052,rank
2028,7,6,0.0808,rank
2028,7,7,0.0788,rank
2028,7,8,0.0764,rank
2028,7,9,0.0626,rank
2028,7,10,0.0566,rank
2028,7,11,0.0482,rank
2028,7,12,0.0244,rank
2028,8,1,0.0582,rank
2028,8,2,0.0578,rank
2028,8,3,0.065,rank
2028,8,4,0.0622,rank
2028,8,5,0.0802,rank
2028,8,6,0.0734,rank
2028,8,7,0.0956,rank
2028,8,8,0.0958,rank
2028,8,9,0.1008,rank
2028,8,10,0.1054,rank
2028,8,11,0.102,rank
2028,8,12,0.1036,rank
2028,9,1,0.053,rank
2028,9,2,0.0582,rank
2028,9,3,0.0592,rank
2028,9,4,0.0556,rank
2028,9,5,0.0742,rank
2028,9,6,0.0702,rank
2028,9,7,0.1022,rank
2028,9,8,0.0962,rank
2028,9,9,0.1066,rank
2028,9,10,0.10780000000000001,rank
2028,9,11,0.115,rank
2028,9,12,0.1018,rank
2028,10,1,0.036,rank
2028,10,2,0.0522,rank
2028,10,3,0.0564,rank
2028,10,4,0.0626,rank
2028,10,5,0.064,rank
2028,10,6,0.0782,rank
2028,10,7,0.0828,rank
2028,10,8,0.0888,rank
2028,10,9,0.0992,rank
2028,10,10,0.1088,rank
2028,10,11,0.1296,rank
2028,10,12,0.1414,rank
2028,11,1,0.073,rank
2028,11,2,0.0802,rank
2028,11,3,0.076,rank
2028,11,4,0.0874,rank
2028,11,5,0.0916,rank
2028,11,6,0.0892,rank
2028,11,7,0.0872,rank
2028,11,8,0.087,rank
2028,11,9,0.0892,rank
2028,11,10,0.0932,rank
2028,11,11,0.079,rank
2028,11,12,0.067,rank
2028,12,1,0.054,rank
2028,12,2,0.0584,rank
2028,12,3,0.0652,rank
2028,12,4,0.066,rank
2028,12,5,0.0774,rank
2028,12,6,0.0818,rank
2028,12,7,0.0902,rank
2028,12,8,0.0926,rank
2028,12,9,0.0958,rank
2028,12,10,0.1094,rank
2028,12,11,0.1054,rank
2028,12,12,0.1038,rank
2028,1,0,0.7346,bye
2028,1,1,0.2654,bye
2028,2,0,0.9532,bye
2028,2,1,0.0468,bye
2028,3,0,0.8036,bye
2028,3,1,0.1964,bye
2028,4,0,0.6734,bye
2028,4,1,0.3266,bye
2028,5,0,0.7578,bye
2028,5,1,0.2422,bye
2028,6,0,0.8116,bye
2028,6,1,0.1884,bye
2028,7,0,0.7754,bye
2028,7,1,0.2246,bye
2028,8,0,0.9162,bye
2028,8,1,0.0838,bye
2028,9,0,0.917,bye
2028,9,1,0.083,bye
2028,10,0,0.9144,bye
2028,10,1,0.0856,bye
2028,11,0,0.8548,bye
2028,11,1,0.1452,bye
2028,12,0,0.888,bye
2028,12,1,0.112,bye
