name,player_id,birth_date,position,ktc_value,sva_2025,sva_2024,sva_2026,future_value
Josh Allen,4984,1996-05-21,QB,9999,205.21273529411764,193.43622549019608,25.36333333333333,768.9384066908525
Drake Maye,11564,2002-08-30,QB,8351,177.44356862745096,37.16252941176472,2.5233333333333334,628.3583378679285
Lamar Jackson,4881,1997-01-07,QB,7635,85.16773529411765,258.03999019607846,16.880000000000003,618.996254643022
Joe Burrow,6770,1996-12-10,QB,7198,36.94970588235294,182.5637549019608,4.863333333333333,612.4729800798799
Justin Herbert,6797,1998-03-10,QB,6882,127.88156862745096,38.49868627450981,3.963333333333333,572.5615045948828
Bijan Robinson,9509,2002-01-30,RB,9995,228.2581862745098,166.053637254902,23.366666666666667,557.3744232032287
Caleb Williams,11560,2001-11-18,QB,7730,166.1316568627451,51.59929411764706,26.96333333333333,556.0740984699609
Jayden Daniels,11566,2000-12-18,QB,7054,31.98987254901961,144.61300980392156,7.363333333333333,553.9898159357729
Jahmyr Gibbs,9221,2002-03-20,RB,9999,205.28349019607845,181.14931372549023,25.666666666666668,547.7714547773136
Trevor Lawrence,7523,1999-10-06,QB,6469,161.16276470588235,23.95257843137255,15.803333333333336,535.0070719102166
Jeremiyah Love,13287,2005-05-31,RB,7152,0,0,2.703333333333333,506.2631624341789
Jaxson Dart,12508,2003-05-13,QB,5842,49.38161764705882,0,16.303333333333335,501.94976977862586
Colston Loveland,12517,2004-04-09,TE,6337,1.624088235294117,0,-8.941666666666666,487.3096960730092
Bo Nix,11563,2000-02-25,QB,6044,116.96010784313724,105.69276470588235,-3.8566666666666665,480.3793799105333
Brock Bowers,11604,2002-12-13,TE,7972,78.78911764705882,122.96338235294115,0,479.8710798123282
Jaxon Smith-Njigba,9488,2002-02-14,WR,9306,188.08034313725491,75.9097254901961,15.258333333333333,471.9170758284233
Omarion Hampton,12507,2003-03-16,RB,7005,51.07219607843137,0,0.366666666666668,455.5838880850984
Jalen Hurts,6904,1998-08-07,QB,5986,136.05674509803922,134.0574215686275,14.423333333333332,450.3709365021408
Ja'Marr Chase,7564,2000-03-01,WR,9909,150.31513725490194,213.2739019607843,-7.741666666666666,450.2988177848755
Ashton Jeanty,12527,2003-12-02,RB,7229,74.10824509803923,0,24.76666666666667,443.97857397383046
Fernando Mendoza,13269,2003-10-01,QB,5233,0,0,0,440.7130140101806
Trey McBride,8130,1999-11-22,TE,7266,180.73186274509808,116.13887254901962,15.558333333333334,436.7701500323164
Brock Purdy,8183,1999-12-27,QB,5675,103.64209803921568,127.23279411764707,11.803333333333336,428.02286050322544
Jordan Love,6804,1998-11-02,QB,5315,58.10446078431373,58.41506862745098,0,409.3940578964557
Cameron Ward,12522,2002-05-25,QB,4383,-16.599980392156862,0,0,396.30144945387457
Puka Nacua,9493,2001-05-29,WR,8462,205.37048039215688,95.40480392156864,1.458333333333334,394.35598632768506
Patrick Mahomes,4046,1995-09-17,QB,5768,151.27737254901956,99.51695098039217,12.363333333333332,391.3864635364587
Tyler Warren,12518,2002-05-24,TE,5778,45.10616666666666,0,1.3583333333333345,381.2640577657036
De'Von Achane,9226,2001-10-13,RB,6945,184.91589215686275,149.11936274509804,2.666666666666667,377.62317132297864
Amon-Ra St. Brown,7547,1999-10-24,WR,8175,150.53694117647063,142.74065686274508,19.891666666666666,369.82140088048726
Harold Fannin,12506,2004-07-20,TE,4572,47.409656862745095,0,-6.841666666666667,361.4045169176946
Malik Nabers,11632,2003-07-28,WR,7271,6.529088235294116,99.82880392156864,1.958333333333334,358.80293821270516
Jonathan Taylor,6813,1999-01-19,RB,6516,217.6062352941176,100.5046862745098,14.158333333333337,355.00596088583643
C.J. Stroud,9758,2001-10-03,QB,4415,30.265901960784312,35.930058823529414,6.163333333333334,343.8580546514266
James Cook,8138,1999-09-25,RB,6612,158.52873529411767,115.46320588235297,-1.041666666666666,342.8853023134287
Dak Prescott,3294,1993-07-29,QB,5118,148.12297058823532,23.07202941176471,5.1033333333333335,342.13936700664107
Tyler Shough,12545,1999-09-28,QB,4805,0,0,14.903333333333332,334.3910319410837
Jared Goff,3163,1994-10-14,QB,4609,113.63897058823528,157.03470588235294,6.143333333333334,325.3212302472999
Baker Mayfield,4892,1995-04-14,QB,4604,110.6856862745098,167.80817647058825,1.3433333333333335,322.3936291990888
Tetairoa McMillan,12526,2003-04-05,WR,6134,46.75873529411764,0,1.6916666666666664,316.73512920125614
CeeDee Lamb,6786,1999-04-08,WR,7144,65.35972549019608,102.90263725490198,4.458333333333334,310.7127927692659
Justin Jefferson,6794,1999-06-16,WR,7440,31.725274509803928,149.1438725490196,20.258333333333333,310.4129295588835
Quinshon Judkins,12512,2003-10-29,RB,5158,43.053784313725494,0,-0.9333333333333328,307.78119455464906
Jadarian Price,13286,2003-10-09,RB,5290,0,0,0,301.85180866769906
Ty Simpson,13275,2002-12-21,QB,3578,0,0,0,301.67361921432956
Sam Darnold,4943,1997-06-05,QB,4193,75.01241176470589,111.76450980392156,-9.776666666666667,289.059219046327
Carnell Tate,13279,2005-01-19,WR,5360,0,0,-3.1416666666666666,287.023980982501
Drake London,8112,2001-07-24,WR,6657,72.90135294117647,75.98357843137256,-5.441666666666666,285.26091296306174
Chase Brown,9224,2000-03-21,RB,5866,111.01191176470589,132.91313725490198,7.858333333333334,284.2501195702235
Bhayshul Tuten,12490,2003-02-14,RB,4370,-19.092225490196075,0,-0.49666666666666615,281.3823539556847
Emeka Egbuka,12514,2002-10-14,WR,6066,22.330931372549024,0,0.3583333333333343,278.0157908086356
Kenyon Sadiq,13330,2005-03-04,TE,3615,0,0,0,277.9170418886194
Kenneth Walker III,8151,2000-10-20,RB,5782,35.15615686274511,53.777058823529416,26.166666666666668,274.9127118910948
Tucker Kraft,9484,2000-11-03,TE,4951,29.89956862745098,1.3381176470588274,0.5583333333333336,262.185539927216
Bryce Young,9228,2001-07-25,QB,3822,17.799921568627447,6.812107843137255,22.14333333333333,260.2255774602217
Breece Hall,8155,2001-05-31,RB,5464,72.6065980392157,80.91420588235295,9.503333333333334,257.64023899599033
Cam Skattebo,12481,2002-02-05,RB,4668,44.49393137254902,0,3.158333333333333,251.51227546444193
Sam LaPorta,10859,2001-01-12,TE,4422,18.67843137254902,40.215539215686285,-1.1416666666666655,249.01768724684462
TreVeyon Henderson,12529,2002-10-22,RB,4719,18.308990196078422,0,0,247.68688015775732
Bucky Irving,11584,2002-08-19,RB,4658,50.71695098039217,81.9798431372549,12.366666666666667,247.23796875269417
Kyler Murray,5849,1997-08-07,QB,3807,13.294980392156864,89.94155882352943,-9.676666666666668,240.10203819135413
Daniel Jones,5870,1997-05-27,QB,3686,82.96889215686275,8.803098039215687,0,237.04380652355331
Jordyn Tyson,13281,2004-08-12,WR,4778,0,0,0,234.7568889750038
Saquon Barkley,4866,1997-02-09,RB,5353,67.40985294117647,191.8389019607843,1.066666666666667,233.44489431820338
Malik Willis,8161,1999-05-25,QB,3671,0,-12.89911764705882,0,233.3098865881478
Christian McCaffrey,4034,1996-06-07,RB,5443,268.7131862745098,-1.402078431372547,5.866666666666668,232.9867888677399
Luther Burden,12519,2003-12-12,WR,5569,0,0,-1.4416666666666664,231.37526266015158
Matthew Stafford,421,1988-02-07,QB,3737,141.3258823529412,34.846058823529425,-5.196666666666667,230.56810725233137
Kyle Pitts,7553,2000-10-06,TE,4207,40.16464705882353,0.30485294117647666,-8.941666666666666,228.4231267312603
Makai Lemon,13294,2004-06-02,WR,4576,0,0,0,228.3967865235751
Javonte Williams,7588,2000-04-25,RB,4914,89.19775490196078,9.8608333333333391,16.266666666666666,212.6185310694719
Kyren Williams,8150,2000-08-26,RB,4933,84.81593137254902,131.05293137254904,7.566666666666667,212.15088843442544
Rome Odunze,11620,2002-06-03,WR,5156,30.84297058823531,-4.053970588235293,0,204.43195814865567
Chris Olave,8144,2000-06-27,WR,5838,112.15482352941176,-16.029784313725482,17.258333333333333,204.1125106382594
Ladd McConkey,11635,2001-11-11,WR,5719,19.0695,76.16735294117649,8.258333333333333,204.0418559992556
Derrick Henry,3198,1994-01-04,RB,4497,75.02362745098038,142.65806862745097,27.366666666666664,203.70700994735165
KC Concepcion,13298,2004-09-23,WR,4494,0,0,0,201.0981928899425
Nico Collins,7569,1999-03-19,WR,5886,80.46802941176472,88.43397058823531,10.258333333333333,199.5033027208376
Garrett Wilson,8146,2000-07-22,WR,5681,41.71142156862745,74.62155882352943,5.091666666666667,193.31344031098928
Parker Washington,9487,2002-03-21,WR,4774,0,0,0,190.67255302460208
Travis Etienne,7543,1999-01-26,RB,4528,69.32458823529412,2.5165686274509858,6.866666666666668,188.36588055886386
D'Andre Swift,6790,1999-01-14,RB,4344,82.91904901960785,34.60021568627452,21.458333333333332,186.73933394597861
Drew Allar,13289,2004-03-08,QB,2518,0,0,0,181.99096459065473
Marvin Harrison Jr.,11628,2002-08-11,WR,4747,-6.398117647058818,24.659352941176486,-6.641666666666667,180.91123757719743
Brian Thomas Jr.,11631,2002-10-08,WR,4402,-4.539480392156861,70.71967647058824,0,178.40836639583046
DeVonta Smith,7525,1998-11-14,WR,5596,43.77388235294117,28.19730392156864,-2.6416666666666657,174.8419625199769
Zay Flowers,9997,2000-09-11,WR,5473,40.84508823529413,35.50874509803922,15.058333333333334,171.9775233867803
Jonathon Brooks,11583,2003-07-21,RB,3609,0,0,0,171.04352947830748
Carson Beck,13272,2002-11-19,QB,2761,0,0,0,169.1454454649562
Tee Higgins,6801,1999-01-18,WR,5108,41.63925490196079,96.23823529411766,0.0916666666666668,166.30773585197824
Michael Penix Jr.,11559,2000-05-08,QB,2758,24.40219607843137,-4.455617647058822,0,165.04485842582525
Jaylen Waddle,7526,1998-11-25,WR,5178,26.26127450980393,13.487078431372549,-7.608333333333333,163.48164283568238
Shedeur Sanders,12524,2002-02-07,QB,2332,0,0,0,162.13150565356585
A.J. Brown,5859,1997-06-30,WR,5098,32.165480392156866,90.03406862745099,-5.341666666666667,160.45847054662238
J.J. McCarthy,11565,2003-01-20,QB,2057,23.071235294117653,0,0,156.36597419738405
Jameson Williams,8148,2001-03-26,WR,4868,17.05061764705883,33.89072549019608,-0.30833333333333357,151.87781758076864
Jalen Milroe,12510,2002-12-13,QB,2100,0,0,0,151.17316475748055
Anthony Richardson,9229,2002-05-22,QB,2009,0,-11.619078431372548,0,147.69255073456134
Rashee Rice,10229,2000-04-22,WR,4943,56.017107843137246,18.415078431372557,1.0916666666666668,146.6980251592934
Jalon Daniels,13425,2002-10-29,QB,1957,0,0,0,140.58812314111265
David Montgomery,5892,1997-06-07,RB,3650,8.96387254901961,99.65441176470588,0,140.42059426212333
Cade Klubnik,13303,2003-10-10,QB,2077,0,0,0,138.85324096277645
Mac Jones,7527,1998-09-05,QB,2292,45.27980392156863,1.2883039215686267,0,138.6126274410738
Jacoby Brissett,3257,1992-12-11,QB,2534,24.439421568627452,0.12647058823529456,0,130.77961778910196
Tua Tagovailoa,6768,1998-03-02,QB,2095,11.317950980392158,40.48041176470588,0,130.610793898605
Geno Smith,1373,1990-10-10,QB,2186,5.042980392156858,46.48556862745099,0,130.51619773606308
Jonah Coleman,13345,2003-08-20,RB,3257,0,0,0,129.7148004417939
Christian Watson,8167,1999-05-12,WR,4218,22.156068627450985,0,21.758333333333336,128.8179096801224
Justin Fields,7591,1999-03-05,QB,1683,29.041901960784315,-6.603588235294119,0,128.21609565711668
Blake Corum,11586,2000-11-25,RB,3580,0,0,0,127.62082596980741
Kyle Monangai,12534,2002-06-06,RB,3309,21.81772549019608,0,0,127.46481200953252
Will Howard,12511,2001-09-24,QB,1703,0,0,0,125.8897734885801
Taylen Green,13306,2002-10-18,QB,1734,0,0,0,124.63436079482379
Joe Milton,11557,2000-03-06,QB,1542,0,0,0,123.88193449897226
Garrett Nussmeier,13404,2002-02-07,QB,1466,0,0,0,123.12793692959332
Quinn Ewers,12500,2003-03-15,QB,1481,0,0,0,122.4442612146741
Tyson Bagent,11256,2000-06-08,QB,1363,0,0,0,120.66873939076476
Spencer Rattler,11562,2000-09-28,QB,1388,12.705941176470589,0,0,116.12124895894914
De'Zhaun Stribling,13417,2002-12-18,WR,3920,0,0,0,115.53429130695694
Tanner McKee,9230,2000-04-27,QB,1075,0,0,0,115.24279089548071
Davis Mills,7585,1998-10-21,QB,1154,0,0,0,115.19391237394046
Drew Lock,5854,1996-11-10,QB,1760,0,9.073970588235294,0,114.43220500916726
Riley Leonard,12470,2002-09-13,QB,1447,0,0,0,114.02736422800363
Dillon Gabriel,12486,2000-12-28,QB,1148,-2.1071372549019607,0,0,113.76955175066774
Trey Lance,7610,2000-05-09,QB,921,0,0,0,111.96179357541989
Rhamondre Stevenson,7611,1998-02-23,RB,3448,27.042019607843137,10.53048039215687,4.203333333333333,110.71036501992114
Sam Howell,8162,2000-09-16,QB,1059,0,0,0,110.47424153964718
Terrance Ferguson,12487,2003-03-07,TE,3022,0,0,0,109.83677655222476
Deshaun Watson,4017,1995-09-14,QB,1634,0,-3.4870784313725443,0,109.58916957909989
Tyler Huntley,7083,1998-02-03,QB,1143,0,1.7974411764705884,0,108.46076368689272
Mike Washington Jr.,13305,2003-07-03,RB,3120,0,0,0,106.93711123439302
Jameis Winston,2306,1994-01-06,QB,1255,26.12886274509804,30.6998137254902,0,106.65108750739132
Jack Strand,13602,2004-06-23,QB,1510,0,0,0,105.17909916705534
Zach Charbonnet,9753,2001-01-08,RB,3179,5.1057254901960825,54.85621568627451,0,104.88323565257673
Marcus Mariota,2307,1993-10-30,QB,932,46.210568627450975,0,0,103.56598528709875
Jaylen Warren,8228,1998-11-01,RB,3315,69.87753921568627,13.605245098039216,-0.6416666666666657,103.44436571697452
Isaiah Likely,8131,2000-04-18,TE,3436,-12.879401960784314,-2.252598039215684,0,102.86136144276902
Gardner Minshew,6011,1996-05-16,QB,928,0,2.992107843137255,0,102.61645246479826
RJ Harvey,12489,2001-02-04,RB,3286,51.18600980392158,0,0,102.2409166936005
Carson Wentz,3161,1992-12-30,QB,657,0.5976960784313725,0,0,102.07952250368639
Jacory Croskey-Merritt,12533,2001-04-12,RB,3206,-18.12871568627451,0,0,100.87175114169592
MarShawn Lloyd,11581,2001-01-05,RB,3157,0,0,0,100.50375604333945
Chuba Hubbard,7594,1999-06-11,RB,3198,10.98899019607843,98.0626274509804,15.766666666666666,99.97623685750536
Kaelon Black,13414,2001-10-17,RB,3232,0,0,0,99.82254005703335
Nicholas Singleton,13288,2004-01-06,RB,2653,0,0,0,98.64769977861381
Matthew Golden,12501,2003-08-01,WR,3702,-11.942450980392156,0,0,98.62279129163706
George Kittle,4217,1993-10-09,TE,3224,83.3513725490196,127.3196568627451,-5.741666666666666,97.83812145901814
Kirk Cousins,1166,1988-08-19,QB,2037,13.85057843137255,24.771843137254898,5.503333333333334,97.83355161963618
Dylan Sampson,12469,2004-09-14,RB,2562,1.6367352941176474,0,0,97.1292437053132
Braelon Allen,11576,2004-01-20,RB,2604,0,-6.152107843137255,0,96.1011558289832
Eli Stowers,13349,2003-04-15,TE,2890,0,0,0,93.50209428636394
Jordan Mason,8408,1999-05-24,RB,2992,8.52988235294118,8.636245098039218,0,93.32812359715616
Michael Wilson,10232,2000-02-23,WR,3878,58.87407843137255,0,-0.3416666666666668,93.18989894404382
Kenny Gainwell,7567,1999-03-14,RB,2944,62.2748431372549,-6.68063725490196,-5.133333333333333,92.99307653779613
Jordan Addison,9756,2002-01-27,WR,3711,14.39979411764706,63.39645098039216,0,91.89719906337298
Emmett Johnson,13337,2003-10-10,RB,2771,0,0,0,91.73636179647572
Jaylen Wright,11643,2003-04-01,RB,2235,0,-12.511382352941174,0,91.44505746337191
J.K. Dobbins,6806,1998-12-17,RB,3010,18.98388235294118,45.08310784313726,-4.333333333333332,91.17324754091204
Kaytron Allen,13405,2003-01-08,RB,2392,0,0,0,90.649480215478
Rico Dowdle,7021,1998-06-14,RB,3115,46.831833333333336,24.70966666666667,0,90.32139339985808
Tyler Allgeier,8132,2000-04-15,RB,2855,0.8925000000000001,0,0,89.8407045261094
Keaton Mitchell,9511,2002-01-17,RB,2649,0,0,0,88.87062072444576
Denzel Boston,13346,2003-12-06,WR,3539,0,0,0,88.21002454629003
Woody Marks,12474,2000-12-29,RB,2815,-3.0997647058823494,0,0,88.18245233394597
Kaleb Johnson,12504,2003-08-14,RB,2389,0,0,0,88.17754178091279
Eli Raridon,13421,2004-02-12,TE,2425,0,0,0,87.49649484790523
Tank Bigsby,9225,2002-08-30,RB,2556,0,-4.075490196078431,0,87.06250740855212
Tyjae Spears,9508,2001-06-15,RB,2562,0,-3.1788235294117646,0,84.93451922008589
Ollie Gordon,12495,2004-01-15,RB,2083,0,0,0,84.6862662291655
Demond Claiborne,13347,2003-10-09,RB,2282,0,0,0,83.62750909440356
Oronde Gadsden,12493,2003-06-25,TE,2823,1.1419117647058776,0,0,83.34492684626521
D.J. Moore,4983,1997-04-14,WR,3944,-2.6284803921568622,51.0238725490196,10.058333333333334,83.15904857230792
Jordan James,12467,2004-03-29,RB,2067,0,0,0,82.21356020954708
Josh Jacobs,5850,1998-02-11,RB,2898,88.71764705882356,103.71958823529413,0,81.29804180250802
Rachaad White,8136,1999-01-12,RB,2658,17.796352941176472,54.14998039215688,0,81.04257529139872
Chris Rodriguez Jr.,10219,1999-09-26,RB,2665,0,0,0,78.96343008701362
Brian Robinson Jr.,8154,1999-03-22,RB,2326,0,27.01093137254903,0,78.50094436636105
Dalton Kincaid,10236,1999-10-18,TE,3299,-21.714382352941172,10.287254901960788,9.058333333333334,78.45415605345205
Kimani Vidal,11647,2001-08-28,RB,2100,-1.003127450980393,0,0,78.24434546008808
Tony Pollard,5967,1997-04-30,RB,2753,8.772892156862746,51.259460784313745,-3.5333333333333323,77.26893525854439
Sean Tucker,9506,2001-10-25,RB,2056,0,0,0,77.18828494973883
Tyrone Tracy Jr.,11655,1999-11-23,RB,2136,-5.111686274509804,21.17637254901961,0,75.8037628537362
Adam Randall,13302,2004-07-14,RB,2091,0,0,0,75.68936661041431
Brenton Strange,9480,2000-12-27,TE,2909,24.543431372549023,-5.368774509803921,0,75.49265014246113
Kendre Miller,9757,2002-06-11,RB,1856,0,0,0,74.8699168919782
Ray Davis,11575,1999-11-11,RB,2039,0,-6.478823529411764,0,74.69030043467976
Mason Taylor,12498,2004-05-08,TE,2256,0,0,0,74.27816437225616
Isaiah Davis,11571,2002-02-21,RB,1873,0,0,0,74.14589478005456
Elijah Arroyo,12521,2003-04-05,TE,2306,0,0,0,72.79152948933051
Malik Davis,8800,1998-11-26,RB,2046,0,0,0,72.59834194030631
Jake Ferguson,8110,1999-01-18,TE,2980,30.631254901960776,1.7272058823529497,0,72.27962593402425
AJ Barner,11603,2002-05-03,TE,2677,6.0639705882352946,0,0,72.15041138428798
Brashard Smith,12455,2003-04-11,RB,1762,0,0,0,71.27893236669846
Isiah Pacheco,8205,1999-03-02,RB,1895,-11.074313725490196,14.374852941176474,0,70.42939867422174
George Holani,12048,1999-12-16,RB,1967,0,0,0,70.29439784325126
Seth McGowan,13424,2001-10-23,RB,1923,0,0,0,70.12738047736269
Travis Kelce,1466,1989-10-05,TE,2541,24.778039215686277,60.451029411764715,1.1583333333333332,69.93145536077411
Aaron Jones,4199,1994-12-02,RB,2229,18.601519607843137,22.900294117647057,0,69.77421382652405
Trey Benson,11589,2002-07-23,RB,1694,0,0,0,69.58960260347534
DJ Giddens,12471,2003-08-26,RB,1835,0,0,0,68.65243047613734
Eli Heidenreich,13423,2003-06-28,RB,1683,0,0,0,67.14908809126098
LeQuint Allen,12544,2004-08-05,RB,1996,0,0,0,66.82593016645026
Roschon Johnson,10235,2001-01-31,RB,1691,0,2.3453431372549023,0,66.66972618958172
Tahj Brooks,12543,2002-05-13,RB,1531,0,0,0,65.67125340174424
Trevor Etienne,12531,2004-07-09,RB,1907,0,0,0,65.52943484208976
Alec Pierce,8142,2000-05-02,WR,3731,-2.8867352941176474,0,0,64.9235792186688
Max Klare,13278,2003-07-08,TE,2156,0,0,0,64.667355067896
Chris Brooks,11370,2000-01-11,RB,1829,0,0,0,64.5899482792007
Emanuel Wilson,11435,1999-05-08,RB,1584,0,-1.2996568627450973,0,63.84232280471772
Najee Harris,7528,1998-03-09,RB,1829,0,24.35209803921569,0,63.04155470868345
Michael Mayer,9482,2001-07-06,TE,2539,0,0,0.25833333333333286,62.75685674759048
Alvin Kamara,4035,1995-07-25,RB,1864,3.9620980392156886,135.47538235294118,0,62.34262814887042
Jacob Saylors,11237,2001-03-08,RB,1475,0,0,0,62.232629982350936
Davante Adams,2133,1992-12-24,WR,3426,92.71235294117648,82.24548039215688,-5.341666666666667,62.10047668831095
Will Shipley,11577,2002-08-29,RB,1478,0,0,0,60.925643741955305
Jarquez Hunter,11569,2002-12-29,RB,1405,0,0,0,60.54804140937092
Emari Demercado,11199,1999-01-20,RB,1272,-5.37993137254902,0,0,60.30577875285356
Raheim Sanders,12472,2002-06-08,RB,1227,0,0,0,59.828852147399274
Gunnar Helm,12502,2002-09-06,TE,2357,-1.3754705882352931,0,0,59.76715568667808
Justice Hill,5995,1997-11-14,RB,1621,0,-12.858235294117645,0,59.01868875426346
Rasheen Ali,11570,2001-02-16,RB,1173,0,0,0,58.996844412102824
J'Mari Taylor,13348,2002-03-15,RB,1124,0,0,0,58.15136911945133
James Conner,4137,1995-05-05,RB,1371,9.57263725490196,103.79211764705882,0,57.75301880139723
Isaac Guerendo,11651,2000-06-28,RB,1235,0,15.938274509803923,0,57.50685146144659
Audric Estime,11579,2003-09-06,RB,1476,0,0,0,56.95042442011524
Terry McLaurin,5927,1995-09-15,WR,3348,-5.714039215686272,70.30691176470589,0,56.29001957217041
Ty Johnson,6039,1997-09-17,RB,1270,4.877637254901959,0,0,56.06471350114749
Oscar Delp,13319,2003-08-04,TE,2112,0,0,0,55.96014050156654
Devin Neal,12476,2003-08-12,RB,1402,0,0,0,55.808934490132486
Devin Singletary,6130,1997-09-03,RB,1166,-2.063392156862746,-7.984558823529409,0,55.447620419662535
Dameon Pierce,8129,2000-02-19,RB,938,0,0,0,54.932343338846344
Tyler Badie,8208,2000-02-07,RB,923,0,0,0,54.859152511762765
Jaydon Blue,12457,2004-01-08,RB,1263,0,0,0,54.81270188423555
Sione Vaki,11729,2001-07-30,RB,1060,0,0,0,54.62525607626063
Bam Knight,8122,2001-04-11,RB,959,5.417833333333334,0,0,54.51982082482942
Mike Evans,2216,1993-08-21,WR,3250,3.7481372549019607,83.48582352941177,5.958333333333332,54.470284828577036
Samaje Perine,4147,1995-09-16,RB,1001,0,-7.591382352941174,0,53.999162490492694
Jaleel McLaughlin,11439,2000-09-13,RB,1136,0,-15.472941176470584,0,53.838475561491265
Chigoziem Okonkwo,8210,1999-09-08,TE,2621,0,0,0,53.462325819723276
Kalel Mullings,12516,2002-10-04,RB,1083,0,0,0,52.90164512648616
Tyler Goodson,8207,2000-11-10,RB,925,0,1.751176470588236,0,51.72579075962219
Greg Dulcich,8172,2000-03-26,TE,2293,0,0,0,50.93798062775399
Ja'Kobi Lane,13293,2004-05-05,WR,3243,0,0,0,50.58699493531128
Le'Veon Moss,13300,2002-11-15,RB,919,0,0,0,49.35925685939961
Dallas Goedert,5022,1995-01-03,TE,2680,1.6493333333333355,18.517254901960797,0,49.347630308419305
Quentin Johnston,9754,2001-09-06,WR,3538,-13.045166666666669,0,0,48.970618434470346
Cade Otton,8111,1999-04-15,TE,2142,4.729607843137254,18.089343137254907,0,48.671343495291886
Israel Abanikanda,9227,2002-10-05,RB,909,0,0,0,48.387179721498164
Mark Andrews,5012,1995-09-06,TE,2652,-4.825333333333333,0.12480392156863562,-0.04166666666666607,46.81959607096651
Omar Cooper Jr.,13276,2003-12-14,WR,3290,0,0,0,46.599037514317466
Theo Johnson,11597,2001-02-26,TE,1947,0.5931078431372523,0,0,46.51538154425305
Ja'Tavion Sanders,11600,2003-03-27,TE,1740,0,-1.9125490196078427,0,46.18658316413752
Josh Downs,9500,2001-08-12,WR,3479,-8.227382352941175,-10.220029411764706,0,45.41836601244996
Juwan Johnson,7002,1996-09-13,TE,2623,20.853833333333327,6.829068627450981,5.458333333333334,44.779228124012405
T.J. Hockenson,5844,1997-07-03,TE,2537,-17.097676470588237,14.340784313725491,0,44.509466641393864
Cole Kmet,6826,1999-03-10,TE,1961,-13.42122549019608,-8.471715686274507,0,43.87369370035574
Jam Miller,13403,2004-04-29,RB,890,0,0,0,43.85298212898954
DK Metcalf,5846,1997-12-14,WR,3348,1.977607843137255,-3.530784313725489,0,43.54042585634753
Pat Freiermuth,7600,1998-10-25,TE,2182,-3.788088235294121,2.8761274509803956,0,43.49774725023339
Hunter Henry,3214,1994-12-07,TE,2337,20.258588235294116,-0.29264705882352615,0,41.20777797364552
Justin Joly,13400,2004-07-09,TE,1586,0,0,0,41.20763941978394
Colby Parkinson,6865,1999-01-08,TE,1959,17.830245098039217,-1.0925490196078425,0,40.64737524194414
Darnell Washington,9479,2001-08-17,TE,1848,0,0,0,40.51471233862772
Jalen Coker,11646,2001-10-30,WR,3390,-2.4970098039215665,0,22.85833333333333,40.053639147161746
Jake Tonges,8698,1999-07-08,TE,1893,3.817303921568629,0,0,39.26195046685562
Courtland Sutton,5045,1995-10-10,WR,3002,29.300245098039223,65.3045,0,37.263473707643435
Chris Godwin,4037,1996-02-27,WR,3104,22.51101960784314,32.679754901960784,0,36.82263552074477
Dalton Schultz,5001,1996-07-11,TE,2268,-3.3318627450980394,-2.344999999999997,0,35.7212292029302
Jack Endries,13282,2004-03-26,TE,1222,0,0,0,34.782471392114054
Ben Sinnott,11596,2002-06-14,TE,1488,0,0,0,34.168212407209396
Tanner Koziol,13408,2004-01-28,TE,1208,0,0,0,34.05794653737611
Chris Bell,13311,2004-06-07,WR,3177,0,0,0,33.29771794008742
Xavier Worthy,11624,2003-04-27,WR,3041,-13.168931372549016,-20.190735294117644,0,33.15528902941256
Matt Hibner,13324,2002-03-09,TE,1343,0,0,0,32.15651897019032
David Njoku,4033,1996-07-10,TE,2085,-3.852009803921568,35.38406862745099,0,31.644119615537637
Charlie Kolar,8127,1999-02-10,TE,1534,0,0,0,30.88938914284623
Michael Pittman Jr.,6819,1997-10-05,WR,3171,22.41126470588236,-29.470117647058824,0,30.484829795817515
Jayden Reed,10222,2000-04-28,WR,3303,0,3.996931372549021,0,30.146354495706845
Evan Engram,4066,1994-09-02,TE,1670,-3.002892156862745,5.03367647058824,0,29.97815166970268
Noah Gray,7828,1999-04-30,TE,1372,0,-9.487549019607844,0,29.50453521823597
Michael Trigg,13401,2002-06-27,TE,1165,0,0,0,29.405384237708436
Mitchell Evans,12473,2003-03-18,TE,1135,0,0,0,28.892009328413337
Luke Musgrave,9481,2000-09-02,TE,1554,0,0,0,28.81390104409861
Wan'Dale Robinson,8126,2001-01-05,WR,3284,4.945970588235291,-1.504411764705882,0,28.3887522855212
Marlin Klein,13307,2002-09-17,TE,1354,0,0,0,28.293647749860124
Tyler Higbee,3271,1993-01-01,TE,1230,0,0,0,28.218466648270688
Tommy Tremble,7694,2000-06-02,TE,1233,0,0,0,28.09737595097242
Cade Stover,11599,2000-06-12,TE,1238,0,0,0,27.900644198161704
Darren Waller,2505,1992-09-13,TE,1275,0.5299509803921554,0,0,27.85261218424461
Erick All Jr.,11592,2000-09-13,TE,1464,0,0,0,27.00678573775288
Daniel Bellinger,8225,2000-09-22,TE,1275,-4.1360294117647065,0,0,26.094367898101062
Dawson Knox,5906,1996-11-14,TE,1623,0,0,0,25.69899950370966
Malachi Fields,13285,2003-08-26,WR,3071,0,0,0,25.363864134039805
Sam Roush,13322,2003-09-06,TE,1080,0,0,0,25.361228991963014
Aaron Rodgers,96,1983-12-02,QB,1895,45.575196078431375,-3.568843137254902,0,25.209266234087913
Travis Hunter,12530,2003-05-18,WR,2709,-8.80613725490196,0,0,24.827445537597548
Cyrus Allen,13413,2003-02-11,WR,2742,0,0,0,24.77331184682259
Jayden Higgins,12484,2002-12-15,WR,2992,-0.09275490196077918,0,0,24.565996415671226
Mike Gesicki,4993,1995-10-03,TE,1319,-30.132647058823533,0,0,24.498669881321234
Jalen McMillan,11618,2001-12-07,WR,2861,0,-5.34578431372549,0,24.194857618925113
Noah Fant,5857,1997-11-20,TE,1275,-0.6318627450980401,3.4328921568627457,0,23.874885404784926
Elijah Higgins,10231,2000-10-27,TE,1033,0,0,0,23.356067370141773
Kayshon Boutte,9504,2002-05-07,WR,2748,3.2833039215686277,0,0,23.24692557676124
Antonio Williams,13301,2004-07-14,WR,2829,0,0,0,23.21618772746939
Luke Schoonmaker,10871,1998-09-28,TE,1082,0,0,0,23.16024247456163
Romeo Doubs,8121,2000-04-13,WR,2868,16.867686274509808,0.9542156862745096,0,22.655100226653758
Zachariah Branch,13320,2004-03-29,WR,2630,0,0,0,22.059869699302507
Germie Bernard,13274,2003-12-02,WR,2810,0,0,0,21.811450216285216
Davis Allen,10214,2001-02-03,TE,943,0,0,0,21.665183689539568
Troy Franklin,11627,2003-02-06,WR,2309,14.109215686274512,0,0,21.629629836949636
Caleb Douglas,13296,2003-09-09,WR,2865,0,0,0,21.306629455902115
Khalil Shakir,8134,2000-02-03,WR,2829,-24.2968431372549,10.40053921568628,-1.9416666666666664,21.194710848359477
Keon Coleman,11637,2003-05-17,WR,2275,-1.6445882352941172,-6.808284313725489,0,21.183288576944285
Stefon Diggs,2449,1993-11-29,WR,2669,23.9535,34.96517647058824,0,20.94130450896945
Jared Wiley,11595,2000-11-02,TE,922,0,0,0,20.552117428285925
Ted Hurst,13317,2004-07-02,WR,2623,0,0,0,20.528465219664017
Elic Ayomanor,12499,2003-06-03,WR,2248,-5.4705980392156865,0,0,20.4112287720925
Elijah Sarratt,13268,2003-05-28,WR,2395,0,0,0,20.11132012069457
Tre Harris,12509,2002-02-28,WR,2570,0,0,0,19.838753841890185
Pat Bryant,12492,2002-12-10,WR,2677,0,0,0,19.728541246024292
Skyler Bell,13402,2002-07-05,WR,2274,0,0,0,19.603675003399132
Zavion Thomas,13411,2004-02-14,WR,2237,0,0,0,18.97238575150888
Isaac TeSlaa,12535,2002-02-20,WR,2384,0,0,0,18.34522530098788
Jakobi Meyers,5947,1996-11-09,WR,2824,3.311558823529416,19.337882352941183,0,18.29491556700725
Tre Tucker,10213,2001-03-08,WR,2561,-6.927088235294117,0,0,18.148403122664806
Dontayvion Wicks,9486,2001-06-16,WR,2601,0,-0.5524509803921571,0,17.894900505550662
Kyle Williams,12547,2002-11-13,WR,2254,0,0,0,17.67919215671524
Jack Bech,12483,2002-12-18,WR,2283,0,0,0,17.296100771201527
Tory Horton,12497,2002-11-29,WR,2318,0,0,0,17.10688535857944
Adonai Mitchell,11625,2002-10-08,WR,2615,0.18273529411764677,0,0,16.757118274725908
Marvin Mims Jr.,9494,2002-03-19,WR,2041,-23.529892156862743,0,0,16.478048034506816
Jaylin Noel,12536,2002-09-04,WR,2426,0,0,0,16.329843303605802
Jalen Nailor,8180,1999-03-02,WR,2410,0,0,0,16.251619272923566
Malik Washington,11610,2001-01-04,WR,2645,-12.140656862745097,0,0,15.810221113424532
Chimere Dike,12540,2001-12-14,WR,2057,-2.8556372549019606,0,0,15.261586046423705
Deebo Samuel Sr.,5872,1996-01-15,WR,2458,25.155627450980404,2.034352941176472,0,15.241565310754392
Tez Johnson,12485,2002-05-18,WR,2016,-7.18321568627451,0,0,15.135562367629408
Jerry Jeudy,6783,1999-04-24,WR,2197,-9.512901960784314,20.796764705882353,0,15.02316221013136
Rashid Shaheed,8676,1998-08-31,WR,2678,-2.7635686274509803,0,0,14.873650939564518
Chris Brazzell II,13353,2003-09-22,WR,2211,0,0,0,14.791619876905772
Keenan Allen,1479,1992-04-27,WR,1795,23.20555882352941,3.3895588235294163,0,14.057844893793433
DeMario Douglas,9501,2000-12-08,WR,2112,0,1.2233823529411776,0,13.883564268621903
Jaylin Lane,12641,2002-05-01,WR,1981,0,0,0,13.701607050634141
Tank Dell,9502,1999-10-29,WR,2362,0,-10.606078431372543,0,13.599402025921597
Ricky Pearsall,11638,2000-09-09,WR,2539,0,0,0,13.592718260193058
Jauan Jennings,7049,1997-07-10,WR,2228,36.07121568627452,16.189754901960786,0,13.335699412563143
Isaiah Bond,12503,2004-03-15,WR,1894,0,0,0,12.865030228773286
Rashod Bateman,7571,1999-11-29,WR,2029,0,6.46093137254902,0,12.322783327024466
Cooper Kupp,4039,1993-06-15,WR,1664,0,46.02125490196079,0,11.95491266087346
Ryan Flournoy,11783,1999-10-27,WR,2085,0,0,0,11.767162822308663
Devaughn Vele,11834,1997-12-12,WR,2010,-3.5973823529411764,0,0,11.456728997432444
Kevin Coleman,13338,2003-09-10,WR,2007,0,0,0,11.222057258218213
Xavier Hutchinson,10218,2000-06-01,WR,2004,0,-5.924950980392156,0,11.153662294803917
Barion Brown,13533,2003-12-12,WR,1847,0,0,0,10.92109938038605
Bryce Lance,13420,2002-08-20,WR,1976,0,0,0,10.586521113639316
Jalen Royals,12505,2003-02-18,WR,1679,0,0,0,10.391136582169029
Brenen Thompson,13380,2003-07-25,WR,1828,0,0,0,9.573099038296139
Calvin Ridley,4981,1994-12-20,WR,1557,-12.6483431372549,16.56326470588236,0,9.378155073258993
Xavier Legette,11626,2001-01-29,WR,1755,3.602607843137254,-11.769862745098038,0,9.113629022084902
Roman Wilson,11630,2001-06-19,WR,1728,0,0,0,8.873011183252263
Dont'e Thornton,12541,2002-11-30,WR,1795,-17.4283431372549,0,0,8.539510035435466
Tyreek Hill,3321,1994-03-01,WR,1023,9.046598039215686,54.213176470588245,0,8.448991510820965
Mack Hollins,4177,1993-09-16,WR,1076,0,0,0,8.4340596006876
Jahan Dotson,8119,2000-03-22,WR,1649,0,0,0,8.322328641476021
Darnell Mooney,7090,1997-10-29,WR,1790,-2.4906960784313714,37.42783333333334,0,7.782451471517744
Malik Benson,13329,2002-10-17,WR,1744,0,0,0,7.423075640121369
Jalen Tolbert,8117,1999-02-27,WR,1565,-8.509049019607843,0,0,7.291238956363948
Tai Felton,12496,2003-03-15,WR,1352,0,0,0,7.126958216142892
Kameron Johnson,11994,2002-03-17,WR,1234,0,0,0,6.8829921227292115
Luke McCaffrey,11650,2001-04-02,WR,1446,-9.702303921568626,0,0,6.680822348506138
Treylon Burks,8135,2000-03-23,WR,1400,0,0,0,6.583817225312706
Malachi Corley,11617,2002-03-21,WR,1208,0,0,0,6.56136317194276
Jahdae Walker,13079,2002-07-05,WR,1309,0,0,0,6.48567429095389
Savion Williams,12482,2001-11-22,WR,1532,0,0,0,6.476762677078171
Cedric Tillman,10444,2000-04-19,WR,1273,-12.256205882352942,1.9693137254901985,0,6.455793269481723
Colbie Young,13477,2002-07-24,WR,1337,0,0,0,6.408416938620645
Jordan Watkins,12634,2002-02-15,WR,1208,0,0,0,6.351316503094512
Jacob Cowing,11616,2001-02-04,WR,1203,0,0,0,6.073099183429652
Jonathan Mingo,10225,2001-04-20,WR,1130,0,0,0,6.024523347436516
Christian Kirk,4950,1996-11-18,WR,1627,-10.369598039215685,-14.256245098039212,0,5.952966626091043
Kendrick Bourne,4454,1995-08-04,WR,1231,8.252862745098039,0,0,5.931115578273539
Elijah Moore,7596,2000-03-27,WR,1207,0,0,0,5.852657593686484
John Metchie III,8147,2000-07-18,WR,1379,-4.61813725490196,0,0,5.824966813784839
Trey Palmer,9492,2001-04-02,WR,1189,0,0,0,5.802671266821813
Xavier Restrepo,12520,2002-04-12,WR,1138,0,0,0,5.785581298971923
Devontez Walker,11629,2001-06-19,WR,1260,0,0,0,5.761722114319452
Jimmy Horn,12523,2002-09-12,WR,1442,0,0,0,5.521203103376187
Deion Burks,13333,2003-01-08,WR,1368,0,0,0,5.479135462467789
Tyquan Thornton,8188,2000-08-07,WR,1726,0,0,0,5.312383701784655
Andrei Iosivas,10226,1999-10-15,WR,1584,-0.3775098039215674,0,0,5.071419399182917
Joshua Palmer,7670,1999-09-22,WR,1471,0,0.2710294117647081,0,5.015479286301321
CJ Daniels,13270,2002-01-04,WR,1328,0,0,0,4.960850397843272
Hollywood Brown,5848,1997-06-04,WR,1256,-0.9825686274509788,0,0,4.949327815328084
Javon Baker,11645,2002-02-18,WR,922,0,0,0,4.705191503927047
Calvin Austin III,8125,1999-03-24,WR,1136,-1.8405980392156855,0,0,4.680559100770939
Olamide Zaccheaus,6271,1997-07-23,WR,1243,-5.3220882352941175,0,0,4.661367126328386
Gabe Davis,6943,1999-04-01,WR,1119,0,-2.847401960784313,0,4.631721299525392
Tutu Atwell,7562,1999-10-07,WR,1431,0,0,0,4.579818634629661
KeAndre Lambert-Smith,12670,2001-10-16,WR,1333,0,0,0,4.5097662280112525
Greg Dortch,5970,1998-05-29,WR,1151,0,0,0,4.475149929787647
Jordan Whittington,11623,2000-10-01,WR,1375,0,4.606607843137256,0,4.455621599925035
Tahj Washington,11821,2001-05-16,WR,868,0,0,0,4.311241903470158
Dyami Brown,7587,1999-11-01,WR,1241,-7.127382352941177,0,0,4.186360036549493
David Bell,8118,2000-12-14,WR,980,0,0,0,3.9472323523353707
Konata Mumpfield,12718,2002-10-24,WR,1198,0,0,0,3.923844867174535
Jalin Hyatt,9497,2001-09-25,WR,1110,0,0,0,3.80252046247832
Efton Chism,12542,2001-10-26,WR,1111,0,0,0,3.5562301047970566
Brandon Aiyuk,6803,1998-03-17,WR,918,0,-21.10697058823529,0,3.214988143561468
Darius Slayton,6149,1997-01-12,WR,1078,-8.47178431372549,-1.8777254901960791,0,2.92823474679059
Nick Westbrook-Ikhine,7496,1997-03-21,WR,920,0,-6.552450980392157,0,2.8889595468224134
Skyy Moore,8168,2000-09-10,WR,923,0,0,0,2.8090772105817816
Arian Smith,12539,2001-10-11,WR,929,0,0,0,2.7498379517964215
Mason Tipton,11895,2000-09-27,WR,871,0,0,0,2.5428454415647184
KaVontae Turpin,8917,1996-08-02,WR,999,0,0,0,1.8320843231239843
Joe Mixon,4018,1996-07-24,RB,NA,0,92.9957843137255,0,0
Jonnu Smith,4144,1995-08-22,TE,NA,-4.187696078431373,25.527009803921572,0,0
Russell Wilson,1234,1988-11-29,QB,NA,0,9.827990196078437,0,0
Amari Cooper,2309,1994-06-17,WR,NA,0,-35.185529411764705,0,0
Jerome Ford,8143,1999-09-12,RB,NA,-12.247382352941177,15.185637254901966,0,0
Will Levis,9999,1999-06-27,QB,NA,0,-12.96028431372549,0,0
Ja'Lynn Polk,11619,2002-04-11,WR,NA,0,0,0,0
Derek Carr,2028,1991-03-28,QB,NA,0,21.24370588235294,0,0
DeAndre Hopkins,1426,1992-06-06,WR,NA,0,-5.56069607843137,0,0
Nick Chubb,4988,1995-12-27,RB,NA,-4.271529411764705,-3.0729901960784316,0,0
Jermaine Burton,11640,2001-06-28,WR,NA,0,0,0,0
Adam Thielen,1689,1990-08-22,WR,NA,0,-3.714019607843138,0,0
Diontae Johnson,5937,1996-07-05,WR,NA,0,-2.654823529411761,0,0
Aidan O'Connell,10866,1998-09-01,QB,NA,0,-0.6055588235294103,0,0
Austin Ekeler,4663,1995-05-17,RB,NA,-3.92736274509804,1.0316176470588294,0,0
Cam Akers,6938,1999-06-22,RB,NA,0,0,0,0
Alexander Mattison,5987,1998-06-19,RB,NA,0,6.788470588235297,0,0
Antonio Gibson,6945,1998-06-23,RB,NA,0,5.085343137254901,0,0
Zack Moss,6845,1997-12-15,RB,NA,0,-7.798921568627448,0,0
Will Dissly,5010,1996-07-08,TE,NA,-11.68705882352941,-12.894656862745096,0,0
Ray-Ray McCloud,5096,1996-10-15,WR,NA,0,-6.505784313725491,0,0
Taysom Hill,4381,1990-08-23,TE,NA,0,33.65632352941177,0,0
Sincere McCormick,8220,2000-09-10,RB,NA,0,0,0,0
Gus Edwards,5248,1995-04-13,RB,NA,0,11.880196078431377,0,0
Kareem Hunt,4098,1995-08-06,RB,NA,-4.344607843137257,58.98553921568627,0,0
Zach Ertz,1339,1990-11-10,TE,NA,10.770019607843132,0.5300000000000065,0,0
Tyler Lockett,2374,1992-09-28,WR,NA,0,-15.537401960784312,0,0
Rondale Moore,7601,2000-06-09,WR,NA,0,0,0,0
Khalil Herbert,7608,1998-04-21,RB,NA,0,0,0,0
Zamir White,8139,1999-09-18,RB,NA,0,-6.6241176470588226,0,0
Noah Brown,4234,1996-01-06,WR,NA,0,0,0,0
Bub Means,11748,2001-01-10,WR,NA,0,0,0,0
Curtis Samuel,4082,1996-08-11,WR,NA,0,0,0,0
Elijah Mitchell,7561,1998-05-02,RB,NA,0,0,0,0
Ty Chandler,8230,1998-05-12,RB,NA,0,-8.948823529411763,0,0
Tyler Conklin,5133,1995-07-30,TE,NA,0,-1.34049019607843,0,0
Hendon Hooker,9998,1998-01-13,QB,NA,0,0,0,0
Brandin Cooks,2197,1993-09-25,WR,NA,0,0,0,0
Jordan Travis,11567,2000-05-02,QB,NA,0,0,0,0
Demarcus Robinson,3286,1994-09-21,WR,NA,0,0,0,0
Cooper Rush,4574,1993-11-21,QB,NA,-9.786637254901962,27.507647058823533,0,0
Bo Melton,8204,1999-05-18,WR,NA,0,0,0,0
Brenden Rice,11621,2002-03-18,WR,NA,0,0,0,0
Carson Steele,11582,2002-10-21,RB,NA,0,0,0,0
Mike Williams,4068,1994-10-04,WR,NA,0,0,0,0
Johnny Wilson,11636,2001-04-03,WR,NA,0,0,0,0
JuJu Smith-Schuster,4040,1996-11-22,WR,NA,0,0,0,0
Xavier Gipson,11306,2001-03-08,WR,NA,0,0,0,0
Tim Patrick,4351,1993-11-23,WR,NA,0,-17.324803921568623,0,0
Dylan Laube,11574,1999-12-14,RB,NA,0,0,0,0
Marquez Valdes-Scantling,5086,1994-10-10,WR,NA,0,-0.6115686274509802,0,0
Foster Moreau,5985,1997-05-06,TE,NA,0,0,0,0
Raheem Mostert,2749,1992-04-09,RB,NA,0,-15.981470588235291,0,0
Trey Sermon,7593,1999-01-30,RB,NA,0,0,0,0
Brevin Jordan,7568,2000-07-16,TE,NA,0,0,0,0
Mason Rudolph,4972,1995-07-17,QB,NA,0,8.314607843137255,0,0
Lil'Jordan Humphrey,5938,1998-04-19,WR,NA,0,0,0,0
Allen Lazard,5185,1995-12-11,WR,NA,0,7.276078431372552,0,0
Dorian Thompson-Robinson,10862,1999-11-14,QB,NA,0,0,0,0
Frank Gore Jr.,11573,2002-03-13,RB,NA,0,0,0,0
Tyler Johnson,6960,1998-08-25,WR,NA,0,0,0,0
Zach Wilson,7538,1999-08-03,QB,NA,0,0,0,0
Jake Bobo,10867,1998-08-04,WR,NA,0,0,0,0
Ameer Abdullah,2359,1993-06-13,RB,NA,0,0,0,0
Kenny McIntosh,10216,2000-03-03,RB,NA,0,0,0,0
Rakim Jarrett,9495,2001-01-24,WR,NA,0,0,0,0
Hassan Haskins,8123,1999-11-26,RB,NA,0,0,0,0
Eric Gray,10223,1999-11-04,RB,NA,0,0,0,0
Derius Davis,10234,2000-09-11,WR,NA,0,0,0,0
Brock Wright,7891,1998-11-27,TE,NA,0,0,0,0
A.J. Dillon,6828,1998-05-02,RB,NA,0,0,0,0
Mecole Hardman,5917,1998-03-12,WR,NA,0,0,0,0
Desmond Ridder,8159,1999-08-31,QB,NA,0,0,0,0
Tylan Wallace,7595,1999-05-13,WR,NA,0,0,0,0
Jamari Thrash,11633,2000-12-19,WR,NA,0,0,0,0
David Moore,4274,1995-01-15,WR,NA,0,0,0,0
Van Jefferson,6853,1996-07-26,WR,NA,0,0,0,0
Jase McClellan,11590,2002-06-25,RB,NA,0,0,0,0
Jelani Woods,8219,1998-10-09,TE,NA,0,0,0,0
Tyler Boyd,3225,1994-11-15,WR,NA,0,0,0,0
Jake Browning,6111,1996-04-11,QB,NA,0,0,0,0
Grant Calcaterra,8177,1998-12-04,TE,NA,0,0,0,0
Deuce Vaughn,9505,2001-11-02,RB,NA,0,0,0,0
Josh Reynolds,4171,1995-02-16,WR,NA,0,0,0,0
K.J. Osborn,7066,1997-06-10,WR,NA,0,0,0,0
Pierre Strong Jr.,8116,1998-12-10,RB,NA,0,0,0,0
Ainias Smith,11615,2001-05-31,WR,NA,0,0,0,0
Justin Watson,5374,1996-04-04,WR,NA,0,0,0,0
Sterling Shepard,3200,1993-02-10,WR,NA,0,0,0,0
Jeremy Ruckert,8145,2000-08-11,TE,NA,0,0,0,0
Lucas Krull,8249,1998-07-11,TE,NA,0,-6.915441176470587,0,0
Tyler Scott,9490,2001-10-12,WR,NA,0,0,0,0
Adam Trautman,6869,1997-02-05,TE,NA,0,0,0,0
Jaheim Bell,11605,2001-06-14,TE,NA,0,0,0,0
Terrace Marshall Jr.,7565,2000-06-09,WR,NA,0,0,0,0
Josh Oliver,5973,1997-03-21,TE,NA,0,0,0,0
KJ Hamler,6805,1999-07-08,WR,NA,0,0,0,0
Tommy DeVito,11292,1998-08-07,QB,NA,0,1.0521078431372557,0,0
Miles Sanders,6151,1997-05-01,RB,NA,0,0,0,0
D.J. Chark Jr.,4951,1996-09-23,WR,NA,0,0,0,0
Zay Jones,4080,1995-03-30,WR,NA,0,0,0,0
Josh Whyle,10212,1999-09-08,TE,NA,0,0,0,0
Julius Chestnut,8254,2000-10-26,RB,NA,0,-4.494656862745097,0,0
Kylen Granson,7602,1998-03-27,TE,NA,0,0,0,0
Isaiah Hodgins,6920,1998-10-21,WR,NA,0,0,0,0
Kendall Milton,11649,2002-02-10,RB,NA,0,0,0,0
Cedrick Wilson,5113,1995-11-20,WR,NA,0,0,0,0
Clyde Edwards-Helaire,6820,1999-04-11,RB,NA,0,0,0,0
D'Onta Foreman,4111,1996-04-24,RB,NA,0,0,0,0
Austin Hooper,3202,1994-10-29,TE,NA,0,0,0,0
Malik Heath,11210,2000-03-31,WR,NA,0,0,0,0
Kalif Raymond,3634,1994-08-08,WR,NA,0,0,0,0
DJ Turner,7989,1997-01-18,WR,NA,0,0,0,0
Drew Sample,6001,1996-04-16,TE,NA,0,0,0,0
D'Ernest Johnson,6694,1996-02-27,RB,NA,0,0,0,0
Jalen Reagor,6798,1999-01-02,WR,NA,0,0,0,0
Jamaal Williams,4149,1995-04-03,RB,NA,0,0,0,0
Hayden Hurst,4973,1993-08-24,TE,NA,0,0,0,0
Joshua Dobbs,4179,1995-01-26,QB,NA,0,0,0,0
Stone Smartt,8583,1998-10-04,TE,NA,0,0,0,0
Jake Haener,10215,1999-03-10,QB,NA,0,0,0,0
Ronnie Bell,10221,2000-01-28,WR,NA,0,0,0,0
Andy Dalton,829,1987-10-29,QB,NA,-6.062303921568628,2.901774509803922,0,0
Nelson Agholor,2325,1993-05-24,WR,NA,0,0,0,0
Ronnie Rivers,8195,1999-01-31,RB,NA,0,0,0,0
Craig Reynolds,6659,1996-06-15,RB,NA,0,-5.226323529411764,0,0
Joe Flacco,19,1985-01-16,QB,NA,39.367176470588234,24.61641176470588,0,0
Tip Reiman,11716,2001-09-17,TE,NA,0,0,0,0
Travis Homer,6012,1998-08-07,RB,NA,0,0,0,0
Ashton Dulin,6427,1997-05-15,WR,NA,0,0,0,0
Kyle Trask,7605,1998-03-06,QB,NA,0,0,0,0
Peyton Hendershot,8197,1999-04-23,TE,NA,0,0,0,0
Anthony Schwartz,7533,2000-09-05,WR,NA,0,0,0,0
Charlie Jones,10228,1998-10-29,WR,NA,0,0,0,0
Devin Duvernay,6847,1997-09-12,WR,NA,0,0,0,0
DeeJay Dallas,6931,1998-09-16,RB,NA,0,0,0,0
Chris Evans,7794,1997-10-05,RB,NA,0,0,0,0
Laviska Shenault,6814,1998-10-05,WR,NA,0,0,0,0
Justyn Ross,8140,1999-12-15,WR,NA,0,0,0,0
Will Mallory,10220,1999-06-22,TE,NA,0,0,0,0
Deven Thompkins,8253,1999-12-23,WR,NA,0,0,0,0
Scotty Miller,6290,1997-07-31,WR,NA,0,0,0,0
Justin Shorter,9489,2000-04-17,WR,NA,0,0,0,0
Trayveon Williams,6144,1997-10-18,RB,NA,0,0,0,0
Brandon Powell,5695,1995-09-12,WR,NA,0,0,0,0
Jarrett Stidham,6136,1996-08-08,QB,NA,0,0,0,0
Harrison Bryant,6850,1998-04-23,TE,NA,0,0,0,0
Gerald Everett,4089,1994-06-25,TE,NA,0,0,0,0
Stetson Bennett,10857,1997-10-28,QB,NA,0,0,0,0
Ihmir Smith-Marsette,7559,1999-08-29,WR,NA,0,0,0,0
Marquez Callaway,6989,1998-03-27,WR,NA,0,0,0,0
Erik Ezukanma,8114,2000-01-25,WR,NA,0,0,0,0
Chase Edmonds,5000,1996-04-13,RB,NA,0,0,0,0
Tanner Hudson,5409,1994-11-12,TE,NA,0,0,0,0
Bryce Ford-Wheaton,9499,2000-03-09,WR,NA,0,0,0,0
Tyrod Taylor,827,1989-08-03,QB,NA,5.495254901960788,0,0,0
Raheem Blackshear,8255,1998-06-05,RB,NA,0,-6.74799019607843,0,0
Jeff Wilson Jr.,5284,1995-11-16,RB,NA,0,0,0,0
Drew Ogletree,8489,1998-07-28,TE,NA,0,0,0,0
Cordarrelle Patterson,1535,1991-03-17,RB,NA,0,0,0,0
JaMycal Hasty,6996,1996-09-12,RB,NA,0,0,0,0
Jaelon Darden,7713,1999-01-14,WR,NA,0,0,0,0
Hunter Long,7535,1998-08-19,TE,NA,0,0,0,0
Ben Skowronek,7757,1997-06-27,WR,NA,0,0,0,0
Mo Alie-Cox,4054,1993-09-19,TE,NA,0,0,0,0
Mitchell Trubisky,3976,1994-08-20,QB,NA,0,0,0,0
A.T. Perry,10863,1999-10-26,WR,NA,0,0,0,0
Donovan Peoples-Jones,6824,1999-02-19,WR,NA,0,0,0,0
Ezekiel Elliott,3164,1995-07-22,RB,NA,0,-7.899656862745098,0,0
Joshua Kelley,7045,1997-11-20,RB,NA,0,0,0,0
Robert Woods,1352,1992-04-10,WR,NA,0,0,0,0
Deonte Harty,6234,1997-12-04,WR,NA,0,0,0,0
Ian Thomas,4995,1996-06-06,TE,NA,0,0,0,0
Clayton Tune,10217,1999-03-23,QB,NA,0,0,0,0
Skylar Thompson,8206,1997-06-04,QB,NA,0,0,0,0
Taylor Heinicke,2711,1993-03-15,QB,NA,0,0,0,0
Kadarius Toney,7606,1999-01-27,WR,NA,0,0,0,0
Nick Mullens,4464,1995-03-21,QB,NA,0,0,0,0
Trent Sherfield,5154,1996-02-25,WR,NA,0,0,0,0
Michael Pratt,11561,2001-09-30,QB,NA,0,0,0,0
Bailey Zappe,8157,1999-04-26,QB,NA,0,0,0,0
John Bates,7716,1997-11-06,TE,NA,0,0,0,0
Durham Smythe,5008,1995-08-09,TE,NA,0,0,0,0
Braxton Berrios,5121,1995-10-06,WR,NA,0,0,0,0
Nyheim Hines,5347,1996-11-12,RB,NA,0,0,0,0
Isaiah Spiller,8153,2001-08-09,RB,NA,0,0,0,0
Evan Hull,9220,2000-10-26,RB,NA,0,0,0,0
Sam Ehlinger,7583,1998-09-30,QB,NA,0,0,0,0
Hunter Renfrow,5955,1995-12-21,WR,NA,0,0,0,0
Royce Freeman,5046,1996-02-24,RB,NA,0,0,0,0
Russell Gage,5110,1996-01-22,WR,NA,0,0,0,0
Dalvin Cook,4029,1995-08-10,RB,NA,0,0,0,0
Michael Carter,7607,1999-05-07,RB,NA,6.801254901960785,0,0,0
Tyrell Shavers,11377,1999-08-18,WR,NA,0,0,0,0
Damien Martinez,12462,2004-01-31,RB,NA,0,0,0,0
Phil Mafah,12738,2002-10-24,RB,NA,0,0,0,0
Terrell Jennings,12412,2001-03-01,RB,NA,0,0,0,0
Jeremy McNichols,4219,1995-12-26,RB,NA,-15.29806862745098,0,0,0
Donovan Edwards,12515,2003-02-25,RB,NA,0,0,0,0
Zavier Scott,11299,1999-07-17,RB,NA,0,0,0,0
Max Brosmer,12775,2001-03-28,QB,NA,0,0,0,0
Jawhar Jordan,11588,1999-08-18,RB,NA,0,0,0,0
LaJohntay Wester,12699,2002-03-29,WR,NA,0,0,0,0
Kyle McCord,12494,2002-09-19,QB,NA,0,0,0,0
Thomas Fidone,12715,2002-09-20,TE,NA,0,0,0,0
Philip Rivers,331,1981-12-08,QB,NA,0,0,0,0
Jimmy Garoppolo,1837,1991-11-02,QB,NA,0,0,0,0
Malik Cunningham,10860,1998-10-06,WR,NA,0,0,0,0
Blake Watson,11568,1999-10-14,RB,NA,0,0,0,0
Kurtis Rourke,12477,2000-10-25,QB,NA,0,0,0,0
Irv Smith Jr.,6126,1998-08-09,TE,NA,0,0,0,0
Jamison Crowder,2410,1993-06-17,WR,NA,0,0,0,0
Amari Rodgers,7540,1999-09-23,WR,NA,0,0,0,0
Quez Watkins,6927,1998-06-09,WR,NA,0,0,0,0
Cam Miller,12688,2001-06-18,QB,NA,0,0,0,0
Nick Nash,12478,2000-08-02,WR,NA,0,0,0,0
Antonio Williams,7203,1997-10-22,RB,NA,0,0,0,0
Luke Altmyer,13314,2002-10-22,QB,NA,0,0,0,0
Reggie Virgil,13297,2004-05-14,WR,NA,0,0,0,0
Terion Stewart,13780,2001-11-29,RB,NA,0,0,0,0
Nathan Carter,12897,2002-05-22,RB,NA,0,0,0,0
Cole Payton,13335,2002-10-26,QB,NA,0,0,0,0
Luke Lachey,12725,2001-06-29,TE,NA,0,0,0,0
Montrell Johnson,12868,2002-10-13,RB,NA,0,0,0,0
Julian Hill,11371,2000-07-09,TE,NA,0,0,0,0
Tanner McLachlan,11598,1999-03-15,TE,NA,0,0,0,0
Odell Beckham Jr.,2078,1992-11-05,WR,NA,0,0,0,0
Michael Thomas,3199,1993-03-03,WR,NA,0,0,0,0
Jerick McKinnon,2161,1992-05-03,RB,NA,0,0,0,0
Donald Parham Jr.,6074,1997-08-16,TE,NA,0,0,0,0
Zach Evans,9222,2001-05-30,RB,NA,0,0,0,0
Casey Washington,11806,2001-03-06,WR,NA,0,0,0,0
Logan Thomas,2251,1991-07-01,TE,NA,0,0,0,0
Dillon Johnson,11580,2001-06-15,RB,NA,0,0,0,0
Parris Campbell,5880,1997-07-16,WR,NA,0,0,0,0
Deneric Prince,10870,2000-04-11,RB,NA,0,0,0,0
Cody Schrader,11644,1999-09-08,RB,NA,0,0,0,0
Dohnte Meyers,13264,2000-07-06,WR,NA,0,0,0,0
Trenton Irwin,6598,1995-12-10,WR,NA,0,0,0,0
Salvon Ahmed,6918,1998-12-30,RB,NA,0,0,0,0
Marshawn Lynch,745,1986-04-22,RB,NA,0,0,0,0
George Pickens,8137,2001-03-04,WR,6219,127.74556862745098,11.994294117647067,-3.0083333333333337,0
Seattle Seahawks,SEA,NA,DST,0,75.71372549019608,17.97401960784314,6.583333333333334,0
Ka'imi Fairbairn,3451,1994-01-29,K,0,69.35245098039215,48.143137254901966,1.583333333333334,0
Chris Boswell,1945,1991-03-16,K,0,1.3308823529411766,64.80245098039215,0,0
Brandon Aubrey,11533,1995-03-14,K,0,55.937745098039215,55.67745098039215,-6.416666666666666,0
Denver Broncos,DEN,NA,DST,0,43.199019607843134,54.317647058823546,-3.416666666666666,0
Pittsburgh Steelers,PIT,NA,DST,0,47.88039215686275,38.45245098039217,13.583333333333334,0
Baltimore Ravens,BAL,NA,DST,0,46.69950980392157,17.200490196078434,0.5833333333333339,0
Houston Texans,HOU,NA,DST,0,43.81078431372549,34.29754901960785,-7.416666666666666,0
Philadelphia Eagles,PHI,NA,DST,0,42.30343137254902,29.33529411764706,-2.416666666666666,0
Cameron Dicker,8259,2000-05-06,K,0,42.069117647058825,38.98235294117648,-5.416666666666666,0
Buffalo Bills,BUF,NA,DST,0,30.410784313725497,34.234313725490196,0,0
Jason Sanders,5119,1995-11-16,K,0,0,31.791176470588233,0,0
Minnesota Vikings,MIN,NA,DST,0,29.208823529411767,30.14950980392157,3.583333333333334,0
New England Patriots,NE,NA,DST,0,28.960784313725497,-1.7318627450980388,0,0
Eddy Pineiro,5189,1995-09-13,K,0,27.8343137254902,0,0,0
Jacksonville Jaguars,JAX,NA,DST,0,26.607843137254907,2.547549019607845,8.583333333333334,0
Chicago Bears,CHI,NA,DST,0,24.153921568627453,26.58529411764706,-0.4166666666666661,0
Cincinnati Bengals,CIN,NA,DST,0,-4.76470588235294,25.971568627450985,0,0
Tampa Bay Buccaneers,TB,NA,DST,0,24.36519607843137,10.948529411764712,0,0
Jake Bates,11539,1999-03-03,K,0,23.60637254901961,17.79117647058824,-0.4166666666666661,0
San Francisco 49ers,SF,NA,DST,0,4.345588235294119,23.59411764705883,0,0
Los Angeles Chargers,LAC,NA,DST,0,2.0651960784313728,22.50049019607843,-5.416666666666666,0
Jason Myers,2747,1991-05-12,K,0,22.284803921568628,2.101960784313728,0,0
Green Bay Packers,GB,NA,DST,0,-5.07843137254902,21.239215686274513,0,0
New Orleans Saints,NO,NA,DST,0,20.16127450980392,8.582352941176474,0,0
Los Angeles Rams,LAR,NA,DST,0,18.995098039215687,-2.3887254901960766,-4.416666666666666,0
Chase McLaughlin,6650,1996-04-09,K,0,12.481862745098042,18.61372549019608,3.583333333333334,0
Indianapolis Colts,IND,NA,DST,0,18.222549019607843,-5.5024509803921555,0,0
Tyler Loop,12711,2001-08-04,K,0,17.394117647058827,0,6.583333333333334,0
Evan McPherson,7839,1999-07-21,K,0,16.990196078431374,-3.543627450980387,11.583333333333334,0
Will Reichard,11792,2001-01-09,K,0,1.9642156862745104,16.91617647058824,0,0
Harrison Butker,4227,1995-07-14,K,0,14.335784313725496,16.43774509803922,-0.4166666666666661,0
Cleveland Browns,CLE,NA,DST,0,16.036274509803924,5.39607843137255,0,0
Kansas City Chiefs,KC,NA,DST,0,8.613235294117649,15.81617647058824,0,0
Tyler Bass,7042,1997-02-14,K,0,0,13.243137254901963,0,0
Tennessee Titans,TEN,NA,DST,0,-0.17107843137254797,13.17107843137255,0,0
Wil Lutz,3678,1994-07-07,K,0,0.8799019607843164,12.932843137254904,0,0
Miami Dolphins,MIA,NA,DST,0,12.825980392156865,10.215686274509808,0,0
Las Vegas Raiders,LV,NA,DST,0,12.551960784313728,0,0,0
Cam Little,11786,2003-08-17,K,0,12.541176470588235,0,4.583333333333334,0
Cairo Santos,2020,1991-11-12,K,0,11.832352941176474,0,4.583333333333334,0
Michael Badgley,5230,1995-07-28,K,0,11.774509803921568,0,0,0
Justin Tucker,1264,1989-11-21,K,0,0,11.74411764705883,0,0
Detroit Lions,DET,NA,DST,0,9.505882352941178,11.668627450980392,4.583333333333334,0
Atlanta Falcons,ATL,NA,DST,0,-0.7784313725490177,11.554411764705884,0,0
Jake Elliott,4195,1995-01-21,K,0,6.590686274509804,9.852450980392163,-1.416666666666666,0
Younghoe Koo,4666,1994-08-03,K,0,2.7102941176470594,8.843137254901967,0,0
Arizona Cardinals,ARI,NA,DST,0,8.811274509803923,-3.4789215686274506,0,0
Anders Carlson,11008,1998-06-16,K,0,0,8.28921568627451,0,0
Spencer Shrader,12185,1999-05-19,K,0,1.5808823529411755,6.16421568627451,0,0
Washington Commanders,WAS,NA,DST,0,5.165196078431375,5.039215686274511,0,0
Dallas Cowboys,DAL,NA,DST,0,-6.0323529411764705,4.743627450980396,0,0
Blake Grupe,11058,1998-11-05,K,0,0,4.511764705882354,0,0
Jake Moody,10937,1999-11-23,K,0,-5.756372549019607,4.506372549019613,0,0
Austin Seibert,6219,1996-11-15,K,0,0,2.230882352941177,0,0
Brayden Narveson,11949,1999-09-28,K,0,0,1.8117647058823536,0,0
Daniel Carlson,5095,1995-01-23,K,0,-9.8779411764705891,1.3661764705882398,0,0
Brandon McManus,1433,1991-07-25,K,0,0.1578431372549023,-1.7191176470588232,0,0
Matt Gay,6083,1994-03-15,K,0,-2.7024509803921566,0,0,0
Kenny Pickett,8160,1998-06-06,QB,916,-9.909803921568628,0,0,0
Matthew Wright,6268,1996-03-22,K,0,0,0,0,0
Patrick Taylor,6963,1998-04-29,RB,NA,0,0,0,0
Brandon Allen,3357,1992-09-05,QB,NA,0,-0.24789215686274343,0,0
Tom Brady,167,1977-08-03,QB,NA,0,0,0,0
Adrian Martinez,11065,2000-01-07,QB,NA,0,0,0,0
Kade Warner,11419,1998-09-29,WR,NA,0,0,0,0
Josh Cameron,13394,2003-03-18,WR,NA,0,0,0,0
Chris Oladokun,8413,1997-09-03,QB,NA,-0.7326372549019595,0,0,0
Chad Ryland,10955,1999-10-15,K,0,-4.9985294117647054,-1.644117647058824,0,0
Carolina Panthers,CAR,NA,DST,0,-2.3323529411764703,0,0,0
Dare Ogunbowale,4718,1994-05-04,RB,NA,0,-2.5301470588235295,0,0
Brady Cook,12538,2001-10-12,QB,NA,-3.522441176470588,0,0,0
Nick Folk,650,1984-11-05,K,0,0,-3.846568627450979,0,0
Andy Borregales,12713,2003-01-02,K,0,-3.960784313725487,0,0,0
New York Jets,NYJ,NA,DST,0,0,-4.345098039215682,0,0
Matt Prater,17,1984-08-10,K,0,-5.6343137254901965,0,0,0
Parker Romo,8670,1997-08-24,K,0,-9.21470588235294,0,0,0
New York Giants,NYG,NA,DST,0,0,-11.445588235294116,0,0
