pick_no,metric,5,10,15,20,25,30,35,40,45,50,55,60,65,70,75,80,85,90,95
1,total value,346.4031576011605,374.7272233374682,395.19563541343854,410.11567107266455,423.09446255652614,434.8799944101949,443.64672460351494,453.60152266702744,461.39399388066306,469.1505991764662,477.6456961879343,487.01694951734476,496.9280563144647,508.2548521441739,518.7506385440108,531.3170389043966,546.215326092642,565.0057545528525,589.369955879187
2,total value,313.09189293139065,340.6399270174174,360.450779167469,373.9743044283948,384.66575716145655,393.0854492182882,403.4120348649127,413.09713645263884,424.6812540992055,434.471851267547,445.6720944358083,454.79539446265466,463.8130918822389,473.9395642838424,484.07390910732306,494.36737190379694,508.3683285453491,525.2104196431137,553.7351552019761
3,total value,292.146210010985,319.5469473393571,337.3983237718585,353.3788087156697,365.18035656201187,372.09799025394864,382.2717938919375,391.75996302771284,400.3835762222875,407.8078522833374,417.16108428557374,426.091827969374,435.9128394958914,444.806278188467,455.2547750157144,468.5480143988921,482.017544234369,499.0526285129403,523.4830001641101
4,total value,269.5558691501204,296.9015933685159,313.96776214105694,324.7389242739527,338.62464900623814,348.32624348821605,358.2207368821449,366.95114586845426,375.8657850378228,385.0868471626353,393.97191077637,402.45414037193405,411.31195871648004,421.20630877837453,429.9607955159677,442.19371360935276,457.27548247417485,472.8985915785818,498.8128397844592
5,total value,254.898874752799,276.7467953206768,293.4317289538744,309.4913256812397,321.53251776572245,330.48313895153433,339.8787464454174,348.91263439766425,359.30689128260474,368.31708861153845,377.0510195274286,385.2233184441499,394.6844898672382,404.1529130835682,413.268244685408,424.1997236659668,439.1218693659158,453.2412831943266,481.31182699433117
6,total value,230.85931954870134,252.9811907848325,272.04301915235914,286.0128364527497,299.02733097005444,310.61280617593627,321.4020079228869,330.6242168990292,340.4974743699337,348.7355022522335,356.34546369868633,364.64379048845393,372.86687506600896,382.7170828686474,393.49898039129465,404.5810817057559,417.7554035721519,436.5695507531626,464.31892657335015
7,total value,223.67593035613243,249.3960460247144,262.01590313098916,274.1078071031159,284.9363020612314,294.5936718441309,303.6574480165772,313.2064852343002,321.25754349528677,330.17226549962334,339.0195201899748,348.34104275759194,358.20423442736984,366.32480834506566,375.81765498985993,385.8755260145884,398.8043921538092,415.90674077305516,441.54638431711874
8,total value,207.10448394981725,230.17944627984608,244.35790683821836,261.0565225991362,271.4602475736871,281.06173965384835,288.6689998672503,298.8476149618525,308.0859591301167,316.45469352993814,324.22417467475293,333.92463127215126,342.50962162574154,350.6602245477027,359.7349171201381,371.3675984685748,385.1988936522507,401.59251456543836,424.31800229686564
9,total value,190.8354032114502,215.60175540586917,232.46270725080407,245.57698532674735,257.77937245435555,267.29167640948344,275.81413350835385,283.84047490780193,291.86316697146026,301.2438641765127,310.569302218021,318.4035192564314,326.27691001934875,338.8434145655366,350.14417060310836,362.6316095775482,376.0892560552386,390.8094939064512,414.2486878270966
10,total value,172.4632817505593,196.81505320761465,212.94116199891138,228.74495554406624,241.34608236452704,251.87965416085927,263.24626482651365,271.5446076960086,279.5679842157002,288.5264576405682,297.0507034411434,305.873904123489,314.9147025397972,326.04567563736134,335.3129323869372,345.73745789559575,358.2908038112528,376.7793769960654,402.7798083062613
11,total value,165.067638616148,187.8663517847974,204.1686292447195,218.18589827507463,230.52037332453642,242.323303151046,252.63506304972591,260.06265732164445,267.44312207792666,276.22013409633945,286.4773086185105,293.9730356783043,301.9669737366274,311.8736610357487,323.3095303436681,332.689845538185,348.6332703312818,366.73225743332586,389.92611297422735
12,total value,149.92946733546066,174.98238161089722,191.92865394919144,205.41285545853972,214.4948948561958,225.173284674623,235.97486743808855,246.2001687875396,256.8211018059074,264.01438938375725,272.74047498151384,283.6379025907642,293.619736283151,302.7473683306185,313.7078124121266,324.22375629577533,336.85605898696247,353.66835553169096,380.97550993017586
13,total value,143.44101656330412,163.30452497305626,180.9075878976193,194.71799577687892,206.28988307436222,216.52972688626198,225.8443892112507,235.54600414184745,245.51981867167476,254.3942124519529,261.8666918074746,271.3308247234145,280.7420771810261,290.7504008202,301.78528001000916,312.8868418354143,325.37752555187876,342.15617064766946,365.6971838402913
14,total value,131.057176659267,152.86245512602903,170.73916933784707,181.91827547348197,193.77226962021683,203.2257641206752,212.7943037116769,221.88416482351496,229.72802530647897,238.70283684256657,246.95409447705558,254.56113483633413,261.9376005818506,271.6486557983594,283.49589383892084,294.29465499477743,306.5633327229077,321.7954067586682,351.90509578662227
15,total value,116.10093043050081,141.87405100243114,160.54563554067624,174.44922934768093,185.21214402466686,193.8927196765495,204.6101617550484,213.16452885904684,222.55388568159105,231.22762671031413,239.28289257964292,248.56156385581505,258.4029430104083,267.39210079042164,277.32165728657253,288.5207707529276,303.2247067736308,319.57385511019004,345.99735502514
16,total value,99.60920468350766,125.49552605749635,144.69546224614123,158.48438063026356,171.38545161932413,181.492323747624,188.8821884296803,198.41974194326673,209.83833897943055,217.1818550462708,226.09463604808457,235.2086786701019,244.75307807069484,254.44647468761235,263.8258252774599,275.7808996515498,290.5357885832128,309.37710180596645,328.1151688480148
17,total value,100.4692543239209,126.12115644350341,141.1784046732773,154.35008734265193,164.01161609077425,174.0025234541061,183.73296054469967,191.64166187785347,199.66636242444054,209.14571717558619,216.85762362797078,226.0008663584883,233.30491038748528,242.3132389120239,252.94549887334307,264.5124939840453,276.7938153093871,293.5643237220492,320.6074158055062
18,total value,88.2448781287405,112.12766955178044,129.80345258339312,142.59557356783023,153.57354231057252,164.55098020076233,172.62376580560192,181.48510585634224,189.34387705984687,199.89331388516356,207.0759410016246,215.8409325206203,224.42138198246465,236.26444105120348,247.5230112693573,257.1347571401612,270.0130226826455,287.5614438125846,313.02345674650303
19,total value,81.79706757584714,105.15017263416324,122.0245476484157,135.78127749951676,144.19406703987642,155.17633305241355,165.55086610474342,173.45210428248726,181.83443712154838,190.0452908970649,198.55051636443818,209.19683502619978,219.25269566853711,229.08893694829231,238.3837674456162,249.5956687089899,261.686765924586,280.58996625363676,305.91906943215145
20,total value,67.58047398089658,92.84157609792456,109.55652511714968,121.83509847919116,134.52482125817693,146.29383052859185,157.07561338113794,166.2728687273879,174.16519583094896,182.94721129193488,191.22151837473777,200.98884574666207,210.9481198365678,219.18189208788192,231.3130965768478,241.03927115376592,252.62855955136018,271.31643888748965,293.82685737304604
21,total value,60.985525468500704,83.3396643055341,99.20135479545817,111.93027994798562,122.77203318103774,133.3034490503062,143.5208321527045,153.3173138780556,162.19829774623315,170.51646468267307,179.16092201093642,187.8249747428069,195.2411872800365,205.20279097578262,215.58927818243703,225.58431681418352,238.67013631402364,252.23440644365598,277.25475011310533
22,total value,52.28160320466779,77.06086477573945,95.12164753893138,107.98485895532994,120.14680399006757,129.66608554384118,138.57800634919954,146.4769362571766,154.4293919021893,164.4314893401476,174.23213520704053,182.0005265158801,191.48248290385274,200.4952968362498,208.52713855976407,219.87811973422686,232.96600120642165,248.77899863832425,270.02303913262296
23,total value,39.66094025876215,64.41740798325817,81.52405325823491,94.75183702455968,105.78975834265573,116.72292929910165,126.86280969715713,134.3505692583974,144.44806212715332,152.86851926164493,162.2877086037975,171.57481407803272,181.17107899056865,192.11430172105327,203.07528816377916,211.86445532684405,223.17989457779893,238.95305207732918,266.3986621156373
24,total value,33.50229090544079,58.12578164116042,74.60815921539687,87.32971284851692,97.16268246458128,107.10398516173439,116.35199908245828,125.05019632909665,132.32088095504537,140.66047150290404,150.01621208414485,158.49338272802567,168.09779036785136,177.1252452207208,187.99964851942303,200.7555216998005,214.06794387901334,233.7787288577552,259.5392634875681
25,total value,24.729431794743423,47.58426616633665,65.21652707665123,78.99993553746931,91.11566571729087,100.71470368674946,110.75878843802455,119.9143415157055,127.87102714311315,137.37428422063073,144.42225246972407,153.39459809195213,163.59480112644894,173.26140369255126,183.21902120349694,194.82661785221816,208.33713235382066,224.34375067738918,247.9122703092266
26,total value,14.24613771071491,40.556420070142266,58.48249810879233,74.83318767872552,85.49222778104361,95.46306219098932,104.66366669846954,113.80411124478854,122.50684860161002,130.31441640188945,138.24906225047232,147.27448621136557,155.27220011804135,165.22302707398637,174.02659655708194,184.9472546963391,198.46865342468368,213.79238251140404,235.8019690816566
27,total value,10.392344038619358,33.390766454245124,51.406294224959375,64.82098851748854,75.82988806833055,84.70956911573042,94.41686959259559,103.8633576308578,111.25080863290769,119.03136844704112,127.40685945267647,137.28948836068943,146.57019415488614,156.3365515110873,167.67335580181359,180.22691265590726,193.9835867332436,213.05581870474452,238.1190944966627
28,total value,2.369591272538573,25.137334136983597,40.56223293749941,53.51771309091532,65.59118497237026,75.67680648204131,86.16391107567433,95.88696291889185,104.1185201559116,111.74290137070889,120.46341589945905,128.63379574224155,137.64229956893573,149.17376343625256,159.4109590581913,169.5542045283783,185.07891075769163,201.3781270721019,225.38500929165514
29,total value,-8.147931570466532,18.74429635138147,34.317673228424596,47.18912018571185,60.90682705162698,72.31097309568126,81.26698663879625,90.64442824185694,100.57508571669442,108.69801633533503,116.61935346214794,126.28258597251903,133.96938340121423,142.65802422614965,153.10111579103187,163.93756636630758,177.04870723241768,192.06230742497274,214.3351542557493
30,total value,-16.60427337438692,12.5006751099826,28.391722167603376,43.90322710885093,55.14495092969239,65.43495572272046,74.90431793820515,84.01683987214787,93.37918847377819,101.07523513369716,107.7927231961049,116.1043403533143,124.77172433996323,132.99340432225304,142.5235730345537,154.72783055823461,168.9579699097293,182.50027484548391,208.88138770917607
31,total value,-26.681525591942346,0.8293491434298416,21.071054214401357,35.59950645247385,46.54542106708894,57.521311168585996,66.14598800163012,74.3621428069966,81.97336877333296,90.60025941531362,100.31179738505051,109.49949483628859,118.26489394134558,128.1615458643513,138.41760870893938,148.16060757268076,159.84477653307977,179.57204760530297,204.241922319808
32,total value,-27.843065009449926,-3.631706395859605,13.532038964061545,26.059642622649612,36.97560200156206,48.018291603658426,59.12311146239811,66.21647122713075,73.9115059528746,83.59759022242304,90.92972931926192,100.25378809803465,110.9117675571981,123.32664711190932,133.6873568047841,144.97387834511062,159.63594124107132,175.69827900677436,204.82599337067157
33,total value,-33.6964419892075,-4.69857553144113,9.844114986700053,23.401504452312505,34.81435068051397,42.41439266239537,51.12838107691853,61.0319768343246,70.53445654037712,79.42871074927842,87.65422183067034,96.06408328771431,103.67054950522893,115.05478494648311,125.31218809633913,137.3615392283605,151.4408124421617,166.5309563397197,195.0075755585539
34,total value,-46.52589211129472,-20.756913576824534,-4.053542399529959,9.037355329912529,22.83999054006216,33.34986830945371,42.606975496612655,53.61509068130516,62.0629764025372,71.47492913108437,79.68264151987057,87.14999806715575,96.52060103750671,106.21918349190068,117.2764801354312,129.0639839442099,144.67598107842784,162.06295562507205,187.98828661274518
35,total value,-50.71536431403186,-22.44568080480753,-5.629785659541465,7.309617401031202,20.290114352784734,29.038085666522836,38.27893441805074,47.345378640589004,57.643031788928816,64.81678410005333,73.32028541170314,83.0003512495236,91.35186256762276,101.8928201824952,112.95799598226155,123.6820761602115,137.30416603817326,153.81364359967515,176.82064845187952
36,total value,-57.31013889860589,-32.476540935277725,-17.508246269287365,-1.1910039215629755,12.385530920952785,21.884516235545718,32.03190363121714,41.68540601753044,50.87317165581146,59.940935615735995,67.35924503773329,75.97383926797625,84.68075509302655,94.67808199741134,106.09632948790434,117.7353687055106,129.6593938316159,146.92094437297064,169.7838604244852
1,first year,47.362657231455984,52.39625590920817,56.84580950214365,60.06927514629173,63.12542374123157,65.54244984695055,68.21042691730418,70.86817249967824,72.99487288891476,75.03635609217253,77.30453875766966,79.52306143257171,81.36364495896113,83.798328230287,86.70541253913754,89.5409430615382,92.56160923962531,96.65673989993365,103.43704646784471
2,first year,37.951286952683674,44.81467540297817,48.797166365161715,52.28798451427208,55.38173994369895,57.795737356548244,59.777570739337335,62.27003661829941,64.50293915509788,66.50361255768593,68.66160397276859,70.4627561858446,72.61391666169173,75.28905882088789,77.94258717939738,81.50547937449406,85.00111141881605,88.45824401858442,93.18073224383542
3,first year,32.1569123462328,38.654245948991424,42.63780334913585,45.36282755653574,47.74175213855722,50.580988932246235,53.25037748021904,55.46569432410946,57.743969626305685,60.122511018577185,62.21230846272924,64.4705747622207,66.59150254844644,68.95070356980791,71.49804251974716,73.92681254185823,77.25809539666403,80.96188129058412,88.0911146152193
4,first year,25.551256777635984,32.27235457620887,36.558277760214445,40.654504552893854,43.442445219849645,46.198804339174316,48.50246349775497,50.599401671648586,52.74278185091505,54.870996411288516,56.98199754407269,59.14536941786359,61.313917980958095,63.3159686039863,66.10191203538628,69.220277635092,72.67329006499824,76.23118398262285,83.48687124139772
5,first year,22.061447982853007,28.90685928344326,33.05046167678937,36.00847006307697,39.21994786082454,41.663793355429,44.19649833121568,46.66989364650121,48.723882931109216,50.98588580777216,53.21370727256527,55.321359771695555,57.676542846115325,59.94792969025022,62.276763827305786,64.94048899001282,68.56573824612211,72.41539959899103,78.99343780304099
6,first year,19.289153288639575,25.544866197268362,29.62087165783367,32.55155870618313,35.56644156198208,38.05209493211957,40.147046191390785,42.547353735569146,44.548929188726234,46.864313322107776,48.82741092145551,50.91947822357867,53.26079255116124,55.38451701953848,58.07844530907238,61.21866106898622,64.09536613320564,68.41563564571857,73.73064984213039
7,first year,13.754823491505853,20.378782653342835,24.350268977038606,28.07216631470224,30.997614652774836,33.961060529076356,36.77181005369637,38.795020533945625,40.70898195394482,42.9102886595153,44.870168281933104,47.12747996148242,49.32825657137423,51.51366346816986,53.85658030023277,56.65330776558299,60.5004802040087,65.42466680009358,70.77724591450698
8,first year,13.007606143753167,19.148160061950282,23.033135994668328,25.702904776156398,28.866409372672756,30.83943072533986,33.08910328270416,35.42579509864724,37.64928489147418,39.47240699576797,41.460728151258074,43.32793109951201,45.744772638556874,48.87690070844417,50.86174414564911,53.53542541094058,56.97175372456126,60.61973980571641,66.58857894002782
9,first year,8.320128355825743,14.785942057505235,18.984922614722542,22.584441027188333,25.473297368912398,27.96657615863177,30.77167488510862,32.91313163951541,34.792601463271275,37.165591850293694,39.04758643515323,41.36966852856339,43.54585948043015,45.54873871168777,47.49691582406802,50.84379584376002,54.0671575448525,57.691791219539454,63.6154359003166
10,first year,6.713890117919874,12.396665313386288,16.35637742827948,19.56189203495506,22.363362084732266,25.14943964342116,27.8139273183492,29.858396636510484,32.148834382585804,34.638203065567694,36.71868635201493,38.76661615292262,41.13401713126862,43.42308660499131,46.14582692969847,49.121954232988585,52.80662910942512,57.19442643260402,62.839982766151316
11,first year,4.597725407211597,10.252676207964894,14.513332582822766,17.850576207017575,20.641774953976327,23.376155040901555,25.738427249853466,28.180507073130883,30.55404542216293,32.726662133062554,34.72623605679123,36.58382395296534,39.170818453236414,41.69926882462592,44.31466133502942,47.31161186025843,50.52911235411946,55.277650402952375,61.33204546032979
12,first year,2.254145890408146,7.68757140548057,12.235668891698985,15.62963827343535,18.525194084044852,21.028012556546898,23.40927975696085,25.825176545177747,27.704830824120904,29.785821812530063,31.851198617717603,34.23204299023712,36.69055379705486,39.05242451809202,41.963795676956835,45.12796671239419,48.55989855442486,52.24600759389886,58.52022901855216
13,first year,0.25454213032604944,6.185913975958493,10.620451875814789,13.792364900212055,16.61203722390448,18.87359539864139,21.491467567348305,23.60994474236596,25.733345971889563,27.804307413332634,29.755728587904997,32.247406533508695,34.67763650179005,36.89796145922362,39.58139702245621,41.78819409165244,44.659293681092926,49.09893674495618,55.29426136461336
14,first year,-3.030318290100194,3.6345576768355214,7.585987610600332,11.099782586488715,13.966422617425259,16.148385460929745,18.08965556928737,20.727322586834177,23.09118525027592,25.137491000230767,27.258954042065785,29.368875184227257,31.910656241854895,34.61693361277513,36.84887559286544,39.40627293651116,42.821886541660504,46.87086473080914,53.304967100012504
15,first year,-5.316243401540261,1.734156430747434,6.288115090415224,8.898415333280333,11.223350951741931,13.966393301032548,16.416503680310687,19.12569870121225,21.532384844453908,23.937353406228823,25.93318450053985,28.00225056234428,30.045312748919862,32.75932454312827,35.57660618257984,38.03996079345368,41.32102738384394,45.29875382297426,52.019504599348046
16,first year,-6.62212116251121,-0.0826892908315904,3.8850216512498417,7.586998064396585,10.43810717996144,12.782027021453956,15.069993022022755,17.449659737530347,19.615380121377754,22.09863555596739,24.405203889494437,26.5284499751723,28.889526870669727,31.062605517319277,33.584342642314184,36.737179751060026,39.862188004077204,43.848706628972444,50.16649498842564
17,first year,-8.09905544277715,-1.5985139597653941,3.06620057480115,5.902280804722324,8.850253005440281,11.408730582453659,14.12595666664755,16.00461514626879,18.063835466000114,20.17206693794197,22.239656341251248,24.464155612019223,27.210151925967306,29.567047934243668,32.210994692256925,35.307837443402924,38.547489547385645,42.13056210112691,48.28172879471479
18,first year,-8.1985106592806,-2.2394154192799443,1.575387086132694,4.398423506088012,6.6972570803034746,9.326265656636341,11.766819818412344,14.054829491932178,16.536558271530705,18.699409959877322,20.96912657018062,23.132752683492427,25.475345957340046,27.61221339185267,30.090279426174916,32.79579453357739,36.217540280888,40.37131347777817,46.8617504665668
19,first year,-9.202988493557292,-4.068153043509882,-0.4105814115805626,2.709189551568814,5.391284657248091,7.757405611973881,9.959033318381598,12.523490827114312,15.02144561307029,17.165756228875143,19.511224615818293,21.497998979216817,23.53398079498644,26.046136169872344,28.781123078112884,31.04247134248992,34.49031677988308,38.91099459636843,46.61386310640973
20,first year,-13.235450973757464,-6.327404079396782,-2.6468524979141588,0.3556373403789126,3.0124543093470346,5.497380894997416,8.314337971524008,10.627739160158859,13.02145911519199,15.171119586659824,17.52643205298839,19.448770656921404,21.789204169568013,23.78709910374649,26.415810129523884,29.247538051758266,33.17420350121547,37.305356846834215,42.9927176444447
21,first year,-14.244767885666148,-7.9162748676744075,-3.5859603328245817,-0.5856936197336369,2.1564900441136112,4.83985903853492,7.433341166781157,9.514639224046814,11.697465510676977,14.043988031323202,16.395362919930452,18.654246925738594,21.354613090022283,23.351890866433035,25.74754623569129,28.272494287096237,31.09396219028501,36.11958747071691,41.8631471634661
22,first year,-14.358347874615744,-8.123107038725234,-3.88808989796188,-0.8548766713660068,1.3632070830354248,3.6999359082025887,6.49248575179411,8.96125372363054,10.817038490416977,13.471152608996462,15.776204341012424,17.810648000127344,19.922231166898353,22.36441429728843,24.819885914651557,27.891458691654577,31.175910800453604,35.11854097193249,40.40222925691283
23,first year,-15.659696629324483,-10.009109802579914,-6.054490256296055,-2.726087812368588,0.2808822566178253,2.346204229114747,4.8638411801561645,6.932673032302617,9.146165059174578,11.426278974845145,13.640571917237722,15.587676693346168,17.546683232220616,19.652713576703547,22.246614490241747,25.039331039840583,28.39779072945248,32.53349008743785,38.97154664275386
24,first year,-17.92611598665805,-11.881537228824845,-8.036862011984985,-4.449772599552859,-1.3610670857309453,1.1619503216340012,3.5002892906777348,5.57138307261454,7.695907112124291,9.831507107973872,12.015097283419134,14.056311527896453,16.122109085397454,18.48606256712229,20.888950100386932,23.932168087664763,27.119137650647527,31.16939448954914,37.80261271425931
25,first year,-19.87763162676056,-12.882745659693482,-8.687159577353846,-5.036802134913115,-2.3580079319390044,0.2315998467649474,2.610963327927711,4.904251836814084,7.063165659473655,9.191153770984783,11.074270884246857,13.403294372666462,16.052217449703782,18.424926392811813,21.00370393970819,23.856238864415847,26.593413102349984,30.49980195566721,37.050981734317155
26,first year,-20.39526584316447,-14.413252205420214,-10.607779572420517,-7.207645191254251,-4.269460035895011,-1.599403411590417,0.9944212824401131,3.0730023562359614,5.664748852222694,7.7460010723061075,9.337931936843031,11.612694243137875,14.04007842376064,17.22614367790854,19.655801824734755,21.912592844311582,25.23570418073262,29.160285215051413,35.85768782216741
27,first year,-21.974059333259568,-15.279537976204292,-10.604800359563225,-7.033540416771485,-4.454466625314861,-1.9980658348034632,0.34653720033022617,2.51366276883312,4.935359085715106,7.009183684111742,9.204050167425308,11.17027694734206,13.539412641634758,15.817547974413007,18.404389725459783,21.22252893259467,24.49956305125232,28.610370765619084,35.10171586310547
28,first year,-21.97952829895343,-15.939537111048352,-11.94775371462094,-8.83599825089135,-5.708638490521928,-3.628684804259233,-1.1855107283077733,1.1909835518561391,3.148159729978517,5.009188412551955,7.620664196420176,9.785346921182846,12.095783565418596,14.599808826151445,17.219573519805305,19.925989055716844,23.260459554719276,27.72085245400497,33.997475731552086
29,first year,-22.85798807036641,-16.087819809171176,-12.363298845227934,-9.21950671046331,-6.6597807030330305,-4.028290742190533,-1.7889320555860557,0.42164327044955174,2.5193546922944643,4.701911140634758,6.791216525141491,8.917428270673348,11.360002041863435,13.650189842760106,16.505021950672905,19.36422343627188,22.067997101829228,26.749972758008923,33.50007350863552
30,first year,-25.11427181145136,-17.907136852684896,-13.353303555225835,-9.685847628590604,-6.836886459354714,-4.490623869173888,-2.543517852392707,0.02858998869311729,2.25219767050565,4.2635568335062315,6.605941177045051,8.428237183192259,10.664649748889214,12.792335822288882,15.080962773673882,18.163264278727702,21.932872844234694,25.949631417081402,32.68049123158907
31,first year,-25.46680863296653,-19.11401696734228,-15.042839408550572,-11.820493580046222,-9.03350833291862,-6.265910732397359,-3.4974420467456993,-1.0451608186119667,1.0984334476775142,3.2607871254745784,5.167148587422783,7.273651350360147,9.10962995967931,11.583047011993884,14.304647905633482,16.91157510459258,20.496352747929006,25.023206043886592,31.000143932985967
32,first year,-26.70777371113757,-19.55281411032725,-15.125648556084167,-11.75986177087133,-8.828552982810212,-6.15554697573176,-4.192299288626222,-2.2618435637591268,-0.054552792677561725,2.2391339449415057,4.795080912059753,6.931379653984592,8.768025407140534,10.97480792224891,13.455471219335152,16.545199010805273,19.745766800838922,23.365867218623578,30.612194671290776
33,first year,-27.161835814685432,-21.019681111623356,-16.992490767175948,-13.200339966005792,-10.582381732501707,-7.745725103763761,-5.291587722864221,-2.984973561044014,-0.8233545266512439,1.2200876991751088,3.630532436536411,5.787636874582713,7.9729395997989645,10.03812192555235,12.704805699712399,15.307953127527387,18.395687769785887,22.57214697264078,28.386857189255814
34,first year,-28.38875478385639,-22.66555287436957,-18.773646976913323,-15.365384251537318,-12.831164480415405,-10.327611770465094,-7.869445861378479,-5.3794150333042134,-3.162321623124237,-1.0776734594849553,1.0785568050240917,3.4151309037364594,6.073767500749341,8.484288896874514,11.275968850098664,14.31817658774236,17.64991838607985,22.310827831656766,28.970780527196215
35,first year,-28.736698847356177,-22.296185435989095,-18.557682203193814,-15.361841086119322,-12.52770315029305,-9.956806672631911,-7.954230584157682,-5.718161934925016,-3.7696550444308157,-1.4345028501197747,0.6769971290606449,2.826249810176209,5.012585770914196,7.311609879877354,9.860245423456213,12.757446488914972,16.603246061134087,20.932920742814723,26.556653856836025
36,first year,-28.690154636095656,-22.947871570699508,-18.91834780663959,-16.262221813892907,-13.14956798086905,-10.527727303887605,-7.9548677410496875,-5.885925578563215,-3.5266152529547163,-1.2055197774461548,0.9777436153197392,3.0134023072369898,5.476467247139778,7.741984195961917,10.260336595536895,13.102098773826699,16.36332139850889,19.961909092796947,25.53697215802416
1,second year,55.57436048608053,60.613590158116395,64.5398390107309,67.22122277479926,69.59189882675864,71.71529580918322,73.17901536130236,74.93875056049964,76.67135380318055,78.40938878302802,80.12732535120097,81.58704933659246,82.88736209016292,84.47863243206264,86.09998086323068,88.04727635120642,90.411963568183225,94.09090295844656,98.52582104149312
2,second year,50.727828024978926,54.73072746151785,57.70449176097818,60.242205446820435,62.51456674985116,64.59997013822783,66.51965480682502,68.02601705374617,69.9682496201571,71.50037820289444,73.0730675884947,74.75797990009252,76.36187979973847,78.22763777156163,80.2125358249938,82.21363310456525,84.94293303378697,88.15849935067978,92.33562109342853
3,second year,45.255205198600656,50.05951457464753,53.48495787395686,55.94266957703634,58.22876893740338,60.41293120095965,62.273684783526875,63.872455091068666,65.5304150343591,67.24182092472304,68.92688164828594,70.8566879185187,72.55297515364452,74.52341211074915,76.42397328534213,78.16389577445221,80.56664803993232,83.82973322655383,89.19737481838143
4,second year,41.141005106447075,46.06159596380614,49.20078465471991,51.789502106078245,53.82127089191323,56.04294567947842,57.840996235343546,59.664602699985124,61.361282390970054,63.04399420808248,64.63532732735695,66.25968103818127,67.91827421120044,69.75392487502592,71.71380572264594,73.80985272007243,76.5302037572833,79.40090649081657,84.61431343549843
5,second year,37.16433089817054,41.376300122186144,44.51811940672299,47.07206863747432,49.92916948541574,51.58195999838861,53.62523850740206,55.12199962096624,57.19929940026329,58.9575604378402,60.657689721302106,62.438105357833145,64.07212412133089,65.74893679110876,67.30936284510489,69.3410101498505,71.83631898380524,74.87039293155001,79.46590878819381
6,second year,34.86154201369134,39.84323349929647,42.453109487001996,45.27944516739066,47.4538439536537,49.23005643155511,50.94081225564548,52.56467570968733,54.05823291327614,55.6391274871431,57.24218042961974,58.89810719479925,60.753721769906576,62.281553035583045,64.21547655019471,66.53974999512664,69.03285950793214,72.30801106800422,77.82451836895184
7,second year,31.79806541112013,36.39289763454388,39.42832811448902,42.47702991638055,44.25201408647279,46.239372897321154,48.445057063284125,50.2705790568487,51.43322051711404,53.102472557948715,54.84203814426088,56.65949623687693,58.320472827128995,60.13145101384694,61.7337295650636,63.79094337829155,66.11725507984707,69.09363850962067,73.3661824870137
8,second year,28.678417968777715,33.06878425930653,36.669623186056,39.08726077190487,41.29463402868035,43.327971986865414,45.316878747897476,47.04064698089596,48.83750049642012,50.473575766264766,52.10301630031395,53.72795599741769,55.45376669765372,57.27594711707296,59.018082518539856,61.22637546331154,63.56469727961942,66.73974300952992,71.2502484917963
9,second year,26.88758450459973,31.423848548006138,35.29263240371675,37.769114356927695,39.8062381812922,41.75259801691098,43.599264557041444,45.035129808277986,46.71658753131856,48.309475160549034,49.88135796981928,51.568947639361355,52.96022343417211,54.68195144569958,56.619174644627506,59.026388215099985,61.49410868592315,64.9382010185558,69.52126238554115
10,second year,24.24160821355392,28.622928816433507,31.563945238321075,34.00005612366229,36.08373068048725,37.71509066007903,39.87462612822194,41.451155015365565,43.243589068283626,45.00556637700235,46.559754230479754,48.715093067729626,50.25305392401452,51.95525981537567,53.934600427648434,56.44573643125041,58.99859666928274,62.09433151957816,66.81594835101836
11,second year,21.537040622206263,26.488910271415996,29.581073671329243,32.628492879971894,34.79324961691722,36.3948979222925,38.25029326198809,39.932874458777576,41.6077189916351,43.18332907386734,44.715706108775464,46.37631286978398,48.29844914686407,49.98416552330737,52.322715158964705,54.82079106595908,57.29247532299336,60.63872244812662,65.14268869486737
12,second year,19.71144808277354,23.78731048664886,26.83172207657772,29.76492089809793,32.17092869393356,34.16424748318799,35.83847606730962,37.70527909981913,39.12708515250203,40.782643199644,42.517261622902865,44.27329499341366,46.1162106849919,47.86619549878612,49.91237802416116,52.35073053440327,54.69902387096218,58.15433073700375,63.325720648543786
13,second year,16.79714256932211,21.81333908768132,24.900412385648107,27.743515194281287,29.880046130472902,31.869481433727906,33.386278156973475,35.34894250979298,37.110936883854095,39.069231193592906,40.727039532522696,42.11168800026809,43.61440928448442,45.67702561551571,47.938500107828034,49.755555149399214,52.15780690196845,55.74618313844032,60.215006000959136
14,second year,15.907759516133032,20.04422300588374,23.136817358327043,25.959356137761144,28.31177595730896,30.07666569441777,31.555566831315303,33.06657522351544,34.83446318923403,36.23864209087985,38.0150843218549,39.40565108768812,41.211733021730566,42.998989679593926,44.738969001080335,46.764796406398354,49.65152523947004,53.28619424896769,57.110266074767736
15,second year,14.46708941390968,18.639475352452408,21.6543608288133,24.055938118893494,26.20567827576619,27.96947999479716,29.899497623138878,31.68900340460132,33.086929788679086,34.81796227922,36.27993194730991,37.911761181952315,39.454839931031756,41.22753499031914,43.22525546084658,45.27441383737218,47.7036536292991,50.864839968593216,55.67078302046297
16,second year,11.916721411250274,16.043735133120283,19.118779281375662,21.825922282497327,23.71142371982996,25.60082422233337,27.57868893410127,29.329109831927628,31.043034340744768,32.63860174326457,34.430852972761485,35.97057144064924,37.62917870444946,39.63378351632802,41.5424172269445,43.61679490605939,46.26325250618771,49.66579416727178,53.769961006402944
17,second year,8.487070254226312,13.640458285247394,16.480806770090304,19.064589972886576,21.68453850932734,23.8417388941217,25.972125955044163,27.858921936842577,29.37514134158742,31.13860851814621,32.49067788502744,34.12477509375384,35.7897953414268,37.408644930874026,39.789733415490595,41.82117057844434,44.51615789802658,47.60479844096376,52.38479628767595
18,second year,8.172693927890474,12.323136125075203,15.801018755860461,18.455961587627154,20.64551685095104,22.425614836402346,23.955891341834928,25.713337041984765,27.241254805141025,28.872141515365,30.710657024840806,32.16199926239584,33.87127254718862,35.50340874713585,37.7041246556335,39.81732898716096,41.89722271531334,45.08013330340899,49.59966065309956
19,second year,5.877367435824996,10.219265909021603,13.498861442767842,15.847999038154821,18.319027661136126,20.39524875403569,22.1838193712522,23.92004675979244,25.635323607429285,27.230636743356904,28.9763284956531,30.64691792280832,32.293939361136154,34.06842850212459,35.731756001141854,37.972047363273376,40.10598867000564,43.403615190211944,48.19603435935542
20,second year,4.984269049264981,9.47668950270861,12.718444986855804,15.12613978518864,17.31121118909974,19.117131058997266,20.725256533591843,22.22259783641333,24.04484061063242,25.706648756383743,27.03714528263933,28.57595933153813,30.395073919080573,32.1261545125877,33.946750496379764,35.79643313737334,38.303296473300065,42.132567255494266,46.90843111227569
21,second year,2.2268182521819715,6.701320282477259,10.384860103990084,12.649704863329568,14.668887032664474,16.64902975330603,18.484110465971693,20.08476465524467,22.11717906535553,23.687496062961053,25.33826077971745,26.880290903063617,28.749527796607907,30.62543787434754,32.28457757682007,34.33881162632758,36.987660565613325,40.40878010450946,44.80483903878944
22,second year,0.14620562731238412,4.980694250642247,8.22547073519105,10.964541678863423,12.873274326756162,14.777303854867988,16.69908524087496,18.21860721336669,20.027874055246023,21.655104775707176,23.302995963624404,25.301468419914762,27.004323971180504,28.610720880971037,30.35321577722578,32.58894733334352,34.850059936276665,38.070402373063295,42.299517613483246
23,second year,-0.6949443692223645,3.537698622196962,6.70850442343158,9.246614353614067,11.370881903282706,13.530783691460673,15.531754872699121,17.259093238812717,18.81407201731758,20.376631587737748,22.052836889075454,23.729962735870714,25.53684006309428,27.45272454369529,29.510785385385027,31.54747626489631,34.23350383686891,37.24149577248823,41.424814918065735
24,second year,-2.1488016091338333,2.228742222971074,5.2441039327185965,8.337824634357345,10.418581243312321,12.581569502681067,14.278927220494333,15.98878130917269,17.50467202479255,19.151474460547174,20.871144018485964,22.537798594040055,24.3323522948983,25.834094406583347,27.798003750404167,29.70538516067414,32.144839930737156,35.306595476775684,40.468728704870784
25,second year,-4.791290415364236,0.2802059775064237,3.4962442934501494,6.182641009595892,8.417829870569049,10.569877797668838,12.342864413645241,14.15815480014044,15.613756041018076,17.38911291845763,18.799793891548838,20.509066571569647,22.127538089157508,23.869617414800526,25.831803527920716,28.198102126138735,30.60623463830253,33.485816286463304,38.256923890287645
26,second year,-5.17029301942771,-0.7010913639385122,2.7365455727307757,4.959319020500391,6.901912858999739,8.585612739691438,10.208303197852281,11.854206906632577,13.442984148146571,15.22165576595054,16.876852310910284,18.622851907364176,20.636017680553888,22.371809197175477,24.227612697263474,26.77837815573464,29.460806701186957,32.325562438427745,37.06105614765464
27,second year,-7.081271714167632,-2.251241733337946,0.9907990186575268,3.772375313141542,5.6353611931800405,7.547479958785715,9.28757085854294,10.90201409049062,12.374163903825771,14.323149415954397,15.993746975127989,17.557986000967936,19.594941960688143,21.426870690378504,23.52235656828424,25.633294377597892,28.0252511151812,31.231194986878876,35.97561953489106
28,second year,-8.53625095539843,-4.017395240076297,-0.6995694126260581,1.8714074955270072,4.252446385061534,6.156282145860861,8.083543028511567,9.743743472114613,11.40001539882603,13.18718122507714,15.064822663579864,16.59085159551586,18.385931589484926,20.42249634142193,22.153206594455078,24.22780182285193,26.995053856866242,30.189435422820527,34.50461919722784
29,second year,-9.633566088823406,-5.52550799132554,-2.522191102663997,-0.07744556383450397,2.029364510017905,3.9047723215593795,5.688655302946124,7.798671612293658,9.551893479809085,11.478437128962447,12.925852440850816,14.782509070170537,16.460007850022702,18.11047417953046,20.20123373906456,22.578006924529117,25.05269224080059,28.10315744191619,33.520741778539886
30,second year,-11.125990167326872,-6.08258628273603,-2.9433337818681253,-0.5141729615186633,1.7165453854450416,3.665023721788484,5.569893034467498,7.172547955368595,8.847661409082102,10.46585265046026,12.082593470700104,13.615675198067393,15.484699737257305,17.233967167850523,19.049789138718612,20.999495503189053,23.178809395406844,27.006204698271457,31.699328700324287
31,second year,-13.080659010420936,-7.879693846359529,-4.494540868717367,-2.3155073077920774,-0.17001039534928886,1.6563010112269336,3.3163044351801956,4.927802912394215,6.6897553659846,8.381016901179418,10.333456442567586,11.855371948826821,13.458855217675834,15.049945903601301,16.880434168985815,18.864185071703524,21.397077562880746,24.27356219428635,28.720108415367328
32,second year,-13.307568640656582,-8.637432752352025,-5.781997486820461,-3.131970863441021,-0.7973550327158507,0.9960172532092533,2.5548303760173865,4.291733761237451,5.827666544642733,7.304635020945046,9.101793640303661,10.742784288484184,12.602538043481832,14.450242012585424,16.317623915757377,18.84793608509306,21.400961561761914,24.206275253978944,29.417781651473046
33,second year,-15.675155813709637,-10.984549455502869,-7.7644391079688955,-4.97002419206637,-2.9818251195447725,-0.961615721522292,0.9134215976325695,2.380318935040606,4.023185534345602,5.888558649134125,7.768660705053852,9.589619588187425,11.333799553793803,13.193130327147307,15.087833905716227,17.148326647791617,19.464379946513024,22.80763357514988,26.926592821962576
34,second year,-17.217089512157774,-12.710080662756962,-9.278717599108909,-6.758619379689327,-4.943746135500184,-3.0096788250786908,-0.629048495752297,1.3574587692895659,2.877360883859228,4.429953205850895,6.147121802368607,7.8949960288405805,9.753066904762969,11.461386554735704,13.532147519889456,15.571027415569011,18.371681591493914,21.104678193508796,25.570943364718932
35,second year,-17.807660947325736,-12.857075383769224,-9.832910622582649,-7.553553875201528,-5.74548982640026,-3.769180309287349,-1.7851406275782224,0.04201919445739272,1.730170725459932,3.4509523973168847,5.066682693930591,6.71641462083606,8.3444238458342,9.770803968032894,11.845515938195156,13.775693791034463,16.12996207299064,19.72499633198229,25.023368498044693
36,second year,-19.942299188699774,-15.1650210768825,-12.104814515769574,-9.69487341775315,-7.154677964588888,-5.156093408038014,-3.3515781451020916,-1.4940867376665317,-0.06599277482670216,1.5584954602915144,3.210860721582791,4.565171397427255,6.163694839509359,7.980726046854786,9.613865684885887,11.922812493290367,14.638337908138917,17.20729360728605,21.55376836330701
1,third_year,53.36923267641265,56.97389857494442,59.90138127438374,62.24426189965261,64.24048946451919,66.2699591732297,67.7284565324451,69.30167577623922,70.99802587834691,72.27998281215639,73.69189249900711,75.08538379345512,76.73545364900156,78.08112811144267,80.05029132031223,82.00149208475794,84.15027129396272,86.91406050081999,90.88461961965147
2,third_year,47.244224249468495,51.68139471930965,54.441975683290096,56.933050585968246,59.132757748422996,60.90889742753558,62.47977409731635,64.07984614634208,65.68265745632061,67.30751466624459,68.78754419001693,70.34597823318992,71.78787247158793,73.39575972308934,74.99917900761089,76.87178942978048,79.25702876108643,81.75721597484187,85.68551367412519
3,third_year,43.515615189437014,47.90828775281988,50.74166400566519,52.992499711994284,54.60613992406773,56.50535196275178,57.969579833136166,59.255544054068544,60.444576458717975,61.88479167901298,63.30193110360888,64.77411018531782,66.14910295608968,67.7175246797562,69.52740309385712,71.480074705485,74.01495321330702,76.97825504269031,81.02611004150693
4,third_year,41.16744967932073,45.29447953721728,48.38137895745879,50.55078568337942,52.417123426904794,54.10405624261912,55.42575729505343,56.92038761602059,58.39429734720734,59.83722549522346,61.281220446871885,62.77837205940081,64.2964908968357,65.9395599012576,67.72135790043164,69.51025837565244,71.64887337961687,74.60132735606639,78.66112433140543
5,third_year,37.323848582140045,41.57930213412958,44.348761390235,46.56565963947912,48.69401710897727,50.424448755602086,51.809886701565276,53.116844639990475,54.511206265888944,55.9087959949914,57.22836133560663,58.61312961906171,60.098420666184175,61.95077311191247,63.74080583645053,65.64295577470672,67.99693902244334,70.81807183752201,74.82077636388333
6,third_year,34.382953271348114,39.26135589257316,41.73430099952819,44.035748711389594,45.86172131322973,47.65085662873609,49.15697405168736,50.637400645391,52.08796208473423,53.477867282428335,54.84408507595016,56.30726006701734,57.65963073269421,59.300065056263655,61.01417532764609,63.19960285441233,65.8237029088069,68.26360259048711,72.62403866824812
7,third_year,31.607787421701282,36.621750067735064,39.22021304916615,41.44196313271678,43.45429808097553,45.043248195917364,46.783882661609695,48.37050846157389,49.77190586447,51.192735546578255,52.593439593496456,53.99529160984113,55.300243721337615,56.98139171890601,58.580893559017696,60.507678132348204,62.49561013428172,65.67033558673027,69.44237962073053
8,third_year,29.15771606518643,33.02625952299139,35.88106380974271,37.98703584965857,40.03784430362027,41.85619030102876,43.509769910413965,45.07536881572945,46.69487829706787,48.20262831865499,49.50955764289782,51.11450582588995,52.59744356562486,54.10546703607479,55.73730274034,57.7384911381792,60.13246991705761,62.82779411989584,66.60014559263229
9,third_year,27.17625007928291,31.777625136268053,34.24844658967391,36.245029132567566,38.0903315729253,39.81269037124,41.581959544103775,43.137095396995754,44.48504438067123,45.92547289865152,47.5070433675012,48.8570674781204,50.22952251390147,51.92627397334333,53.591428392997216,55.369754918068836,57.90609375719861,60.63789447991432,64.7711638840103
10,third_year,24.273102810973494,28.75755552475287,31.65870932719308,33.80418427862608,35.70337404658416,37.38595249128151,38.99236109268031,40.72090563813664,42.2068291891107,43.68480290572726,45.109241273693456,46.61741273079739,48.27225277201981,49.84005066773246,51.67960990566391,53.60336478288842,55.881548750099064,59.17962049668551,63.28869703237933
11,third_year,22.99413245709144,27.401165514865912,30.4334977911291,32.75342674872332,34.56942947974607,36.230572382853374,37.757262311947976,39.10606537606501,40.629697694582674,42.04824844577189,43.533105970925135,45.10548669306631,46.559823046376366,48.06677508973796,49.768174292567075,51.89203382258938,53.91210041708679,56.46783483024224,60.50719913681798
12,third_year,21.08863654095999,25.17766984610092,28.23139461692388,29.997302592832515,31.95523225431505,33.6270666757401,35.28456327140715,36.75811965263877,38.38098457400319,39.8683216422881,41.526314977381034,43.115822980137075,44.56588939467369,45.97676944884413,47.91280648896809,49.69757193375165,52.04249941806196,54.51163083022689,58.52641610185761
13,third_year,18.67239231240361,23.203872497916773,26.302867395828528,28.743955323044055,30.881578198942684,32.729611715818265,34.2620476863234,35.936160924103135,37.211736003572625,38.76043807380598,40.13478851580736,41.555470760593465,43.120916881160966,44.8667650488118,46.32060181666904,47.9128878531114,49.90394258662111,52.91372764330947,57.68883331681352
14,third_year,17.792021707961677,21.957429908284208,25.085929287023514,26.776981488539295,28.71428945981164,30.410714599939116,32.013038605365,33.525112232608386,34.95781977732647,36.30778837959732,38.085406489729934,39.74535577248633,41.34740930516092,42.89101761500337,44.61481352168157,46.619017712975584,49.034398213290494,51.74472688729918,56.084307522900296
15,third_year,16.39846876966493,20.385788110454598,23.48775369699255,25.599856862798717,27.339642529697542,29.382324960915092,30.813789353711904,32.56719152724937,34.08182212870921,35.235801662658396,36.49875361276723,37.87642822031471,39.36356547743301,41.00585123556181,42.58306639736688,44.563225910919165,46.72291569895634,49.40189617430011,54.016848817676546
16,third_year,14.487562605864358,18.56042761395911,21.778246665034473,23.94024164106648,25.940033608420812,27.49640678118941,29.342491610679563,30.705232013299447,32.21652515471183,33.774095030420796,34.976470767702416,36.40383038508149,37.90859941030349,39.60074534076645,41.42341614912889,43.20153539351264,45.50101744137623,47.930420306359345,52.028371478525685
17,third_year,13.361105293638502,17.435605419753156,19.996497527870325,21.960638253209005,23.883319446228544,25.432217835852494,26.945916274291847,28.58664236327519,29.8036528367091,31.171451107358408,32.72392186155942,34.08993455513014,35.37363787080096,37.21943950364364,38.86898350091755,40.70056691922658,42.99259012148845,45.820220366215,49.52479398502907
18,third_year,12.513456345381357,16.195728876893398,18.64241200636115,20.902238939276096,22.80727466233423,24.53015146713338,26.17874647578011,27.838634317535444,29.05238647767954,30.470252610664147,32.0939821338891,33.59292825118189,35.22216709715085,36.76797980352037,38.4666856195932,40.52453658456173,42.697205089568705,45.63932540401419,49.80255156133383
19,third_year,9.685694344885494,13.721176392726747,16.773579966389732,19.142372239505892,20.940400294961904,22.654540333631118,24.29522956276452,25.662167868363042,27.090837589139273,28.688134302112957,30.02040355199516,31.529631242384134,33.15150285048643,34.857223509200935,36.51888305667261,38.67704586314227,41.02805174715627,43.164594961080674,46.77516653349811
20,third_year,8.572042940523943,12.979759296438434,15.833746156758972,18.14410574988272,19.76703150623183,21.323030111394118,22.857316397079366,24.659949951984117,26.105340812467666,27.78066213470821,29.334393474649374,30.711329119703002,32.361965081847515,33.91501435379589,35.59789938941027,37.445315547504194,39.81914591623786,42.39633514039472,46.80994482812532
21,third_year,6.972012304312233,11.999745598488595,14.486181492889424,17.301126846035086,18.811242083924213,20.213907374238715,21.80960987800713,23.138170058076668,24.613126236943263,26.201840352613978,27.440780133232384,28.998177685013296,30.807028512701972,32.39069061838071,34.11163476583993,35.91659649981505,38.503321142432526,41.323439577027585,45.83711862359549
22,third_year,5.555934998611354,9.606525959738697,12.946107313927815,14.853110461073324,16.856254205747103,18.596675112553992,20.278985375140014,21.847662507758034,23.324194526476113,24.89461543935794,26.209028292854292,27.656435700561374,28.982670717714903,30.72141341552667,32.40392018659277,34.27922167582361,36.73659127784494,39.749463746354465,43.535772030459746
23,third_year,4.709132131515044,9.232345628487897,12.103659995889805,13.764395595692793,15.631910070208365,17.211864168461894,19.184495901377264,20.4093983385224,21.90472072188984,23.331833493612148,25.010969150354747,26.57692822708301,28.372298032743043,30.122264373459778,31.675047106796782,33.62101171260879,35.90943353888848,38.486184651783276,42.55906062222957
24,third_year,3.9096625709638335,7.712873720888156,10.401760642123143,12.746897693520069,14.46866762301929,16.48235474131664,17.784400198451696,19.41986554258113,20.859328129212457,22.20367398280097,23.77488497276518,25.35798195392056,26.66852904947566,28.3844898084986,30.403155636429833,32.64731043429238,34.68378332737052,37.36220549133849,41.21327869672509
25,third_year,1.451272978030987,5.438350655253933,8.899578919813212,10.970778991944838,12.92945894009806,14.946940239750623,16.427196233596217,17.904638418967465,19.51324784604108,20.96892262692197,22.42567473499682,23.88381731647883,25.38703834965264,26.793553290487452,28.57997047313038,30.50468782874296,33.019202605407635,36.22318499392575,40.40731812750662
26,third_year,1.5721943616818963,5.241832393635519,8.121843715887996,10.188233834785454,11.74943698095737,13.721768669721659,15.649562932714506,17.055289599228743,18.447908536457433,19.862581110795603,21.326642088153474,22.77423997074589,24.108080662737798,25.685223207886736,27.356349083202765,29.409918498130764,31.583337869897488,34.23026871275908,38.015138129130094
27,third_year,-0.510957515484837,3.5126202440663565,6.813428058769389,8.949583649757104,11.034066444896157,12.68898129598002,14.44731143268798,15.915067779978251,17.464672005725603,18.571507933751235,19.943835758429298,21.39257179937813,22.656426364491487,24.00588326530668,25.474586407442256,27.40227788347513,29.626016528912604,32.45893915393879,37.52800029468847
28,third_year,-2.0386262812049005,2.0915033809501105,4.678052791093001,7.0795954815910385,9.185204644586381,11.001115500462323,12.774745674324516,14.325993766266087,15.605419333138952,17.16728261909093,18.733077875061763,20.01253422026346,21.562887600209052,23.144826715673517,24.678549980747437,26.45181186944036,28.338717409214055,31.180625170179407,34.85379591226127
29,third_year,-3.0604385333758786,1.4001918936241993,3.975092518020124,6.2820611676715234,8.165904947436827,9.967758307212826,11.46328638712816,12.978946521954613,14.277992378615,15.819612303346885,17.57301816349153,18.9424523290817,20.292564769236265,22.007367231362505,23.68886579897478,25.937715229999142,28.03474481610192,31.28722232983618,35.33766727536217
30,third_year,-3.2886604037672247,0.1643246659311291,3.0981969767904287,5.0921399417826185,7.09260095923325,8.994392497900115,10.715075524058463,12.07390825313368,13.334042985366963,14.893993410020224,16.540291028132152,17.882416571895988,19.42623601209143,21.112637164104452,22.65861613697124,24.909600897950504,27.21625067442576,30.06862965407178,33.86311984583904
31,third_year,-6.793891226183254,-2.544078905124066,0.3379378471018176,3.0794015353564728,5.517637362738096,7.552060912645207,9.044162168263105,10.504533440754908,11.832406967595034,13.401512965163587,14.80271309333228,16.375782147063497,17.830098110563412,19.537664532104777,21.18642606974462,23.29464869493775,25.35934628265754,28.7284610737676,32.7452026113268
32,third_year,-5.658057010283029,-1.9659853216744467,0.8777902554440822,3.368194984420904,5.4703421250537465,7.019683757132908,8.476206530859887,9.764132148738035,11.05354651499973,12.627535649854089,14.175284054960247,15.487823632956543,17.19559616036026,18.83637822015954,20.377049346429562,22.286648745524456,24.23117247356462,27.430537666004714,31.563869669783816
33,third_year,-7.645090159457302,-3.055693081152193,-0.4399334427223964,1.7308719173902598,3.9801358633175608,5.651297411091023,7.317125023850206,9.160045041942727,10.628813095262217,12.106526345761209,13.52186132825154,14.853345503324814,16.550541707789247,17.977158013333987,19.95901672614099,21.754349161391783,23.983014356740696,27.21198226546708,30.959803739185684
34,third_year,-8.794848867942536,-4.3874351742108315,-1.2823354680530001,0.8694324630649286,2.390344799385506,4.145929545840833,5.734261847799633,7.2354023217974905,8.837935493902634,10.385059988555495,11.829569971727121,13.308090108401316,14.986690817332434,16.708539568689353,18.39692806763512,20.644037901732524,22.82477174758325,25.30269322478628,29.311131053034853
35,third_year,-9.367064039840798,-5.1082069805853525,-2.599759786388698,-0.44842358687996814,1.439150552669008,3.2749277829153933,4.842694554705967,6.577445290635316,8.270040609453243,9.50461951546417,10.890121615280702,12.629572076834268,14.089582514755817,15.556475233639318,17.410846083792098,19.356394059150205,21.93098146884168,24.67696259342336,29.136354650710167
36,third_year,-10.605528657933183,-5.7729666087893206,-3.133223391067567,-0.6994654739930982,1.2858148827006213,2.844872693634068,4.444540439562707,5.838844309700201,7.176085902987967,8.6176897198645,10.233453182474648,11.688902509572706,13.42896279708183,14.944761221502567,16.5367089377225,18.48428523028737,20.765259985102855,24.00066712587279,28.230451502570943
