roster_id,name,position,week,points,value_added
1,Justin Herbert,QB,1,10.36,-1.241284313725492
1,Alvin Kamara,RB,1,22,11.914460784313725
1,David Montgomery,RB,1,16.3,6.214460784313726
1,Marvin Harrison Jr.,WR,1,1.4,-9.650147058823528
1,Keenan Allen,WR,1,6.9,-4.150147058823528
1,Mark Andrews,TE,1,3.4,-2.6696078431372547
1,Zack Moss,RB,1,14.1,4.014460784313725
1,Kyler Murray,QB,1,14.18,2.578715686274508
1,Justin Tucker,K,1,7,-1.2607843137254893
1,New York Jets,DST,1,2,-4.915196078431372
2,Brock Purdy,QB,1,10.34,2.297686274509804
2,De'Von Achane,RB,1,23,13.764460784313725
2,Austin Ekeler,RB,1,10.2,0.9644607843137241
2,CeeDee Lamb,WR,1,13.6,1.9987156862745081
2,Brandon Aiyuk,WR,1,4.8,-6.801284313725492
2,Jake Ferguson,TE,1,4.5,-1.5696078431372547
2,Deebo Samuel Sr.,WR,1,18.7,7.098715686274508
2,Mike Evans,WR,1,23.1,11.49871568627451
2,Younghoe Koo,K,1,4,-4.260784313725489
3,Dak Prescott,QB,1,11.46,-0.14128431372549066
3,Kenneth Walker III,RB,1,18.9,8.814460784313724
3,Javonte Williams,RB,1,3.3,-6.785539215686275
3,Justin Jefferson,WR,1,15.9,4.849852941176472
3,D.J. Moore,WR,1,10,-1.0501470588235282
3,Cole Kmet,TE,1,1.4,-4.669607843137255
3,Joe Mixon,RB,1,26.8,16.714460784313726
3,Tua Tagovailoa,QB,1,18.62,7.0187156862745095
3,Jake Elliott,K,1,10,1.7392156862745107
3,San Francisco 49ers,DST,1,7,0.0848039215686276
4,Joe Burrow,QB,1,8.06,-3.541284313725491
4,James Cook,RB,1,13.3,4.0644607843137255
4,Jaylen Warren,RB,1,4,-5.235539215686275
4,Amon-Ra St. Brown,WR,1,4.3,-5.785539215686275
4,Chris Olave,WR,1,3.1,-6.985539215686275
4,Trey McBride,TE,1,8,1.9303921568627453
4,Amari Cooper,WR,1,3.6,-6.485539215686275
4,Matthew Stafford,QB,1,15.68,4.078715686274508
4,Ka'imi Fairbairn,K,1,17,8.73921568627451
4,Seattle Seahawks,DST,1,11,4.084803921568628
5,Trevor Lawrence,QB,1,11.28,3.2376862745098034
5,Kyren Williams,RB,1,14.4,5.164460784313725
5,Travis Etienne,RB,1,11.9,2.664460784313725
5,Ja'Marr Chase,WR,1,12.2,0.5987156862745078
5,Stefon Diggs,WR,1,21.9,10.298715686274507
5,David Njoku,TE,1,8.4,2.3303921568627457
5,Diontae Johnson,WR,1,3.9,-7.701284313725491
5,Josh Downs,WR,1,0,-11.601284313725492
5,Jake Moody,K,1,26,17.739215686274513
5,Philadelphia Eagles,DST,1,4,-2.9151960784313724
6,Josh Allen,QB,1,31.18,19.578715686274506
6,Jahmyr Gibbs,RB,1,17.4,8.164460784313723
6,D'Andre Swift,RB,1,5,-4.235539215686275
6,A.J. Brown,WR,1,22.9,12.814460784313724
6,Tank Dell,WR,1,8.9,-1.1855392156862745
6,Dallas Goedert,TE,1,7.1,1.030392156862745
6,DeVonta Smith,WR,1,15.4,5.3144607843137255
6,Kirk Cousins,QB,1,8.2,-3.4012843137254922
6,Daniel Carlson,K,1,3,-5.260784313725489
6,Cincinnati Bengals,DST,1,3,-3.9151960784313724
7,Patrick Mahomes,QB,1,16.14,4.538715686274509
7,Bijan Robinson,RB,1,16.1,6.864460784313726
7,Jerome Ford,RB,1,18.9,9.664460784313723
7,Nico Collins,WR,1,17.7,7.614460784313724
7,Puka Nacua,WR,1,8.2,-1.8855392156862756
7,Dalton Kincaid,TE,1,2.1,-3.9696078431372546
7,Zay Flowers,WR,1,11.1,1.0144607843137248
7,Derek Carr,QB,1,21.3,9.69871568627451
7,Evan McPherson,K,1,6,-2.2607843137254893
7,New Orleans Saints,DST,1,15,8.084803921568628
8,Jalen Hurts,QB,1,18.42,6.81871568627451
8,Rachaad White,RB,1,16.6,7.364460784313726
8,Chuba Hubbard,RB,1,1.4,-7.835539215686275
8,Garrett Wilson,WR,1,12,1.9144607843137251
8,Jordan Addison,WR,1,6.5,-3.585539215686275
8,Evan Engram,TE,1,1.5,-4.569607843137255
8,Rome Odunze,WR,1,2.1,-7.985539215686275
8,Anthony Richardson,QB,1,27.08,15.478715686274507
8,Cameron Dicker,K,1,12,3.7392156862745107
8,Dallas Cowboys,DST,1,18,11.084803921568628
9,Jared Goff,QB,1,12.38,4.337686274509805
9,Christian McCaffrey,RB,1,0,-11.601284313725492
9,Jonathan Taylor,RB,1,10.8,-0.8012843137254908
9,Cooper Kupp,WR,1,32,20.398715686274507
9,Terry McLaurin,WR,1,3.7,-7.901284313725491
9,Travis Kelce,TE,1,6.4,0.3303921568627457
9,Christian Kirk,WR,1,4,-7.6012843137254915
9,James Conner,RB,1,19.3,7.698715686274509
9,Harrison Butker,K,1,9,0.7392156862745107
10,C.J. Stroud,QB,1,18.66,7.058715686274509
10,Isiah Pacheco,RB,1,15.8,6.5644607843137255
10,Brian Robinson Jr.,RB,1,17.9,8.664460784313723
10,Tyreek Hill,WR,1,26,15.914460784313725
10,Davante Adams,WR,1,10.9,0.8144607843137255
10,George Kittle,TE,1,8,1.9303921568627453
10,DeAndre Hopkins,WR,1,1.8,-8.285539215686274
10,Justin Fields,QB,1,11.94,0.338715686274508
10,Brandon Aubrey,K,1,21,12.73921568627451
11,Lamar Jackson,QB,1,25.12,13.51871568627451
11,Breece Hall,RB,1,18.3,9.064460784313725
11,Najee Harris,RB,1,8.9,-0.33553921568627487
11,Jaylen Waddle,WR,1,16.2,6.114460784313724
11,Michael Pittman Jr.,WR,1,7.1,-2.9855392156862752
11,Kyle Pitts,TE,1,11.6,5.530392156862745
11,DK Metcalf,WR,1,5.9,-4.1855392156862745
11,Deshaun Watson,QB,1,12.66,1.0587156862745086
11,Tyler Bass,K,1,10,1.7392156862745107
11,Tampa Bay Buccaneers,DST,1,5,-1.9151960784313724
12,Jordan Love,QB,1,17.4,5.798715686274507
12,Saquon Barkley,RB,1,33.2,23.114460784313728
12,Josh Jacobs,RB,1,12.4,2.3144607843137255
12,Rashee Rice,WR,1,17.3,6.2498529411764725
12,Calvin Ridley,WR,1,8,-3.050147058823528
12,Sam LaPorta,TE,1,8.5,2.4303921568627453
12,Derrick Henry,RB,1,10.6,0.5144607843137248
12,Baker Mayfield,QB,1,29.66,18.05871568627451
12,Chris Boswell,K,1,26,17.739215686274513
12,Chicago Bears,DST,1,25,18.08480392156863
1,Justin Herbert,QB,2,12,-1.5437843137254923
1,Alvin Kamara,RB,2,44,31.038627450980393
1,David Montgomery,RB,2,17,4.038627450980391
1,Marvin Harrison Jr.,WR,2,29,18.66151960784314
1,Adam Thielen,WR,2,4,-6.338480392156862
1,Mark Andrews,TE,2,9.1,2.1612254901960783
1,Zack Moss,RB,2,5.7,-7.261372549019609
1,Kyler Murray,QB,2,28.54,14.996215686274507
1,Justin Tucker,K,2,12,4.08921568627451
1,New York Jets,DST,2,12,4.734803921568628
2,Brock Purdy,QB,2,14.96,7.282852941176472
2,De'Von Achane,RB,2,29.5,21.00529411764706
2,Austin Ekeler,RB,2,11.5,3.0052941176470593
2,CeeDee Lamb,WR,2,19,5.456215686274508
2,Drake London,WR,2,17.4,3.8562156862745063
2,Jake Ferguson,TE,2,0,-6.938774509803921
2,Brandon Aiyuk,WR,2,8.3,-5.243784313725492
2,Mike Evans,WR,2,7.2,-6.343784313725492
2,Younghoe Koo,K,2,10,2.0892156862745104
2,Buffalo Bills,DST,2,18,10.734803921568627
3,Dak Prescott,QB,2,14.92,1.3762156862745076
3,Joe Mixon,RB,2,8,-0.49470588235294066
3,Javonte Williams,RB,2,11.5,3.0052941176470593
3,Justin Jefferson,WR,2,23.3,10.338627450980391
3,D.J. Moore,WR,2,11.3,-1.6613725490196085
3,Brock Bowers,TE,2,18.8,11.86122549019608
3,Allen Lazard,WR,2,3.1,-9.86137254901961
3,Tua Tagovailoa,QB,2,8.5,-5.043784313725492
3,Jake Elliott,K,2,7,-0.9107843137254896
3,San Francisco 49ers,DST,2,10,2.734803921568628
4,Joe Burrow,QB,2,17.22,3.6762156862745066
4,James Cook,RB,2,28.5,20.00529411764706
4,Jordan Mason,RB,2,17.4,8.905294117647058
4,Amon-Ra St. Brown,WR,2,22.9,9.93862745098039
4,Chris Olave,WR,2,12.8,-0.1613725490196085
4,Trey McBride,TE,2,18.7,11.761225490196079
4,Amari Cooper,WR,2,4.1,-8.86137254901961
4,Matthew Stafford,QB,2,6.64,-6.903784313725493
4,Ka'imi Fairbairn,K,2,20,12.08921568627451
4,Baltimore Ravens,DST,2,8,0.734803921568628
5,Trevor Lawrence,QB,2,13.3,5.622852941176472
5,Kyren Williams,RB,2,15.2,6.705294117647059
5,Travis Etienne,RB,2,14.8,6.30529411764706
5,Ja'Marr Chase,WR,2,7.5,-6.043784313725492
5,Stefon Diggs,WR,2,7.7,-5.843784313725492
5,David Njoku,TE,2,0,-6.938774509803921
5,Diontae Johnson,WR,2,4.5,-9.043784313725492
5,Josh Downs,WR,2,0,-13.543784313725492
5,Jake Moody,K,2,5,-2.9107843137254896
5,Philadelphia Eagles,DST,2,1,-6.265196078431372
6,Josh Allen,QB,2,9.76,-3.7837843137254925
6,Jahmyr Gibbs,RB,2,17.6,9.10529411764706
6,Tony Pollard,RB,2,15.2,6.705294117647059
6,Xavier Worthy,WR,2,4.2,-8.761372549019608
6,Tank Dell,WR,2,2.3,-10.66137254901961
6,Dallas Goedert,TE,2,6.8,-0.13877450980392148
6,DeVonta Smith,WR,2,20.6,7.638627450980392
6,Kirk Cousins,QB,2,17.54,3.996215686274507
6,Daniel Carlson,K,2,18,10.08921568627451
6,Jacksonville Jaguars,DST,2,4,-3.265196078431372
7,Patrick Mahomes,QB,2,14.94,1.3962156862745072
7,Bijan Robinson,RB,2,16.2,7.705294117647059
7,Jerome Ford,RB,2,7.4,-1.0947058823529403
7,Nico Collins,WR,2,27.5,14.53862745098039
7,Jayden Reed,WR,2,6.6,-6.36137254901961
7,Dalton Kincaid,TE,2,7.3,0.3612254901960785
7,Zay Flowers,WR,2,22.1,9.138627450980392
7,Malik Willis,QB,2,12.98,-0.5637843137254919
7,Evan McPherson,K,2,15,7.08921568627451
7,Los Angeles Chargers,DST,2,11,3.734803921568628
8,Jalen Hurts,QB,2,24.82,11.276215686274508
8,Rachaad White,RB,2,3.3,-9.66137254901961
8,Zach Charbonnet,RB,2,17.9,4.938627450980389
8,Garrett Wilson,WR,2,10.2,-0.13848039215686292
8,Joshua Palmer,WR,2,3.9,-6.438480392156862
8,Evan Engram,TE,2,0,-6.938774509803921
8,Jaleel McLaughlin,RB,2,0.6,-12.36137254901961
8,Anthony Richardson,QB,2,12.86,-0.6837843137254929
8,Cameron Dicker,K,2,9,1.0892156862745104
8,Dallas Cowboys,DST,2,1,-6.265196078431372
9,Jared Goff,QB,2,10.78,3.1028529411764705
9,Christian McCaffrey,RB,2,0,-13.543784313725492
9,Jaylen Wright,RB,2,0.4,-13.143784313725492
9,Malik Nabers,WR,2,28.7,15.156215686274507
9,Cooper Kupp,WR,2,7.7,-5.843784313725492
9,Travis Kelce,TE,2,1.6,-5.338774509803921
9,James Conner,RB,2,19.4,5.856215686274506
9,Christian Kirk,WR,2,0.9,-12.643784313725492
9,Harrison Butker,K,2,10,2.0892156862745104
10,C.J. Stroud,QB,2,14.3,0.7562156862745084
10,Isiah Pacheco,RB,2,16.1,7.605294117647061
10,Brian Robinson Jr.,RB,2,14.6,6.105294117647059
10,Tyreek Hill,WR,2,6.6,-6.36137254901961
10,Davante Adams,WR,2,26,13.03862745098039
10,George Kittle,TE,2,20.6,13.661225490196081
10,DeAndre Hopkins,WR,2,1.9,-11.061372549019609
10,Jayden Daniels,QB,2,13.44,-0.1037843137254928
10,Brandon Aubrey,K,2,17,9.08921568627451
10,Kansas City Chiefs,DST,2,13,5.734803921568628
11,Lamar Jackson,QB,2,17.38,3.8362156862745067
11,Breece Hall,RB,2,24.4,11.43862745098039
11,Najee Harris,RB,2,8.4,-4.561372549019609
11,Jaylen Waddle,WR,2,8.5,-1.8384803921568622
11,Michael Pittman Jr.,WR,2,5.1,-5.238480392156863
11,Kyle Pitts,TE,2,5,-1.9387745098039213
11,Rhamondre Stevenson,RB,2,17,4.038627450980391
11,Deshaun Watson,QB,2,15.44,1.8962156862745072
11,Tyler Bass,K,2,7,-0.9107843137254896
11,Tampa Bay Buccaneers,DST,2,5,-2.265196078431372
12,Baker Mayfield,QB,2,19.8,12.122852941176472
12,Saquon Barkley,RB,2,17.6,4.056215686274509
12,Josh Jacobs,RB,2,13.1,-0.44378431372549265
12,Rashee Rice,WR,2,18.5,4.956215686274508
12,Calvin Ridley,WR,2,24.7,11.156215686274507
12,Sam LaPorta,TE,2,3.3,-3.6387745098039215
12,Derrick Henry,RB,2,16.6,3.056215686274509
12,George Pickens,WR,2,4.9,-8.643784313725492
12,Chris Boswell,K,2,9,1.0892156862745104
12,Pittsburgh Steelers,DST,2,13,5.734803921568628
1,Justin Herbert,QB,3,9,-3.8437843137254912
1,Alvin Kamara,RB,3,15.7,5.491960784313724
1,David Montgomery,RB,3,21.2,10.991960784313724
1,Marvin Harrison Jr.,WR,3,17.4,7.989019607843137
1,DeVonta Smith,WR,3,14.9,5.489019607843138
1,Mark Andrews,TE,3,0,-7.545441176470589
1,Zamir White,RB,3,3.4,-6.808039215686275
1,Kyler Murray,QB,3,15.78,2.936215686274508
1,Justin Tucker,K,3,3,-2.98578431372549
1,New York Jets,DST,3,17,10.376470588235295
2,Brock Purdy,QB,3,25.78,16.328352941176473
2,De'Von Achane,RB,3,8.8,0.09529411764706097
2,Austin Ekeler,RB,3,13.7,4.9952941176470596
2,CeeDee Lamb,WR,3,8.7,-4.143784313725492
2,Drake London,WR,3,18.7,5.856215686274508
2,Jake Ferguson,TE,3,15.5,7.954558823529411
2,Brandon Aiyuk,WR,3,9.8,-3.0437843137254905
2,Mike Evans,WR,3,3.7,-9.14378431372549
2,Younghoe Koo,K,3,7,1.0142156862745102
2,Buffalo Bills,DST,3,14,7.3764705882352946
3,Dak Prescott,QB,3,29.86,17.016215686274506
3,Joe Mixon,RB,3,0,-8.70470588235294
3,Kenneth Walker III,RB,3,0,-8.70470588235294
3,Justin Jefferson,WR,3,20.1,9.891960784313726
3,D.J. Moore,WR,3,15.2,4.991960784313724
3,Brock Bowers,TE,3,7.1,-0.445441176470589
3,Allen Lazard,WR,3,13.8,3.5919607843137253
3,Sam Darnold,QB,3,23.24,10.396215686274507
3,Jake Elliott,K,3,0,-5.98578431372549
3,San Francisco 49ers,DST,3,3,-3.6235294117647054
4,Joe Burrow,QB,3,25.36,12.516215686274508
4,James Cook,RB,3,18.7,9.99529411764706
4,Jordan Mason,RB,3,10.8,2.095294117647061
4,Amon-Ra St. Brown,WR,3,20.5,10.291960784313725
4,Chris Olave,WR,3,20.6,10.391960784313726
4,Trey McBride,TE,3,5.5,-2.0454411764705887
4,Jaxon Smith-Njigba,WR,3,6.9,-3.308039215686275
4,Matthew Stafford,QB,3,12.84,-0.003784313725491373
4,Ka'imi Fairbairn,K,3,0,-5.98578431372549
4,Seattle Seahawks,DST,3,15,8.376470588235295
5,Trevor Lawrence,QB,3,10.42,-2.4237843137254913
5,Kyren Williams,RB,3,31.6,22.89529411764706
5,Travis Etienne,RB,3,12.5,3.7952941176470603
5,Ja'Marr Chase,WR,3,29.8,19.591960784313727
5,Stefon Diggs,WR,3,19.92,9.711960784313726
5,David Njoku,TE,3,0,-7.545441176470589
5,Diontae Johnson,WR,3,26.2,15.991960784313724
5,Geno Smith,QB,3,13.36,0.5162156862745082
5,Jake Moody,K,3,5,-0.9857843137254898
5,Cincinnati Bengals,DST,3,-1,-7.6235294117647054
6,Josh Allen,QB,3,30.92,18.07621568627451
6,Jahmyr Gibbs,RB,3,16.3,6.091960784313725
6,Tony Pollard,RB,3,5.9,-4.308039215686275
6,Tee Higgins,WR,3,6.9,-2.5109803921568616
6,Tank Dell,WR,3,11.2,1.7890196078431373
6,Dallas Goedert,TE,3,27,19.45455882352941
6,Devin Singletary,RB,3,18.8,8.591960784313725
6,Kirk Cousins,QB,3,12.1,-0.7437843137254916
6,Daniel Carlson,K,3,1,-4.98578431372549
6,Cleveland Browns,DST,3,7,0.37647058823529456
7,Patrick Mahomes,QB,3,17.38,4.536215686274508
7,Bijan Robinson,RB,3,13.2,4.4952941176470596
7,J.K. Dobbins,RB,3,8.4,-0.3047058823529394
7,Nico Collins,WR,3,12.6,2.3919607843137243
7,Zay Flowers,WR,3,5.3,-4.9080392156862755
7,Dalton Kincaid,TE,3,13.1,5.554558823529411
7,Jayden Reed,WR,3,10.9,0.691960784313725
7,Derek Carr,QB,3,8.98,-3.863784313725491
7,Evan McPherson,K,3,8,2.01421568627451
7,Green Bay Packers,DST,3,22,15.376470588235295
8,Jalen Hurts,QB,3,11.94,-0.9037843137254917
8,Rachaad White,RB,3,8.5,-1.7080392156862754
8,Zach Charbonnet,RB,3,25.7,15.491960784313724
8,Garrett Wilson,WR,3,14.3,4.889019607843139
8,Rome Odunze,WR,3,23.4,13.989019607843137
8,Colby Parkinson,TE,3,5.1,-2.445441176470589
8,Chuba Hubbard,RB,3,27.9,17.69196078431372
8,Anthony Richardson,QB,3,7.08,-5.763784313725491
8,Cameron Dicker,K,3,4,-1.9857843137254898
8,Dallas Cowboys,DST,3,-1,-7.6235294117647054
9,Jared Goff,QB,3,15.56,6.108352941176472
9,James Conner,RB,3,3.5,-9.343784313725491
9,Samaje Perine,RB,3,7,-5.843784313725491
9,Chris Godwin,WR,3,17.3,4.4562156862745095
9,Malik Nabers,WR,3,28.2,15.356215686274508
9,Travis Kelce,TE,3,7,-0.5454411764705887
9,Jonathan Taylor,RB,3,26.5,13.656215686274509
9,Christian Kirk,WR,3,15.9,3.056215686274509
9,Harrison Butker,K,3,12,6.01421568627451
9,Miami Dolphins,DST,3,7,0.37647058823529456
10,C.J. Stroud,QB,3,11.8,-1.0437843137254905
10,Chase Brown,RB,3,8.9,0.19529411764706062
10,Brian Robinson Jr.,RB,3,10.7,1.9952941176470596
10,Tyreek Hill,WR,3,7,-3.2080392156862754
10,Davante Adams,WR,3,8,-2.2080392156862754
10,Ja'Tavion Sanders,TE,3,0,-7.545441176470589
10,Ladd McConkey,WR,3,7.4,-2.808039215686275
10,Jayden Daniels,QB,3,28.06,15.216215686274507
10,Brandon Aubrey,K,3,11,5.01421568627451
10,Kansas City Chiefs,DST,3,6,-0.6235294117647054
11,Lamar Jackson,QB,3,25.98,13.13621568627451
11,Breece Hall,RB,3,18.3,8.091960784313725
11,Najee Harris,RB,3,13.6,3.3919607843137243
11,Jameson Williams,WR,3,1.2,-8.210980392156863
11,Michael Pittman Jr.,WR,3,7.6,-1.8109803921568624
11,Kyle Pitts,TE,3,7.9,0.3545588235294117
11,Rhamondre Stevenson,RB,3,0.3,-9.908039215686275
11,Deshaun Watson,QB,3,16.44,3.59621568627451
11,Tyler Bass,K,3,11,5.01421568627451
11,Tampa Bay Buccaneers,DST,3,3,-3.6235294117647054
12,Baker Mayfield,QB,3,9.52,0.06835294117647095
12,Saquon Barkley,RB,3,33.6,20.75621568627451
12,Josh Jacobs,RB,3,5.8,-7.043784313725491
12,Rashee Rice,WR,3,29.1,16.25621568627451
12,Calvin Ridley,WR,3,1.9,-10.94378431372549
12,Sam LaPorta,TE,3,5.6,-1.945441176470589
12,Derrick Henry,RB,3,30.4,17.556215686274506
12,George Pickens,WR,3,10.7,-2.143784313725492
12,Chris Boswell,K,3,7,1.0142156862745102
12,Pittsburgh Steelers,DST,3,10,3.3764705882352946
1,Caleb Williams,QB,4,11.48,-2.3402843137254905
1,Alvin Kamara,RB,4,24.9,12.731960784313722
1,David Montgomery,RB,4,15,2.8319607843137238
1,Marvin Harrison Jr.,WR,4,15.5,5.214019607843138
1,Keenan Allen,WR,4,4.9,-5.385980392156862
1,Mark Andrews,TE,4,0,-5.947107843137255
1,Zack Moss,RB,4,17.8,5.6319607843137245
1,Kyler Murray,QB,4,9.98,-3.8402843137254905
1,Justin Tucker,K,4,5,-2.7941176470588225
1,New York Jets,DST,4,7,0.5514705882352944
2,Brock Purdy,QB,4,15.62,7.2090196078431354
2,De'Von Achane,RB,4,5.9,-4.228039215686275
2,Austin Ekeler,RB,4,0,-10.128039215686275
2,CeeDee Lamb,WR,4,23.6,9.77971568627451
2,Drake London,WR,4,12.4,-1.4202843137254906
2,Jake Ferguson,TE,4,11.9,5.952892156862745
2,Brandon Aiyuk,WR,4,6.8,-7.020284313725491
2,Mike Evans,WR,4,23.4,9.579715686274508
2,Younghoe Koo,K,4,20,12.205882352941178
2,Buffalo Bills,DST,4,1,-5.448529411764706
3,Dak Prescott,QB,4,16.74,2.9197156862745075
3,Joe Mixon,RB,4,0,-10.128039215686275
3,Kenneth Walker III,RB,4,33.6,23.471960784313726
3,Justin Jefferson,WR,4,20.5,8.331960784313724
3,D.J. Moore,WR,4,11.2,-0.9680392156862769
3,Brock Bowers,TE,4,5.1,-0.8471078431372554
3,Allen Lazard,WR,4,10.8,-1.3680392156862755
3,Sam Darnold,QB,4,21.5,7.679715686274509
3,Jake Elliott,K,4,2,-5.7941176470588225
3,San Francisco 49ers,DST,4,26,19.551470588235293
4,Joe Burrow,QB,4,17.28,3.45971568627451
4,James Cook,RB,4,5.8,-4.3280392156862755
4,Jordan Mason,RB,4,24,13.871960784313725
4,Amon-Ra St. Brown,WR,4,20.78,8.611960784313725
4,Chris Olave,WR,4,16.7,4.531960784313723
4,Dalton Schultz,TE,4,6.4,0.4528921568627453
4,Amari Cooper,WR,4,7.5,-4.668039215686276
4,Matthew Stafford,QB,4,5.86,-7.960284313725491
4,Ka'imi Fairbairn,K,4,6,-1.7941176470588225
4,Tennessee Titans,DST,4,10,3.5514705882352944
5,Trevor Lawrence,QB,4,14.76,0.9397156862745089
5,Kyren Williams,RB,4,20.4,10.271960784313723
5,Travis Etienne,RB,4,7,-3.1280392156862753
5,Ja'Marr Chase,WR,4,17.5,5.331960784313724
5,Stefon Diggs,WR,4,18.5,6.331960784313724
5,Jonnu Smith,TE,4,0,-5.947107843137255
5,Diontae Johnson,WR,4,21.3,9.131960784313724
5,Geno Smith,QB,4,22.6,8.77971568627451
5,Jake Moody,K,4,13,5.2058823529411775
5,Cincinnati Bengals,DST,4,2,-4.448529411764706
6,Josh Allen,QB,4,7.3,-6.520284313725491
6,Jahmyr Gibbs,RB,4,19.8,7.6319607843137245
6,Tony Pollard,RB,4,18.8,6.6319607843137245
6,Tee Higgins,WR,4,12,1.714019607843138
6,Khalil Shakir,WR,4,10.2,-0.0859803921568627
6,Dallas Goedert,TE,4,13.2,7.252892156862744
6,Devin Singletary,RB,4,4.8,-7.368039215686276
6,Kirk Cousins,QB,4,8.52,-5.300284313725491
6,Daniel Carlson,K,4,10,2.2058823529411775
6,Cleveland Browns,DST,4,12,5.551470588235294
7,Patrick Mahomes,QB,4,14,0.17971568627450907
7,Bijan Robinson,RB,4,11.4,1.271960784313725
7,J.K. Dobbins,RB,4,9.2,-0.928039215686276
7,Nico Collins,WR,4,33.1,20.931960784313723
7,Zay Flowers,WR,4,2,-10.168039215686276
7,Dalton Kincaid,TE,4,9.7,3.7528921568627442
7,Jayden Reed,WR,4,27.1,14.931960784313725
7,Bo Nix,QB,4,6.7,-7.120284313725491
7,Evan McPherson,K,4,13,5.2058823529411775
7,Miami Dolphins,DST,4,2,-4.448529411764706
8,Jalen Hurts,QB,4,16.32,2.4997156862745094
8,Rachaad White,RB,4,10.4,0.27196078431372506
8,Chuba Hubbard,RB,4,22.1,11.971960784313726
8,Garrett Wilson,WR,4,7.1,-5.068039215686277
8,Rome Odunze,WR,4,2,-10.168039215686276
8,Colby Parkinson,TE,4,7.3,1.3528921568627448
8,Jordan Addison,WR,4,22.9,10.731960784313722
8,Anthony Richardson,QB,4,5.24,-8.58028431372549
8,Cameron Dicker,K,4,5,-2.7941176470588225
8,Dallas Cowboys,DST,4,5,-1.4485294117647056
9,Jared Goff,QB,4,27.18,13.359715686274509
9,James Conner,RB,4,18.3,8.171960784313725
9,Jonathan Taylor,RB,4,19.8,9.671960784313725
9,Chris Godwin,WR,4,12.9,0.7319607843137241
9,Malik Nabers,WR,4,23.1,10.931960784313725
9,Zach Ertz,TE,4,7.2,1.2528921568627451
9,Christian Kirk,WR,4,19.1,6.931960784313725
9,Malik Willis,QB,4,0,-13.820284313725491
9,Blake Grupe,K,4,7,-0.7941176470588225
9,Minnesota Vikings,DST,4,9,2.5514705882352944
10,C.J. Stroud,QB,4,23.5,9.679715686274509
10,Chase Brown,RB,4,23.2,13.071960784313724
10,Brian Robinson Jr.,RB,4,20.3,10.171960784313725
10,Tyreek Hill,WR,4,8.2,-3.968039215686277
10,Jakobi Meyers,WR,4,9.9,-2.268039215686276
10,George Kittle,TE,4,14.5,8.552892156862745
10,Ladd McConkey,WR,4,17.7,5.531960784313723
10,Jayden Daniels,QB,4,25.02,11.199715686274509
10,Brandon Aubrey,K,4,10,2.2058823529411775
10,Kansas City Chiefs,DST,4,6,-0.4485294117647056
11,Lamar Jackson,QB,4,23.64,9.81971568627451
11,Breece Hall,RB,4,3.8,-8.368039215686277
11,Najee Harris,RB,4,10.3,-1.8680392156862755
11,Jameson Williams,WR,4,16,5.714019607843138
11,DK Metcalf,WR,4,15.4,5.114019607843138
11,Kyle Pitts,TE,4,0,-5.947107843137255
11,Rhamondre Stevenson,RB,4,8.2,-3.968039215686277
11,Deshaun Watson,QB,4,13.24,-0.5802843137254907
11,Tyler Bass,K,4,5,-2.7941176470588225
11,Tampa Bay Buccaneers,DST,4,12,5.551470588235294
12,Andy Dalton,QB,4,16.7,2.8797156862745084
12,Saquon Barkley,RB,4,13.6,1.4319607843137234
12,Derrick Henry,RB,4,35.9,23.73196078431372
12,George Pickens,WR,4,16.3,6.014019607843139
12,Rashee Rice,WR,4,0,-10.285980392156862
12,Sam LaPorta,TE,4,9.3,3.3528921568627457
12,Aaron Jones,RB,4,17.9,5.731960784313722
12,Baker Mayfield,QB,4,28.88,15.059715686274508
12,Chris Boswell,K,4,8,0.20588235294117752
12,Pittsburgh Steelers,DST,4,3,-3.4485294117647056
1,Caleb Williams,QB,5,23.56,12.302882352941175
1,Alvin Kamara,RB,5,12.6,2.9286274509803913
1,Kareem Hunt,RB,5,18.7,9.028627450980391
1,Marvin Harrison Jr.,WR,5,5.6,-4.94264705882353
1,Keenan Allen,WR,5,6.3,-4.24264705882353
1,Tyler Conklin,TE,5,11.5,3.021225490196077
1,Zack Moss,RB,5,8.2,-1.471372549019609
1,Kyler Murray,QB,5,25.1,13.842882352941178
1,Justin Tucker,K,5,13,5.2058823529411775
1,New York Jets,DST,5,9,3.309803921568628
2,Brock Purdy,QB,5,15.06,7.850686274509805
2,De'Von Achane,RB,5,2.7,-6.7513725490196075
2,Austin Ekeler,RB,5,11.7,2.2486274509803916
2,CeeDee Lamb,WR,5,11.4,0.1428823529411769
2,Drake London,WR,5,33.4,22.142882352941175
2,Jake Ferguson,TE,5,13,4.521225490196077
2,Brandon Aiyuk,WR,5,22.7,11.442882352941176
2,Mike Evans,WR,5,23.2,11.942882352941176
2,Younghoe Koo,K,5,15,7.2058823529411775
2,Buffalo Bills,DST,5,6,0.3098039215686281
3,Dak Prescott,QB,5,18.38,7.1228823529411756
3,Javonte Williams,RB,5,16.1,6.428627450980393
3,Kenneth Walker III,RB,5,14.6,4.928627450980391
3,Justin Jefferson,WR,5,15.2,4.65735294117647
3,D.J. Moore,WR,5,27.5,16.95735294117647
3,Brock Bowers,TE,5,23.7,15.221225490196076
3,Justice Hill,RB,5,3.5,-6.171372549019608
3,Sam Darnold,QB,5,5.26,-5.997117647058824
3,Austin Seibert,K,5,10,2.2058823529411775
3,San Francisco 49ers,DST,5,12,6.309803921568628
4,Joe Burrow,QB,5,34.78,23.522882352941178
4,James Cook,RB,5,17.9,8.22862745098039
4,D'Andre Swift,RB,5,20,10.328627450980392
4,Jaxon Smith-Njigba,WR,5,13.1,2.55735294117647
4,Chris Olave,WR,5,3,-7.54264705882353
4,Trey McBride,TE,5,11.3,2.8212254901960776
4,Jordan Mason,RB,5,8.8,-0.8713725490196076
4,Matthew Stafford,QB,5,13.4,2.142882352941177
4,Ka'imi Fairbairn,K,5,16,8.205882352941178
4,Denver Broncos,DST,5,16,10.309803921568628
5,Trevor Lawrence,QB,5,22.24,10.982882352941175
5,Kyren Williams,RB,5,15.5,6.048627450980392
5,Travis Etienne,RB,5,12,2.5486274509803923
5,Ja'Marr Chase,WR,5,41.3,31.62862745098039
5,Stefon Diggs,WR,5,14.2,4.528627450980391
5,Jonnu Smith,TE,5,11.1,2.6212254901960765
5,Diontae Johnson,WR,5,5.9,-3.771372549019608
5,Geno Smith,QB,5,22.56,11.302882352941175
5,Jake Moody,K,5,8,0.20588235294117752
5,Chicago Bears,DST,5,16,10.309803921568628
6,Josh Allen,QB,5,14.64,3.382882352941177
6,Devin Singletary,RB,5,0,-9.451372549019608
6,Jaylen Wright,RB,5,8.6,-0.851372549019608
6,Tee Higgins,WR,5,29.3,19.628627450980392
6,Khalil Shakir,WR,5,0,-9.671372549019608
6,Dallas Goedert,TE,5,0,-8.478774509803923
6,Tank Dell,WR,5,7.3,-2.3713725490196085
6,Kirk Cousins,QB,5,35.36,24.102882352941176
6,Daniel Carlson,K,5,5,-2.7941176470588225
6,Washington Commanders,DST,5,14,8.309803921568628
7,Patrick Mahomes,QB,5,14.44,3.182882352941176
7,Bijan Robinson,RB,5,10.7,1.2486274509803916
7,Jerome Ford,RB,5,7.9,-1.5513725490196073
7,Nico Collins,WR,5,15.8,6.128627450980392
7,Zay Flowers,WR,5,19,9.328627450980392
7,Dalton Kincaid,TE,5,5.4,-3.0787745098039228
7,Jayden Reed,WR,5,13.7,4.028627450980391
7,Bo Nix,QB,5,23.14,11.882882352941177
7,Evan McPherson,K,5,3,-4.7941176470588225
7,Seattle Seahawks,DST,5,12,6.309803921568628
8,Joe Flacco,QB,5,26.56,19.350686274509805
8,Rachaad White,RB,5,9.6,-1.6571176470588238
8,Chuba Hubbard,RB,5,17.5,6.2428823529411765
8,Garrett Wilson,WR,5,29.1,17.842882352941178
8,Jordan Addison,WR,5,6.6,-4.657117647058824
8,Evan Engram,TE,5,0,-8.478774509803923
8,Alexander Mattison,RB,5,10.1,-1.1571176470588238
8,Darnell Mooney,WR,5,31.5,20.242882352941177
8,Harrison Butker,K,5,13,5.2058823529411775
8,Dallas Cowboys,DST,5,8,2.309803921568628
9,Jacoby Brissett,QB,5,7.4,0.19068627450980458
9,James Conner,RB,5,14,4.548627450980392
9,Dare Ogunbowale,RB,5,14.7,5.248627450980392
9,Chris Godwin,WR,5,11.6,0.3428823529411762
9,Jordan Whittington,WR,5,15.9,4.642882352941177
9,Travis Kelce,TE,5,16,7.521225490196077
9,Christian Kirk,WR,5,12.8,1.5428823529411773
9,Terry McLaurin,WR,5,13.4,2.142882352941177
9,Brayden Narveson,K,5,7,-0.7941176470588225
9,Minnesota Vikings,DST,5,17,11.309803921568628
10,C.J. Stroud,QB,5,16.94,5.682882352941178
10,Chase Brown,RB,5,16.4,6.948627450980391
10,Brian Robinson Jr.,RB,5,13.8,4.348627450980393
10,Tyreek Hill,WR,5,12.9,3.228627450980392
10,Jakobi Meyers,WR,5,13.2,3.528627450980391
10,George Kittle,TE,5,20.4,11.921225490196075
10,Rashod Bateman,WR,5,15.8,6.128627450980392
10,Jayden Daniels,QB,5,20.72,9.462882352941175
10,Brandon Aubrey,K,5,9,1.2058823529411775
10,Kansas City Chiefs,DST,5,7,1.3098039215686281
11,Lamar Jackson,QB,5,33.42,22.16288235294118
11,Breece Hall,RB,5,6.7,-2.7513725490196075
11,Najee Harris,RB,5,9.7,0.24862745098039163
11,Michael Pittman Jr.,WR,5,14.7,5.028627450980391
11,DK Metcalf,WR,5,7.5,-2.1713725490196083
11,Kyle Pitts,TE,5,15.8,7.321225490196078
11,Brian Thomas Jr.,WR,5,23.2,13.528627450980391
11,Deshaun Watson,QB,5,8.4,-2.857117647058823
11,Tyler Bass,K,5,8,0.20588235294117752
11,Tampa Bay Buccaneers,DST,5,5,-0.6901960784313719
12,Jordan Love,QB,5,16.96,5.702882352941177
12,Josh Jacobs,RB,5,16.4,6.72862745098039
12,Derrick Henry,RB,5,16.6,6.928627450980393
12,Wan'Dale Robinson,WR,5,16,5.45735294117647
12,George Pickens,WR,5,5.6,-4.94264705882353
12,Pat Freiermuth,TE,5,9.2,0.7212254901960762
12,Aaron Jones,RB,5,6.3,-3.3713725490196085
12,Baker Mayfield,QB,5,23.4,12.142882352941175
12,Chris Boswell,K,5,6,-1.7941176470588225
12,Pittsburgh Steelers,DST,5,13,7.309803921568628
1,Caleb Williams,QB,6,29.64,16.04021568627451
1,Alvin Kamara,RB,6,17.4,6.556127450980391
1,David Montgomery,RB,6,21,10.156127450980392
1,Marvin Harrison Jr.,WR,6,0,-10.221813725490195
1,DeVonta Smith,WR,6,15.4,5.178186274509805
1,Tyler Conklin,TE,6,3,-4.376274509803922
1,Zack Moss,RB,6,0.5,-10.343872549019608
1,Kyler Murray,QB,6,11.96,-1.6397843137254888
1,Justin Tucker,K,6,13,5.555882352941177
2,Brock Purdy,QB,6,24.1,16.855686274509807
2,Braelon Allen,RB,6,0.8,-8.820539215686274
2,Ezekiel Elliott,RB,6,1.7,-7.920539215686275
2,CeeDee Lamb,WR,6,16.1,2.5002156862745117
2,Drake London,WR,6,19.4,5.800215686274509
2,Jake Ferguson,TE,6,4.1,-3.2762745098039225
2,Brandon Aiyuk,WR,6,5.7,-7.8997843137254895
2,Mike Evans,WR,6,5.4,-8.19978431372549
2,Younghoe Koo,K,6,12,4.555882352941177
2,Buffalo Bills,DST,6,7,1.3681372549019617
3,Dak Prescott,QB,6,5.22,-8.37978431372549
3,Javonte Williams,RB,6,4.6,-6.243872549019608
3,Kenneth Walker III,RB,6,20.9,10.05612745098039
3,Allen Lazard,WR,6,23.4,13.178186274509804
3,D.J. Moore,WR,6,6,-4.221813725490195
3,Brock Bowers,TE,6,16.1,8.72372549019608
3,Joe Mixon,RB,6,27.2,16.35612745098039
3,Will Levis,QB,6,8.3,-5.299784313725489
3,Jake Elliott,K,6,9,1.5558823529411772
3,San Francisco 49ers,DST,6,8,2.3681372549019617
4,Joe Burrow,QB,6,19.82,12.575686274509804
4,D'Andre Swift,RB,6,21.9,8.300215686274509
4,Jordan Mason,RB,6,9.2,-4.39978431372549
4,Amon-Ra St. Brown,WR,6,13.7,0.10021568627450961
4,Chris Olave,WR,6,-0.5,-14.09978431372549
4,Trey McBride,TE,6,17.6,10.22372549019608
4,Jaxon Smith-Njigba,WR,6,10.3,-3.299784313725489
4,James Cook,RB,6,0,-13.59978431372549
4,Ka'imi Fairbairn,K,6,11,3.555882352941177
4,Denver Broncos,DST,6,4,-1.6318627450980383
5,Trevor Lawrence,QB,6,18.06,4.460215686274509
5,Kyren Williams,RB,6,0,-9.620539215686275
5,Travis Etienne,RB,6,-0.1,-9.720539215686275
5,Ja'Marr Chase,WR,6,12.2,1.3561274509803916
5,Stefon Diggs,WR,6,19.7,8.856127450980392
5,Jonnu Smith,TE,6,0,-7.376274509803922
5,Diontae Johnson,WR,6,19.8,8.956127450980393
5,Geno Smith,QB,6,14.48,0.8802156862745107
5,Jake Moody,K,6,0,-7.444117647058823
5,Chicago Bears,DST,6,11,5.368137254901962
6,Josh Allen,QB,6,24.4,10.800215686274509
6,Tony Pollard,RB,6,17.8,8.179460784313726
6,Jahmyr Gibbs,RB,6,12.1,2.4794607843137246
6,Tee Higgins,WR,6,14.7,3.8561274509803916
6,A.J. Brown,WR,6,23.6,12.756127450980394
6,Dallas Goedert,TE,6,0,-7.376274509803922
6,Tank Dell,WR,6,18.7,7.856127450980392
6,Kirk Cousins,QB,6,12.5,-1.0997843137254897
6,Daniel Carlson,K,6,1,-6.444117647058823
6,Los Angeles Chargers,DST,6,8,2.3681372549019617
7,Bo Nix,QB,6,21.74,14.495686274509803
7,Bijan Robinson,RB,6,25.5,11.90021568627451
7,J.K. Dobbins,RB,6,18.2,4.60021568627451
7,Jayden Reed,WR,6,14.8,1.200215686274511
7,Zay Flowers,WR,6,22.4,8.800215686274509
7,Dalton Kincaid,TE,6,11.1,3.7237254901960775
7,Amari Cooper,WR,6,8.2,-5.39978431372549
7,Rico Dowdle,RB,6,10.5,-3.0997843137254897
7,Evan McPherson,K,6,5,-2.444117647058823
7,Houston Texans,DST,6,15,9.368137254901962
8,Jalen Hurts,QB,6,21.86,8.26021568627451
8,Chuba Hubbard,RB,6,15.3,5.679460784313726
8,Alexander Mattison,RB,6,17.5,7.879460784313725
8,Garrett Wilson,WR,6,24.7,13.856127450980392
8,Darnell Mooney,WR,6,6.8,-4.043872549019608
8,Evan Engram,TE,6,18.2,10.823725490196077
8,Ray-Ray McCloud,WR,6,4.3,-6.543872549019608
8,Anthony Richardson,QB,6,0,-13.59978431372549
8,Brayden Narveson,K,6,10,2.555882352941177
8,Dallas Cowboys,DST,6,0,-5.631862745098038
9,Jared Goff,QB,6,25.1,17.855686274509807
9,James Conner,RB,6,6.6,-3.0205392156862754
9,Dare Ogunbowale,RB,6,1.8,-7.820539215686275
9,Chris Godwin,WR,6,35.5,21.90021568627451
9,Terry McLaurin,WR,6,23.3,9.700215686274511
9,Zach Ertz,TE,6,10.8,3.4237254901960785
9,Christian Kirk,WR,6,6.9,-6.699784313725489
9,Darius Slayton,WR,6,11.7,-1.8997843137254904
9,Chase McLaughlin,K,6,9,1.5558823529411772
9,Green Bay Packers,DST,6,12,6.368137254901962
10,C.J. Stroud,QB,6,19.38,5.780215686274509
10,Chase Brown,RB,6,14.4,4.779460784313725
10,Emanuel Wilson,RB,6,8.3,-1.3205392156862743
10,Ladd McConkey,WR,6,8.3,-2.543872549019607
10,Jakobi Meyers,WR,6,0,-10.843872549019608
10,George Kittle,TE,6,22.8,15.423725490196079
10,Rashod Bateman,WR,6,11.1,0.2561274509803919
10,Jayden Daniels,QB,6,20.96,7.360215686274511
10,Brandon Aubrey,K,6,12,4.555882352941177
10,Philadelphia Eagles,DST,6,6,0.3681372549019617
11,Lamar Jackson,QB,6,19.92,6.320215686274512
11,Breece Hall,RB,6,21.9,12.279460784313724
11,Najee Harris,RB,6,20.2,10.579460784313724
11,Michael Pittman Jr.,WR,6,12.5,1.6561274509803923
11,DK Metcalf,WR,6,7.8,-3.043872549019608
11,Tucker Kraft,TE,6,3.5,-3.876274509803922
11,Brian Thomas Jr.,WR,6,5.7,-5.1438725490196076
11,Deshaun Watson,QB,6,8.42,-5.17978431372549
11,Tyler Bass,K,6,3,-4.444117647058823
11,Tampa Bay Buccaneers,DST,6,19,13.368137254901962
12,Jordan Love,QB,6,26.62,13.020215686274511
12,Josh Jacobs,RB,6,12,1.1561274509803923
12,Derrick Henry,RB,6,25.2,14.356127450980392
12,Wan'Dale Robinson,WR,6,10,-0.22181372549019507
12,George Pickens,WR,6,8.3,-1.9218137254901944
12,Sam LaPorta,TE,6,12.2,4.823725490196077
12,Saquon Barkley,RB,6,7.4,-3.4438725490196074
12,Baker Mayfield,QB,6,28.9,15.300215686274509
12,Chris Boswell,K,6,17,9.555882352941177
12,Pittsburgh Steelers,DST,6,15,9.368137254901962
1,Justin Herbert,QB,7,14.76,7.0553823529411765
1,Alvin Kamara,RB,7,8.4,0.37946078431372676
1,David Montgomery,RB,7,8,-0.020539215686273593
1,Marvin Harrison Jr.,WR,7,5.1,-0.08181372549019628
1,DeVonta Smith,WR,7,0.8,-4.381813725490196
1,Mark Andrews,TE,7,20.1,13.032892156862747
1,Kareem Hunt,RB,7,22.3,14.279460784313727
1,Kyler Murray,QB,7,21.2,13.495382352941176
1,Justin Tucker,K,7,13,5.3808823529411764
1,New York Jets,DST,7,-3,-9.973529411764705
2,Brock Purdy,QB,7,20.18,12.475382352941176
2,De'Von Achane,RB,7,10.5,1.1302941176470593
2,Austin Ekeler,RB,7,4,-5.369705882352941
2,Mike Evans,WR,7,9.5,1.4794607843137264
2,Brandon Aiyuk,WR,7,4.3,-3.7205392156862738
2,Isaiah Likely,TE,7,3.7,-3.367107843137255
2,Drake London,WR,7,18.3,10.279460784313727
2,Daniel Jones,QB,7,5.96,-1.7446176470588233
2,Younghoe Koo,K,7,1,-6.6191176470588236
2,Buffalo Bills,DST,7,13,6.026470588235295
3,Sam Darnold,QB,7,17.26,9.555382352941178
3,Javonte Williams,RB,7,26.1,18.079460784313728
3,Kenneth Walker III,RB,7,23.3,15.279460784313727
3,Gabe Davis,WR,7,2.3,-2.881813725490196
3,Justin Jefferson,WR,7,21.4,16.218186274509804
3,Brock Bowers,TE,7,19.3,12.232892156862746
3,Joe Mixon,RB,7,26.4,18.379460784313725
3,Will Levis,QB,7,0,-7.704617647058823
3,Jake Elliott,K,7,4,-3.6191176470588236
3,San Francisco 49ers,DST,7,5,-1.973529411764705
4,Joe Burrow,QB,7,14.94,7.235382352941176
4,James Cook,RB,7,9.2,-0.16970588235294137
4,Jordan Mason,RB,7,8.9,-0.4697058823529403
4,Amon-Ra St. Brown,WR,7,25.2,20.0181862745098
4,Jaxon Smith-Njigba,WR,7,5.3,0.1181862745098039
4,Trey McBride,TE,7,10.1,2.079460784313726
4,Dalton Schultz,TE,7,3.8,-4.220539215686274
4,Matthew Stafford,QB,7,4.96,-2.7446176470588233
4,Ka'imi Fairbairn,K,7,12,4.3808823529411764
4,Denver Broncos,DST,7,22,15.026470588235295
5,Trevor Lawrence,QB,7,15.02,7.315382352941176
5,Kyren Williams,RB,7,19.6,10.23029411764706
5,Ty Chandler,RB,7,0.4,-8.96970588235294
5,Ja'Marr Chase,WR,7,17.6,9.579460784313728
5,Stefon Diggs,WR,7,7.3,-0.7205392156862738
5,David Njoku,TE,7,23.6,16.532892156862747
5,Diontae Johnson,WR,7,2.7,-5.320539215686273
5,Geno Smith,QB,7,17.78,10.075382352941178
5,Jason Myers,K,7,12,4.3808823529411764
5,Indianapolis Colts,DST,7,12,5.026470588235295
6,Josh Allen,QB,7,21.02,13.315382352941176
6,Tony Pollard,RB,7,8.5,-0.8697058823529407
6,Jahmyr Gibbs,RB,7,32,22.63029411764706
6,Tee Higgins,WR,7,18.2,10.179460784313726
6,A.J. Brown,WR,7,19.9,11.879460784313725
6,Noah Fant,TE,7,10.5,3.432892156862745
6,Cooper Kupp,WR,7,0,-8.020539215686274
6,Kirk Cousins,QB,7,9.18,1.4753823529411765
6,Daniel Carlson,K,7,16,8.380882352941176
6,Los Angeles Chargers,DST,7,4,-2.973529411764705
7,Patrick Mahomes,QB,7,14.06,6.355382352941177
7,Bijan Robinson,RB,7,23.3,13.93029411764706
7,J.K. Dobbins,RB,7,9.6,0.23029411764705898
7,Zay Flowers,WR,7,4,-4.020539215686274
7,Amari Cooper,WR,7,16.6,8.579460784313728
7,Dalton Kincaid,TE,7,8.2,1.1328921568627441
7,Jayden Reed,WR,7,3,-5.020539215686274
7,Bo Nix,QB,7,14.06,6.355382352941177
7,Evan McPherson,K,7,2,-5.6191176470588236
7,Cincinnati Bengals,DST,7,16,9.026470588235295
8,Jalen Hurts,QB,7,22.76,15.055382352941178
8,Chuba Hubbard,RB,7,11.2,1.8302941176470586
8,Rachaad White,RB,7,29.1,19.730294117647063
8,Garrett Wilson,WR,7,13.1,5.079460784313726
8,Jordan Addison,WR,7,9.6,1.579460784313726
8,Evan Engram,TE,7,8.5,1.4328921568627448
8,Darnell Mooney,WR,7,9.6,1.579460784313726
8,Anthony Richardson,QB,7,8.76,1.0553823529411765
8,Will Reichard,K,7,15,7.3808823529411764
8,New Orleans Saints,DST,7,3,-3.973529411764705
9,Jared Goff,QB,7,18.8,11.095382352941177
9,James Conner,RB,7,17.2,7.830294117647059
9,Tyler Goodson,RB,7,11.1,1.730294117647059
9,Chris Godwin,WR,7,13.5,5.479460784313726
9,Terry McLaurin,WR,7,15.8,7.779460784313727
9,Travis Kelce,TE,7,5.7,-1.367107843137255
9,Malik Nabers,WR,7,8.1,0.07946078431372605
9,Tyler Huntley,QB,7,9.48,1.7753823529411772
9,Chase McLaughlin,K,7,4,-3.6191176470588236
9,Green Bay Packers,DST,7,4,-2.973529411764705
10,C.J. Stroud,QB,7,5.34,-2.3646176470588234
10,Chase Brown,RB,7,7.3,-2.069705882352941
10,Brian Robinson Jr.,RB,7,13.1,3.730294117647059
10,Ladd McConkey,WR,7,9.6,1.579460784313726
10,Tyreek Hill,WR,7,2.3,-5.720539215686274
10,George Kittle,TE,7,15.2,8.132892156862745
10,Davante Adams,WR,7,6,-2.0205392156862736
10,Jayden Daniels,QB,7,5.24,-2.464617647058823
10,Cameron Dicker,K,7,21,13.380882352941176
10,Philadelphia Eagles,DST,7,16,9.026470588235295
11,Lamar Jackson,QB,7,34.44,26.735382352941173
11,Breece Hall,RB,7,26.1,16.730294117647063
11,Najee Harris,RB,7,16.2,6.830294117647059
11,Michael Pittman Jr.,WR,7,9.3,1.2794607843137271
11,DK Metcalf,WR,7,19.9,11.879460784313725
11,Tucker Kraft,TE,7,12.3,5.232892156862746
11,Brian Thomas Jr.,WR,7,22.1,14.079460784313728
11,Deshaun Watson,QB,7,5.12,-2.584617647058823
11,Tyler Bass,K,7,10,2.3808823529411764
11,Tampa Bay Buccaneers,DST,7,0,-6.973529411764705
12,Jordan Love,QB,7,18.8,11.095382352941177
12,Josh Jacobs,RB,7,20.2,12.179460784313726
12,Derrick Henry,RB,7,25.2,17.179460784313726
12,Wan'Dale Robinson,WR,7,8.3,3.118186274509805
12,George Pickens,WR,7,22.1,16.918186274509807
12,Sam LaPorta,TE,7,3.5,-3.567107843137255
12,Saquon Barkley,RB,7,26.7,18.679460784313726
12,Baker Mayfield,QB,7,29,21.295382352941175
12,Chris Boswell,K,7,14,6.3808823529411764
12,Pittsburgh Steelers,DST,7,9,2.026470588235295
1,Caleb Williams,QB,8,9.94,-3.2316176470588243
1,Alvin Kamara,RB,8,18.2,5.576960784313725
1,David Montgomery,RB,8,14.92,2.2969607843137254
1,Marvin Harrison Jr.,WR,8,23.1,10.089852941176474
1,DeVonta Smith,WR,8,20.5,7.489852941176473
1,Hunter Henry,TE,8,9.5,1.7795588235294115
1,Kareem Hunt,RB,8,13.3,0.6769607843137262
1,Kyler Murray,QB,8,22.18,9.008382352941176
1,Justin Tucker,K,8,6,-1.7357843137254907
1,New York Jets,DST,8,3,-1.9901960784313726
2,Brock Purdy,QB,8,26,12.828382352941176
2,De'Von Achane,RB,8,26.7,18.32779411764706
2,Austin Ekeler,RB,8,7.8,-0.5722058823529421
2,Deebo Samuel Sr.,WR,8,12.6,-0.023039215686274872
2,CeeDee Lamb,WR,8,39.6,26.976960784313725
2,Jake Ferguson,TE,8,8.3,0.5795588235294122
2,Drake London,WR,8,7.4,-5.223039215686274
2,Daniel Jones,QB,8,7.66,-5.511617647058824
2,Harrison Butker,K,8,10,2.2642156862745093
2,Buffalo Bills,DST,8,8,3.0098039215686274
3,Dak Prescott,QB,8,15.62,2.4483823529411755
3,Javonte Williams,RB,8,9.2,-3.4230392156862752
3,Kenneth Walker III,RB,8,8.5,-4.1230392156862745
3,D.J. Moore,WR,8,5.4,-7.610147058823527
3,Justin Jefferson,WR,8,19.5,6.489852941176473
3,Brock Bowers,TE,8,10.8,3.0795588235294122
3,Joe Mixon,RB,8,23.4,10.776960784313724
3,Sam Darnold,QB,8,18.2,5.0283823529411755
3,Jake Elliott,K,8,15,7.264215686274509
3,San Francisco 49ers,DST,8,8,3.0098039215686274
4,Joe Burrow,QB,8,13.86,0.6883823529411757
4,James Cook,RB,8,28.3,15.676960784313726
4,D'Andre Swift,RB,8,18.9,6.276960784313724
4,Amon-Ra St. Brown,WR,8,8.7,-4.310147058823528
4,Chris Olave,WR,8,18.7,5.689852941176472
4,Trey McBride,TE,8,21.4,13.67955882352941
4,Jordan Mason,RB,8,1.8,-10.823039215686274
4,Matthew Stafford,QB,8,25.76,12.588382352941178
4,Ka'imi Fairbairn,K,8,11,3.2642156862745093
4,Denver Broncos,DST,8,7,2.0098039215686274
5,Trevor Lawrence,QB,8,24.32,11.148382352941177
5,Kyren Williams,RB,8,22.6,14.22779411764706
5,Bucky Irving,RB,8,15.4,7.027794117647058
5,Ja'Marr Chase,WR,8,20.4,7.776960784313724
5,Stefon Diggs,WR,8,12.7,0.07696078431372477
5,David Njoku,TE,8,17.1,9.379558823529413
5,Diontae Johnson,WR,8,0,-12.623039215686275
5,Geno Smith,QB,8,9.08,-4.091617647058824
5,Jason Myers,K,8,4,-3.7357843137254907
5,Indianapolis Colts,DST,8,5,0.009803921568627416
6,Josh Allen,QB,8,20.82,7.6483823529411765
6,Tony Pollard,RB,8,14.7,6.327794117647057
6,Jahmyr Gibbs,RB,8,20.3,11.927794117647059
6,Tee Higgins,WR,8,0,-12.623039215686275
6,A.J. Brown,WR,8,13.4,0.7769607843137258
6,Noah Gray,TE,8,5.3,-2.4204411764705887
6,Cooper Kupp,WR,8,16.1,3.476960784313727
6,Kirk Cousins,QB,8,28.64,15.468382352941177
6,Anders Carlson,K,8,16,8.26421568627451
6,Los Angeles Chargers,DST,8,12,7.009803921568627
7,Patrick Mahomes,QB,8,19.18,6.008382352941176
7,Bijan Robinson,RB,8,23.6,10.976960784313727
7,J.K. Dobbins,RB,8,16.8,4.176960784313726
7,Jayden Reed,WR,8,7.5,-5.510147058823527
7,Amari Cooper,WR,8,1.3,-11.710147058823527
7,Dalton Kincaid,TE,8,13.1,5.379558823529411
7,Nick Chubb,RB,8,5.2,-7.423039215686274
7,Bo Nix,QB,8,29.76,16.588382352941178
7,Evan McPherson,K,8,4,-3.7357843137254907
7,Detroit Lions,DST,8,19,14.009803921568627
8,Jalen Hurts,QB,8,35.14,21.968382352941177
8,Chuba Hubbard,RB,8,9.1,0.7277941176470577
8,Rachaad White,RB,8,15.7,7.327794117647057
8,Garrett Wilson,WR,8,16.3,3.676960784313726
8,Jordan Addison,WR,8,4.2,-8.423039215686273
8,Evan Engram,TE,8,13.6,5.879558823529411
8,Darnell Mooney,WR,8,18.6,5.976960784313727
8,Anthony Richardson,QB,8,12.5,-0.6716176470588238
8,Will Reichard,K,8,8,0.2642156862745093
8,Minnesota Vikings,DST,8,1,-3.9901960784313726
9,Jared Goff,QB,8,15.5,2.3283823529411762
9,James Conner,RB,8,14.9,6.527794117647058
9,Jonathan Taylor,RB,8,18.7,10.327794117647057
9,Tyler Lockett,WR,8,1.9,-10.723039215686274
9,Terry McLaurin,WR,8,17.5,4.8769607843137255
9,Travis Kelce,TE,8,25,17.279558823529413
9,Malik Nabers,WR,8,14.1,1.4769607843137251
9,Jameis Winston,QB,8,23.56,10.388382352941175
9,Wil Lutz,K,8,4,-3.7357843137254907
9,Baltimore Ravens,DST,8,4,-0.9901960784313726
10,C.J. Stroud,QB,8,12.4,-0.7716176470588234
10,Chase Brown,RB,8,11.4,3.0277941176470584
10,Brian Robinson Jr.,RB,8,8.6,0.2277941176470577
10,Ladd McConkey,WR,8,29.1,16.476960784313725
10,Tyreek Hill,WR,8,13.2,0.5769607843137248
10,George Kittle,TE,8,24.8,17.07955882352941
10,Davante Adams,WR,8,9.4,-3.223039215686274
10,Mason Rudolph,QB,8,21.54,8.368382352941175
10,Brandon Aubrey,K,8,6,-1.7357843137254907
10,Kansas City Chiefs,DST,8,9,4.009803921568627
11,Lamar Jackson,QB,8,24.16,16.26585294117647
11,Breece Hall,RB,8,9.9,1.5277941176470584
11,Najee Harris,RB,8,16.1,7.7277941176470595
11,Michael Pittman Jr.,WR,8,2.6,-10.571617647058824
11,Jaylen Waddle,WR,8,8.5,-4.671617647058824
11,Tucker Kraft,TE,8,16.8,3.628382352941177
11,Brian Thomas Jr.,WR,8,15,1.8283823529411762
11,Cade Otton,TE,8,29.1,15.928382352941178
11,Tyler Bass,K,8,7,-0.7357843137254907
11,Tampa Bay Buccaneers,DST,8,3,-1.9901960784313726
12,Jordan Love,QB,8,6.74,-6.4316176470588236
12,Josh Jacobs,RB,8,25.5,12.876960784313725
12,Derrick Henry,RB,8,14.7,2.0769607843137248
12,George Pickens,WR,8,11.4,-1.610147058823527
12,Wan'Dale Robinson,WR,8,8,-5.010147058823527
12,Pat Freiermuth,TE,8,3.9,-3.8204411764705886
12,Saquon Barkley,RB,8,12.1,-0.5230392156862749
12,Baker Mayfield,QB,8,24.3,11.128382352941177
12,Chris Boswell,K,8,14,6.264215686274509
12,Pittsburgh Steelers,DST,8,16,11.009803921568627
1,Justin Herbert,QB,9,19.48,6.759882352941178
1,David Montgomery,RB,9,12.6,5.884460784313726
1,Kareem Hunt,RB,9,18.7,11.984460784313725
1,Zay Flowers,WR,9,29.7,17.753627450980392
1,DeVonta Smith,WR,9,18.7,6.753627450980392
1,Mark Andrews,TE,9,4.6,-2.4671078431372537
1,Ja'Marr Chase,WR,9,11.3,-0.6463725490196062
1,Kyler Murray,QB,9,4.76,-7.960117647058823
1,Justin Tucker,K,9,11,4.2558823529411764
1,Tennessee Titans,DST,9,12,4.268137254901961
2,Patrick Mahomes,QB,9,24.54,11.819882352941177
2,De'Von Achane,RB,9,32.1,20.153627450980395
2,J.K. Dobbins,RB,9,24.5,12.553627450980393
2,CeeDee Lamb,WR,9,16.2,5.342352941176472
2,Drake London,WR,9,10.7,-0.15764705882352814
2,Jake Ferguson,TE,9,14.1,7.032892156862746
2,Austin Ekeler,RB,9,17.3,5.353627450980394
2,Daniel Jones,QB,9,24.36,11.639882352941177
2,Younghoe Koo,K,9,3,-3.7441176470588236
2,Buffalo Bills,DST,9,4,-3.731862745098039
3,Dak Prescott,QB,9,12.32,-0.40011764705882236
3,Javonte Williams,RB,9,10.4,-1.5463725490196065
3,Kenneth Walker III,RB,9,13.7,1.7536274509803924
3,D.J. Moore,WR,9,7.3,-3.5576470588235276
3,Justin Jefferson,WR,9,21.58,10.72235294117647
3,Brock Bowers,TE,9,15.5,8.432892156862746
3,Joe Mixon,RB,9,16.6,4.6536274509803945
3,Sam Darnold,QB,9,21,8.279882352941177
3,Jake Elliott,K,9,4,-2.7441176470588236
3,Chicago Bears,DST,9,8,0.26813725490196116
4,Joe Burrow,QB,9,30.14,17.41988235294118
4,James Cook,RB,9,11.9,5.1844607843137265
4,D'Andre Swift,RB,9,14.2,7.484460784313725
4,Amon-Ra St. Brown,WR,9,18.6,6.6536274509803945
4,Chris Olave,WR,9,2.3,-9.646372549019606
4,Trey McBride,TE,9,12.7,5.632892156862746
4,Jaxon Smith-Njigba,WR,9,37,25.053627450980393
4,Matthew Stafford,QB,9,18.92,6.199882352941179
4,Ka'imi Fairbairn,K,9,7,0.25588235294117645
4,Minnesota Vikings,DST,9,11,3.268137254901961
5,Trevor Lawrence,QB,9,21.56,8.839882352941176
5,Kyren Williams,RB,9,10.5,3.784460784313726
5,Alvin Kamara,RB,9,27.5,20.784460784313726
5,Marvin Harrison Jr.,WR,9,3.4,-8.546372549019607
5,Josh Downs,WR,9,12,0.05362745098039312
5,David Njoku,TE,9,7.9,0.832892156862747
5,Courtland Sutton,WR,9,23.28,11.333627450980394
5,Geno Smith,QB,9,25.12,12.399882352941178
5,Jason Myers,K,9,1,-5.7441176470588236
5,Washington Commanders,DST,9,5,-2.731862745098039
6,Josh Allen,QB,9,23.1,10.379882352941179
6,Tony Pollard,RB,9,18.4,11.684460784313725
6,Jahmyr Gibbs,RB,9,14.6,7.884460784313726
6,Xavier Worthy,WR,9,-1,-12.946372549019607
6,A.J. Brown,WR,9,5.6,-6.346372549019607
6,Noah Gray,TE,9,0,-7.067107843137253
6,Cooper Kupp,WR,9,21.4,9.453627450980392
6,Kirk Cousins,QB,9,17.78,5.0598823529411785
6,Blake Grupe,K,9,12,5.2558823529411764
6,Los Angeles Chargers,DST,9,19,11.268137254901962
7,Caleb Williams,QB,9,9.18,-3.540117647058823
7,Bijan Robinson,RB,9,21.5,14.784460784313726
7,Rico Dowdle,RB,9,21.7,14.984460784313725
7,Keon Coleman,WR,9,5.1,-6.846372549019607
7,Garrett Wilson,WR,9,30,18.053627450980393
7,Dalton Kincaid,TE,9,7.2,0.1328921568627468
7,Puka Nacua,WR,9,2.1,-9.846372549019607
7,Drake Maye,QB,9,17.74,5.019882352941176
7,Evan McPherson,K,9,12,5.2558823529411764
7,New England Patriots,DST,9,6,-1.7318627450980388
8,Bo Nix,QB,9,18.72,5.999882352941176
8,Alexander Mattison,RB,9,3.6,-3.115539215686274
8,Chuba Hubbard,RB,9,21.2,14.484460784313725
8,Jordan Addison,WR,9,16.1,4.1536274509803945
8,Darnell Mooney,WR,9,19.8,7.853627450980394
8,Evan Engram,TE,9,11.5,4.432892156862747
8,Cedric Tillman,WR,9,19.5,7.553627450980393
8,Jalen Hurts,QB,9,29.9,17.179882352941178
8,Will Reichard,K,9,1,-5.7441176470588236
8,Denver Broncos,DST,9,-2,-9.731862745098038
9,Jared Goff,QB,9,9.6,-3.120117647058823
9,James Conner,RB,9,14.9,8.184460784313726
9,Jonathan Taylor,RB,9,8.9,2.1844607843137265
9,Malik Nabers,WR,9,14.9,4.042352941176473
9,Terry McLaurin,WR,9,15.9,5.042352941176473
9,Travis Kelce,TE,9,22,10.053627450980393
9,Zach Ertz,TE,9,1.5,-10.446372549019607
9,Jameis Winston,QB,9,13.1,0.379882352941177
9,Cameron Dicker,K,9,1,-5.7441176470588236
9,New Orleans Saints,DST,9,3,-4.731862745098039
10,C.J. Stroud,QB,9,11.54,-1.1801176470588235
10,Chase Brown,RB,9,26.7,19.984460784313725
10,Julius Chestnut,RB,9,2.2,-4.515539215686274
10,Ladd McConkey,WR,9,11.4,-0.5463725490196065
10,Tyreek Hill,WR,9,12,0.05362745098039312
10,Ja'Tavion Sanders,TE,9,12.7,5.632892156862746
10,Davante Adams,WR,9,22.1,10.153627450980395
10,Jayden Daniels,QB,9,19.86,7.139882352941177
10,Brandon Aubrey,K,9,9,2.2558823529411764
10,Kansas City Chiefs,DST,9,2,-5.731862745098039
11,Lamar Jackson,QB,9,23.6,16.881852941176472
11,Breece Hall,RB,9,10.5,3.784460784313726
11,Rhamondre Stevenson,RB,9,22.4,15.684460784313725
11,Michael Pittman Jr.,WR,9,2.4,-10.320117647058822
11,Jaylen Waddle,WR,9,7.6,-5.120117647058823
11,Tucker Kraft,TE,9,7.6,-5.120117647058823
11,Brian Thomas Jr.,WR,9,6.2,-6.5201176470588225
11,Cade Otton,TE,9,21.7,8.979882352941177
11,Tyler Bass,K,9,13,6.2558823529411764
11,Tampa Bay Buccaneers,DST,9,6,-1.7318627450980388
12,Jordan Love,QB,9,11.92,-0.8001176470588227
12,Aaron Jones,RB,9,12.2,0.2536274509803924
12,Derrick Henry,RB,9,26.3,14.353627450980394
12,Calvin Ridley,WR,9,12.3,1.4423529411764733
12,Wan'Dale Robinson,WR,9,4,-6.857647058823527
12,Sam LaPorta,TE,9,4.8,-2.2671078431372536
12,Saquon Barkley,RB,9,32.9,20.95362745098039
12,Baker Mayfield,QB,9,18,5.279882352941177
12,Brandon McManus,K,9,5,-1.7441176470588236
12,Cincinnati Bengals,DST,9,11,3.268137254901961
1,Justin Herbert,QB,10,19.76,9.967049019607845
1,David Montgomery,RB,10,12.6,6.7886274509803926
1,Kareem Hunt,RB,10,17,11.188627450980393
1,Zay Flowers,WR,10,7.4,-1.1630392156862737
1,DeVonta Smith,WR,10,3.4,-5.163039215686274
1,Hunter Henry,TE,10,2.4,-4.702107843137256
1,Ja'Marr Chase,WR,10,55.4,46.836960784313725
1,Kyler Murray,QB,10,28.74,18.947049019607842
1,Justin Tucker,K,10,2,-7.3691176470588236
1,New York Giants,DST,10,5,-2.9068627450980395
2,Brock Purdy,QB,10,23.82,14.027049019607844
2,De'Von Achane,RB,10,10.2,4.388627450980392
2,J.K. Dobbins,RB,10,8.5,2.688627450980393
2,CeeDee Lamb,WR,10,8.4,-0.16303921568627366
2,Drake London,WR,10,17.7,9.136960784313725
2,Jake Ferguson,TE,10,4.4,-2.702107843137255
2,Deebo Samuel Sr.,WR,10,12.6,4.036960784313726
2,Daniel Jones,QB,10,14.2,4.407049019607843
2,Younghoe Koo,K,10,2,-7.3691176470588236
2,Buffalo Bills,DST,10,21,13.093137254901961
3,Tua Tagovailoa,QB,10,9.18,-0.6129509803921565
3,Tyrone Tracy Jr.,RB,10,15.4,6.836960784313726
3,Joe Mixon,RB,10,17,8.436960784313726
3,D.J. Moore,WR,10,5.7,-2.5209803921568623
3,Justin Jefferson,WR,10,9.8,1.5790196078431382
3,Cole Kmet,TE,10,3.3,-3.8021078431372555
3,Justice Hill,RB,10,1.8,-6.763039215686274
3,Sam Darnold,QB,10,9.44,-0.35295098039215667
3,Jake Elliott,K,10,10,0.6308823529411764
3,Chicago Bears,DST,10,4,-3.9068627450980395
4,Joe Burrow,QB,10,33.72,23.927049019607843
4,James Cook,RB,10,15.5,6.936960784313726
4,D'Andre Swift,RB,10,7.5,-1.063039215686274
4,Amon-Ra St. Brown,WR,10,18,9.779019607843138
4,Terry McLaurin,WR,10,16.3,8.079019607843138
4,Trey McBride,TE,10,11.1,3.9978921568627444
4,Jonathan Taylor,RB,10,14.2,5.636960784313725
4,Matthew Stafford,QB,10,10.72,0.9270490196078445
4,Ka'imi Fairbairn,K,10,12,2.6308823529411764
4,Minnesota Vikings,DST,10,13,5.0931372549019605
5,Mac Jones,QB,10,7.24,1.294186274509805
5,Kyren Williams,RB,10,11.2,1.4070490196078431
5,Alvin Kamara,RB,10,15.9,6.107049019607844
5,Marvin Harrison Jr.,WR,10,16.4,6.607049019607842
5,Josh Downs,WR,10,14.2,4.407049019607843
5,Jonnu Smith,TE,10,7.5,0.3978921568627447
5,Courtland Sutton,WR,10,19,9.207049019607844
5,Bucky Irving,RB,10,17.7,7.907049019607843
5,Wil Lutz,K,10,0,-9.369117647058824
5,Atlanta Falcons,DST,10,1,-6.9068627450980395
6,Josh Allen,QB,10,20.2,10.407049019607843
6,Tony Pollard,RB,10,10.3,4.488627450980394
6,Jahmyr Gibbs,RB,10,12.8,6.988627450980394
6,Tank Dell,WR,10,8.3,-0.2630392156862733
6,A.J. Brown,WR,10,15.9,7.336960784313726
6,Dallas Goedert,TE,10,10.5,3.3978921568627447
6,Cooper Kupp,WR,10,15,6.436960784313726
6,Kirk Cousins,QB,10,11.24,1.447049019607844
6,Cameron Dicker,K,10,9,-0.36911764705882355
6,Los Angeles Chargers,DST,10,9,1.0931372549019605
7,Caleb Williams,QB,10,6.3,-3.4929509803921563
7,Bijan Robinson,RB,10,29.4,23.58862745098039
7,Rico Dowdle,RB,10,8.6,2.7886274509803926
7,Garrett Wilson,WR,10,9.1,0.5369607843137256
7,Puka Nacua,WR,10,18.8,10.236960784313727
7,Dalton Kincaid,TE,10,4.4,-2.702107843137255
7,Xavier Hutchinson,WR,10,2.6,-5.963039215686274
7,Drake Maye,QB,10,12.76,2.9670490196078436
7,Evan McPherson,K,10,4,-5.3691176470588236
7,New York Jets,DST,10,1,-6.9068627450980395
8,Jalen Hurts,QB,10,30.68,20.887049019607844
8,Chuba Hubbard,RB,10,24.9,19.08862745098039
8,Rachaad White,RB,10,19,13.188627450980393
8,Jordan Addison,WR,10,4.9,-3.320980392156862
8,Darnell Mooney,WR,10,14.6,6.379019607843137
8,Evan Engram,TE,10,10,1.436960784313726
8,T.J. Hockenson,TE,10,15.2,6.636960784313725
8,Bo Nix,QB,10,16.1,6.307049019607845
8,Chad Ryland,K,10,7,-2.3691176470588236
8,Denver Broncos,DST,10,5,-2.9068627450980395
9,Jared Goff,QB,10,12.8,3.0070490196078445
9,Christian McCaffrey,RB,10,16.7,10.888627450980392
9,James Conner,RB,10,22.3,16.488627450980395
9,Malik Nabers,WR,10,10.8,2.579019607843138
9,Khalil Shakir,WR,10,11.8,3.579019607843138
9,Travis Kelce,TE,10,20.4,11.836960784313725
9,Taysom Hill,TE,10,7,-1.563039215686274
9,Derek Carr,QB,10,20.46,10.667049019607845
9,Jake Moody,K,10,9,-0.36911764705882355
9,Detroit Lions,DST,10,8,0.09313725490196045
10,C.J. Stroud,QB,10,11.78,1.9870490196078432
10,Chase Brown,RB,10,22.4,16.58862745098039
10,Jaleel McLaughlin,RB,10,1.2,-4.611372549019607
10,Ladd McConkey,WR,10,7.2,-1.3630392156862738
10,Tyreek Hill,WR,10,11.7,3.1369607843137253
10,George Kittle,TE,10,14.7,7.597892156862744
10,Davante Adams,WR,10,9.1,0.5369607843137256
10,Jayden Daniels,QB,10,8.58,-1.212950980392156
10,Brandon Aubrey,K,10,7,-2.3691176470588236
10,Philadelphia Eagles,DST,10,23,15.093137254901961
11,Lamar Jackson,QB,10,32.9,26.9541862745098
11,Breece Hall,RB,10,12.3,2.5070490196078445
11,Rhamondre Stevenson,RB,10,8.7,-1.0929509803921569
11,Jameson Williams,WR,10,8.3,-1.4929509803921555
11,Jaylen Waddle,WR,10,8.6,-1.1929509803921565
11,Cade Otton,TE,10,8.5,1.3978921568627447
11,Brian Thomas Jr.,WR,10,3.2,-6.592950980392156
11,Najee Harris,RB,10,11.3,1.5070490196078445
11,Tyler Bass,K,10,13,3.6308823529411764
11,Tampa Bay Buccaneers,DST,10,5,-2.9068627450980395
12,Russell Wilson,QB,10,19.1,9.307049019607845
12,Aaron Jones,RB,10,12.1,3.5369607843137256
12,Derrick Henry,RB,10,14.1,5.536960784313726
12,George Pickens,WR,10,20.5,12.279019607843138
12,Wan'Dale Robinson,WR,10,10.1,1.8790196078431372
12,Sam LaPorta,TE,10,15.6,8.497892156862743
12,Saquon Barkley,RB,10,8.8,0.2369607843137267
12,Baker Mayfield,QB,10,8.94,-0.8529509803921567
12,Chris Boswell,K,10,4,-5.3691176470588236
12,Pittsburgh Steelers,DST,10,4,-3.9068627450980395
1,Justin Herbert,QB,11,24.38,13.464715686274507
1,David Montgomery,RB,11,24.5,17.75529411764706
1,Kareem Hunt,RB,11,6,-0.7447058823529407
1,Zay Flowers,WR,11,11.9,3.185294117647059
1,DeVonta Smith,WR,11,6.9,-1.814705882352941
1,Mark Andrews,TE,11,4.2,-2.7154411764705877
1,Ja'Marr Chase,WR,11,26.5,17.78529411764706
1,Aaron Rodgers,QB,11,16.06,5.144715686274507
1,Justin Tucker,K,11,4,-3.269117647058822
1,Miami Dolphins,DST,11,6,2.468137254901961
2,Brock Purdy,QB,11,19.36,8.444715686274508
2,De'Von Achane,RB,11,20.5,13.75529411764706
2,J.K. Dobbins,RB,11,18.9,12.155294117647058
2,CeeDee Lamb,WR,11,18.6,9.88529411764706
2,Drake London,WR,11,9.1,0.38529411764705834
2,Jake Ferguson,TE,11,2.1,-4.815441176470587
2,Deebo Samuel Sr.,WR,11,6.1,-2.6147058823529417
2,Patrick Mahomes,QB,11,17.84,6.924715686274508
2,Younghoe Koo,K,11,9,1.7308823529411779
2,Buffalo Bills,DST,11,6,2.468137254901961
3,Tua Tagovailoa,QB,11,23.52,12.604715686274508
3,Kenneth Walker III,RB,11,13.9,5.185294117647059
3,Joe Mixon,RB,11,35.3,26.585294117647056
3,D.J. Moore,WR,11,13.7,4.475686274509801
3,Justin Jefferson,WR,11,14.1,4.8756862745098015
3,Brock Bowers,TE,11,31.3,24.384558823529414
3,Javonte Williams,RB,11,18.7,9.985294117647058
3,Sam Darnold,QB,11,23.64,12.724715686274509
3,Jake Elliott,K,11,5,-2.269117647058822
3,San Francisco 49ers,DST,11,7,3.468137254901961
4,Joe Burrow,QB,11,29.04,18.124715686274506
4,James Cook,RB,11,19.7,12.955294117647059
4,Jonathan Taylor,RB,11,7,0.25529411764705934
4,Amon-Ra St. Brown,WR,11,38.7,29.98529411764706
4,Terry McLaurin,WR,11,2,-6.714705882352941
4,Dalton Schultz,TE,11,8.3,1.3845588235294128
4,Cooper Kupp,WR,11,28.6,19.88529411764706
4,Matthew Stafford,QB,11,27.8,16.88471568627451
4,Ka'imi Fairbairn,K,11,10,2.730882352941178
4,Minnesota Vikings,DST,11,11,7.468137254901961
5,Geno Smith,QB,11,16.74,5.824715686274507
5,Kyren Williams,RB,11,8.6,1.855294117647059
5,Travis Etienne,RB,11,6.3,-0.44470588235294084
5,Courtland Sutton,WR,11,14.8,6.085294117647059
5,Josh Downs,WR,11,19.4,10.685294117647057
5,David Njoku,TE,11,19.1,12.184558823529414
5,Ladd McConkey,WR,11,18.3,9.58529411764706
5,Cooper Rush,QB,11,17.36,6.444715686274508
5,Jason Sanders,K,11,11,3.730882352941178
5,Houston Texans,DST,11,21,17.46813725490196
6,Josh Allen,QB,11,24.98,14.064715686274509
6,D'Andre Swift,RB,11,16.4,9.655294117647058
6,Jahmyr Gibbs,RB,11,19.3,12.55529411764706
6,Tank Dell,WR,11,9.8,1.0852941176470594
6,A.J. Brown,WR,11,11.5,2.7852941176470587
6,Dallas Goedert,TE,11,11.1,4.184558823529412
6,Tee Higgins,WR,11,29.8,21.08529411764706
6,Kirk Cousins,QB,11,5.92,-4.995284313725492
6,Cameron Dicker,K,11,12,4.730882352941178
6,Cleveland Browns,DST,11,3,-0.5318627450980391
7,Jared Goff,QB,11,34.58,23.664715686274505
7,Bijan Robinson,RB,11,10.3,3.55529411764706
7,Christian McCaffrey,RB,11,14.6,7.855294117647059
7,Garrett Wilson,WR,11,5.8,-2.9147058823529415
7,Puka Nacua,WR,11,25.3,16.58529411764706
7,Travis Kelce,TE,11,2.8,-4.115441176470588
7,Nico Collins,WR,11,9.4,0.685294117647059
7,Drake Maye,QB,11,18.98,8.064715686274509
7,Evan McPherson,K,11,7,-0.26911764705882213
7,New York Jets,DST,11,4,0.4681372549019609
8,Jalen Hurts,QB,11,18.74,7.824715686274507
8,Jerome Ford,RB,11,7.9,1.1552941176470597
8,Alexander Mattison,RB,11,9.9,3.1552941176470597
8,Cedric Tillman,WR,11,7.7,-1.0147058823529411
8,Tyler Lockett,WR,11,3.9,-4.814705882352941
8,T.J. Hockenson,TE,11,3.3,-3.615441176470588
8,Amari Cooper,WR,11,7.5,-1.2147058823529413
8,Bo Nix,QB,11,28.78,17.864715686274508
8,Jake Bates,K,11,12,4.730882352941178
8,Denver Broncos,DST,11,13,9.468137254901961
9,Jameis Winston,QB,11,26.6,15.68471568627451
9,Najee Harris,RB,11,13.3,6.55529411764706
9,Nick Chubb,RB,11,5,-1.7447058823529407
9,Jaxon Smith-Njigba,WR,11,21.8,13.08529411764706
9,Khalil Shakir,WR,11,15,6.285294117647059
9,Taysom Hill,TE,11,42.52,35.604558823529416
9,DeMario Douglas,WR,11,9.9,1.185294117647059
9,Derek Carr,QB,11,18.72,7.804715686274507
9,Jake Moody,K,11,5,-2.269117647058822
9,Detroit Lions,DST,11,10,6.468137254901961
10,C.J. Stroud,QB,11,11.88,0.9647156862745092
10,Chase Brown,RB,11,19.3,12.55529411764706
10,Alvin Kamara,RB,11,12.9,6.15529411764706
10,Jakobi Meyers,WR,11,8.8,0.08529411764705941
10,Tyreek Hill,WR,11,19.1,10.38529411764706
10,Lucas Krull,TE,11,0,-6.915441176470588
10,Davante Adams,WR,11,13.2,4.485294117647058
10,Jayden Daniels,QB,11,14.44,3.524715686274508
10,Brandon Aubrey,K,11,5,-2.269117647058822
10,Kansas City Chiefs,DST,11,1,-2.531862745098039
11,Lamar Jackson,QB,11,15.88,8.678852941176471
11,Breece Hall,RB,11,31.1,24.355294117647063
11,Rhamondre Stevenson,RB,11,12.9,6.15529411764706
11,Jameson Williams,WR,11,22.6,11.68471568627451
11,DK Metcalf,WR,11,14,3.0847156862745084
11,Kyle Pitts,TE,11,1.9,-5.015441176470588
11,Brian Thomas Jr.,WR,11,13.6,2.684715686274508
11,Jauan Jennings,WR,11,25.1,14.18471568627451
11,Tyler Bass,K,11,5,-2.269117647058822
11,Green Bay Packers,DST,11,6,2.468137254901961
12,Jordan Love,QB,11,21.24,10.324715686274507
12,Saquon Barkley,RB,11,33.8,25.085294117647056
12,Derrick Henry,RB,11,10.5,1.7852941176470587
12,George Pickens,WR,11,16.9,7.6756862745098005
12,Calvin Ridley,WR,11,9.8,0.5756862745098026
12,Pat Freiermuth,TE,11,3.4,-3.515441176470588
12,Josh Jacobs,RB,11,23.4,14.685294117647057
12,Russell Wilson,QB,11,7.3,-3.6152843137254917
12,Chris Boswell,K,11,24,16.73088235294118
12,Los Angeles Rams,DST,11,11,7.468137254901961
1,Justin Herbert,QB,12,17.62,7.890049019607844
1,David Montgomery,RB,12,16.3,9.946127450980393
1,Kareem Hunt,RB,12,11.7,5.346127450980392
1,Zay Flowers,WR,12,11.2,3.716127450980391
1,Romeo Doubs,WR,12,8.4,0.916127450980392
1,Mark Andrews,TE,12,15.6,6.275392156862745
1,Jayden Reed,WR,12,5.6,-1.8838725490196087
1,Kyler Murray,QB,12,11.3,1.5700490196078434
1,Justin Tucker,K,12,7,0.43088235294117716
1,Miami Dolphins,DST,12,13,6.143137254901961
2,Patrick Mahomes,QB,12,28.76,19.030049019607844
2,De'Von Achane,RB,12,20.6,14.246127450980394
2,J.K. Dobbins,RB,12,8.9,2.546127450980393
2,CeeDee Lamb,WR,12,16.8,9.316127450980392
2,Mike Evans,WR,12,11.8,4.316127450980392
2,Will Dissly,TE,12,8.7,-0.6246078431372553
2,Deebo Samuel Sr.,WR,12,3.1,-4.383872549019609
2,Brandon Allen,QB,12,9.46,-0.2699509803921565
2,Spencer Shrader,K,12,13,6.430882352941177
2,New York Giants,DST,12,4,-2.856862745098039
3,Tua Tagovailoa,QB,12,28.48,18.750049019607843
3,Kenneth Walker III,RB,12,13.3,5.816127450980392
3,Joe Mixon,RB,12,9.5,2.0161274509803917
3,D.J. Moore,WR,12,26.9,17.780686274509804
3,Justin Jefferson,WR,12,4.7,-4.419313725490196
3,Brock Bowers,TE,12,7.8,-1.5246078431372547
3,Tyrone Tracy Jr.,RB,12,9,1.5161274509803917
3,Sam Darnold,QB,12,21.1,11.370049019607844
3,Jake Elliott,K,12,13,6.430882352941177
3,Chicago Bears,DST,12,5,-1.8568627450980388
4,Bryce Young,QB,12,16.52,6.790049019607842
4,Roschon Johnson,RB,12,8.2,1.8461274509803918
4,Jonathan Taylor,RB,12,3.5,-2.8538725490196075
4,Amon-Ra St. Brown,WR,12,12.2,4.716127450980391
4,Terry McLaurin,WR,12,21.2,13.716127450980391
4,Trey McBride,TE,12,25.3,15.975392156862746
4,Cooper Kupp,WR,12,20,12.516127450980392
4,Matthew Stafford,QB,12,19.22,9.490049019607842
4,Ka'imi Fairbairn,K,12,10,3.430882352941177
4,Minnesota Vikings,DST,12,7,0.14313725490196116
5,Trevor Lawrence,QB,12,0,-9.729950980392157
5,Kyren Williams,RB,12,11.2,4.846127450980392
5,Bucky Irving,RB,12,27.2,20.84612745098039
5,Courtland Sutton,WR,12,29.7,22.21612745098039
5,Josh Downs,WR,12,5.7,-1.7838725490196081
5,David Njoku,TE,12,3.9,-5.424607843137254
5,Ladd McConkey,WR,12,14.3,6.816127450980392
5,Cooper Rush,QB,12,17.98,8.250049019607843
5,Jason Sanders,K,12,12,5.430882352941177
5,Houston Texans,DST,12,18,11.143137254901962
6,Gardner Minshew,QB,12,12.7,2.970049019607842
6,Tony Pollard,RB,12,21.9,14.41612745098039
6,Jahmyr Gibbs,RB,12,24.9,17.41612745098039
6,Tank Dell,WR,12,10.2,1.0806862745098034
6,A.J. Brown,WR,12,22.9,13.780686274509803
6,Dallas Goedert,TE,12,5.9,-3.424607843137254
6,D'Andre Swift,RB,12,9.5,2.0161274509803917
6,Tommy DeVito,QB,12,10.76,1.0300490196078425
6,Cameron Dicker,K,12,16,9.430882352941177
6,Washington Commanders,DST,12,5,-1.8568627450980388
7,Jared Goff,QB,12,10.76,1.0300490196078425
7,James Conner,RB,12,9.9,3.546127450980393
7,Christian McCaffrey,RB,12,7.8,1.4461274509803923
7,Nico Collins,WR,12,20.2,12.716127450980391
7,Puka Nacua,WR,12,20.7,13.216127450980391
7,Travis Kelce,TE,12,12.2,2.8753921568627447
7,Jalen McMillan,WR,12,2.1,-5.383872549019609
7,Drake Maye,QB,12,14.48,4.750049019607843
7,Wil Lutz,K,12,22,15.430882352941177
7,Baltimore Ravens,DST,12,5,-1.8568627450980388
8,Jalen Hurts,QB,12,15.06,5.330049019607843
8,Chuba Hubbard,RB,12,15,8.646127450980392
8,Rachaad White,RB,12,11.7,5.346127450980392
8,Cedric Tillman,WR,12,2.8,-4.6838725490196085
8,Xavier Legette,WR,12,9.6,2.1161274509803913
8,T.J. Hockenson,TE,12,18.4,9.075392156862744
8,Jordan Addison,WR,12,30.2,22.71612745098039
8,Bo Nix,QB,12,19.42,9.690049019607844
8,Jake Bates,K,12,8,1.4308823529411772
8,Denver Broncos,DST,12,11,4.143137254901961
9,Jameis Winston,QB,12,14.46,4.7300490196078435
9,Najee Harris,RB,12,7.4,-0.08387254901960794
9,Jaylen Warren,RB,12,15.4,7.916127450980392
9,Malik Nabers,WR,12,12.4,3.2806862745098044
9,Jaxon Smith-Njigba,WR,12,19.7,10.580686274509803
9,Zach Ertz,TE,12,15.8,6.475392156862746
9,Nick Chubb,RB,12,19,11.516127450980392
9,Caleb Williams,QB,12,26.9,17.17004901960784
9,Jake Moody,K,12,5,-1.5691176470588228
9,Detroit Lions,DST,12,8,1.1431372549019612
10,C.J. Stroud,QB,12,17.68,7.950049019607842
10,Brian Robinson Jr.,RB,12,3.4,-2.9538725490196076
10,Samaje Perine,RB,12,4.4,-1.9538725490196072
10,Jakobi Meyers,WR,12,22.1,14.616127450980393
10,Tyreek Hill,WR,12,9.8,2.3161274509803924
10,George Kittle,TE,12,20.2,10.875392156862745
10,DeAndre Hopkins,WR,12,14.5,7.016127450980392
10,Jayden Daniels,QB,12,32.4,22.67004901960784
10,Brandon Aubrey,K,12,10,3.430882352941177
10,Kansas City Chiefs,DST,12,3,-3.856862745098039
11,Lamar Jackson,QB,12,22.58,16.830186274509803
11,Raheem Mostert,RB,12,1.2,-5.153872549019607
11,Rhamondre Stevenson,RB,12,3.3,-3.0538725490196077
11,Jameson Williams,WR,12,11.8,2.0700490196078434
11,DK Metcalf,WR,12,9.9,0.17004901960784302
11,Cade Otton,TE,12,4,-5.3246078431372545
11,Jaylen Waddle,WR,12,28.4,18.67004901960784
11,Jauan Jennings,WR,12,9,-0.7299509803921573
11,Chase McLaughlin,K,12,5,-1.5691176470588228
11,Tampa Bay Buccaneers,DST,12,12,5.143137254901961
12,Jordan Love,QB,12,14.72,4.990049019607843
12,Saquon Barkley,RB,12,46.2,38.716127450980395
12,Derrick Henry,RB,12,14,6.516127450980392
12,George Pickens,WR,12,8.8,-0.3193137254901952
12,Calvin Ridley,WR,12,14.3,5.180686274509805
12,Pat Freiermuth,TE,12,9.9,0.5753921568627458
12,Josh Jacobs,RB,12,28.6,21.116127450980393
12,Russell Wilson,QB,12,13.8,4.070049019607843
12,Chris Boswell,K,12,7,0.43088235294117716
12,Los Angeles Rams,DST,12,-3,-9.856862745098038
1,Justin Herbert,QB,13,7.98,-9.379950980392156
1,David Montgomery,RB,13,15.4,8.264460784313727
1,Gus Edwards,RB,13,4.3,-2.835539215686274
1,Zay Flowers,WR,13,10.1,-0.06137254901960709
1,Ja'Marr Chase,WR,13,20.6,10.438627450980395
1,Hunter Henry,TE,13,14.5,4.615392156862743
1,Jayden Reed,WR,13,19.7,9.538627450980393
1,Kyler Murray,QB,13,17.2,-0.15995098039215705
1,Justin Tucker,K,13,6,-1.6774509803921553
1,Arizona Cardinals,DST,13,9,2.318137254901961
2,Patrick Mahomes,QB,13,16.64,-0.7199509803921558
2,De'Von Achane,RB,13,21,13.864460784313726
2,Antonio Gibson,RB,13,12.2,5.0644607843137255
2,CeeDee Lamb,WR,13,5.9,-4.261372549019606
2,Mike Evans,WR,13,25.8,15.638627450980394
2,Will Dissly,TE,13,0,-9.884607843137257
2,Drake London,WR,13,17.3,7.138627450980394
2,Brock Purdy,QB,13,2.16,-15.199950980392156
2,Younghoe Koo,K,13,7,-0.6774509803921553
2,New York Giants,DST,13,1,-5.681862745098039
3,Tua Tagovailoa,QB,13,25.2,7.840049019607843
3,Kenneth Walker III,RB,13,6.6,-3.561372549019607
3,Joe Mixon,RB,13,21.9,11.738627450980392
3,D.J. Moore,WR,13,23.7,11.454019607843138
3,Justin Jefferson,WR,13,16.9,4.6540196078431375
3,Brock Bowers,TE,13,30.2,20.315392156862742
3,Tyrone Tracy Jr.,RB,13,14.5,4.338627450980393
3,Sam Darnold,QB,13,19.6,2.240049019607845
3,Jake Elliott,K,13,6,-1.6774509803921553
3,Chicago Bears,DST,13,5,-1.681862745098039
4,Joe Burrow,QB,13,20.26,2.9000490196078452
4,James Cook,RB,13,19,11.864460784313726
4,Jonathan Taylor,RB,13,17.3,10.164460784313727
4,Amon-Ra St. Brown,WR,13,12.3,2.138627450980394
4,Terry McLaurin,WR,13,27.3,17.138627450980394
4,Trey McBride,TE,13,21.6,11.715392156862745
4,Cooper Kupp,WR,13,4.7,-5.461372549019607
4,Matthew Stafford,QB,13,15.62,-1.7399509803921571
4,Ka'imi Fairbairn,K,13,13,5.322549019607845
4,Minnesota Vikings,DST,13,6,-0.681862745098039
5,Geno Smith,QB,13,12.44,-4.919950980392157
5,Kyren Williams,RB,13,18.3,11.164460784313727
5,Bucky Irving,RB,13,27.5,20.364460784313728
5,Courtland Sutton,WR,13,16.2,6.0386274509803926
5,Marvin Harrison Jr.,WR,13,17,6.838627450980393
5,Jonnu Smith,TE,13,21.3,11.415392156862744
5,Ladd McConkey,WR,13,20.7,10.538627450980393
5,Trevor Lawrence,QB,13,1.24,-16.119950980392158
5,Jason Sanders,K,13,3,-4.677450980392155
5,Houston Texans,DST,13,3,-3.681862745098039
6,Josh Allen,QB,13,28.42,11.060049019607845
6,Tony Pollard,RB,13,8.8,1.664460784313727
6,Jahmyr Gibbs,RB,13,10.4,3.2644607843137265
6,Tee Higgins,WR,13,17.9,7.738627450980392
6,A.J. Brown,WR,13,11.6,1.438627450980393
6,Dallas Goedert,TE,13,12.5,2.615392156862743
6,Tank Dell,WR,13,3.3,-6.861372549019607
6,Kirk Cousins,QB,13,6.1,-11.259950980392157
6,Cameron Dicker,K,13,12,4.322549019607845
6,Washington Commanders,DST,13,8,1.318137254901961
7,Jared Goff,QB,13,16.94,-0.41995098039215506
7,Bijan Robinson,RB,13,25.5,18.364460784313728
7,Christian McCaffrey,RB,13,8.7,1.5644607843137255
7,Nico Collins,WR,13,19.9,9.738627450980392
7,Puka Nacua,WR,13,17.3,7.138627450980394
7,Travis Kelce,TE,13,13.8,3.915392156862744
7,Garrett Wilson,WR,13,9.1,-1.061372549019607
7,Drake Maye,QB,13,20.42,3.0600490196078454
7,Wil Lutz,K,13,11,3.3225490196078447
7,Dallas Cowboys,DST,13,19,12.318137254901961
8,Jalen Hurts,QB,13,17.62,0.26004901960784466
8,Chuba Hubbard,RB,13,2.3,-4.835539215686274
8,Rachaad White,RB,13,8.8,1.664460784313727
8,Jordan Addison,WR,13,9.4,-2.8459803921568607
8,Xavier Legette,WR,13,9.3,-2.9459803921568604
8,T.J. Hockenson,TE,13,5.8,-4.361372549019607
8,Evan Engram,TE,13,11.1,0.9386274509803929
8,Bo Nix,QB,13,14.16,-3.199950980392156
8,Jake Bates,K,13,11,3.3225490196078447
8,Denver Broncos,DST,13,20,13.318137254901961
9,Derek Carr,QB,13,14.56,-2.799950980392156
9,Nick Chubb,RB,13,12.5,5.364460784313726
9,Jaylen Warren,RB,13,10.4,3.2644607843137265
9,Marquez Valdes-Scantling,WR,13,11.6,-0.6459803921568614
9,Jaxon Smith-Njigba,WR,13,11.9,-0.3459803921568607
9,Zach Ertz,TE,13,12.5,2.3386274509803933
9,Taysom Hill,TE,13,9.7,-0.46137254901960745
9,Caleb Williams,QB,13,26.14,8.780049019607844
9,Jake Moody,K,13,2,-5.677450980392155
9,Detroit Lions,DST,13,6,-0.681862745098039
10,C.J. Stroud,QB,13,14.38,-2.9799509803921556
10,Alvin Kamara,RB,13,15.9,8.764460784313727
10,Chase Brown,RB,13,19,11.864460784313726
10,Jakobi Meyers,WR,13,15.7,5.5386274509803926
10,Tyreek Hill,WR,13,20.3,10.138627450980394
10,George Kittle,TE,13,1.7,-8.184607843137258
10,DeAndre Hopkins,WR,13,13,2.8386274509803933
10,Jayden Daniels,QB,13,28.64,11.280049019607844
10,Brandon Aubrey,K,13,9,1.3225490196078447
10,Kansas City Chiefs,DST,13,7,0.318137254901961
11,Lamar Jackson,QB,13,25.38,12.17635294117647
11,Breece Hall,RB,13,6,-1.1355392156862738
11,Rhamondre Stevenson,RB,13,12.4,5.2644607843137265
11,Jameson Williams,WR,13,9.6,-7.759950980392157
11,DK Metcalf,WR,13,10.6,-6.759950980392157
11,Cade Otton,TE,13,6,-3.884607843137257
11,Michael Pittman Jr.,WR,13,9.2,-8.159950980392157
11,Jauan Jennings,WR,13,8.6,-8.759950980392157
11,Chase McLaughlin,K,13,15,7.322549019607845
11,Tampa Bay Buccaneers,DST,13,4,-2.681862745098039
12,Jordan Love,QB,13,18.96,1.6000490196078445
12,Saquon Barkley,RB,13,19.7,9.538627450980393
12,Derrick Henry,RB,13,14.1,3.938627450980393
12,George Pickens,WR,13,16.4,4.1540196078431375
12,Calvin Ridley,WR,13,6.5,-5.745980392156861
12,Pat Freiermuth,TE,13,18.8,8.915392156862744
12,Josh Jacobs,RB,13,21.7,11.538627450980393
12,Baker Mayfield,QB,13,12.2,-5.159950980392157
12,Chris Boswell,K,13,15,7.322549019607845
12,Pittsburgh Steelers,DST,13,17,10.318137254901961
1,Justin Herbert,QB,14,13.72,2.8362156862745103
1,David Montgomery,RB,14,19.4,12.900294117647057
1,Gus Edwards,RB,14,9.6,3.100294117647058
1,Jerry Jeudy,WR,14,17.4,7.909460784313723
1,Ja'Marr Chase,WR,14,45.1,35.609460784313725
1,Tyler Conklin,TE,14,6.3,0.014558823529411846
1,Jayden Reed,WR,14,0,-9.490539215686276
1,Kyler Murray,QB,14,19.96,9.07621568627451
1,Nick Folk,K,14,7,0.31421568627451
1,Arizona Cardinals,DST,14,-1,-4.648529411764706
2,Brock Purdy,QB,14,22.1,11.216215686274511
2,De'Von Achane,RB,14,18.9,12.400294117647057
2,Kenneth Gainwell,RB,14,5.3,-1.1997058823529416
2,CeeDee Lamb,WR,14,21.4,11.909460784313723
2,Mike Evans,WR,14,10.9,1.4094607843137243
2,Will Dissly,TE,14,3.9,-2.385441176470588
2,Drake London,WR,14,12,2.509460784313724
2,Patrick Mahomes,QB,14,14.1,3.2162156862745093
2,Younghoe Koo,K,14,7,0.31421568627451
2,Buffalo Bills,DST,14,-4,-7.648529411764706
3,Tua Tagovailoa,QB,14,23.54,12.656215686274509
3,Ray Davis,RB,14,0,-6.4997058823529414
3,Tyrone Tracy Jr.,RB,14,19.3,12.80029411764706
3,Nick Westbrook-Ikhine,WR,14,2.9,-6.590539215686276
3,Justin Jefferson,WR,14,32.2,22.709460784313727
3,Brock Bowers,TE,14,8.2,1.9145588235294113
3,D.J. Moore,WR,14,10.9,1.4094607843137243
3,Sam Darnold,QB,14,34.58,23.696215686274506
3,Jake Elliott,K,14,1,-5.68578431372549
3,San Francisco 49ers,DST,14,13,9.351470588235294
4,Joe Burrow,QB,14,25.56,14.676215686274508
4,Tyjae Spears,RB,14,3.3,-3.1997058823529416
4,James Cook,RB,14,4.9,-1.599705882352941
4,Amon-Ra St. Brown,WR,14,10.3,0.8094607843137247
4,Cooper Kupp,WR,14,20.2,10.709460784313723
4,Trey McBride,TE,14,14,7.714558823529412
4,Dontayvion Wicks,WR,14,8.9,-0.5905392156862757
4,Matthew Stafford,QB,14,20.8,9.91621568627451
4,Jason Myers,K,14,12,5.31421568627451
4,Minnesota Vikings,DST,14,7,3.351470588235294
5,Geno Smith,QB,14,13.32,2.43621568627451
5,Kyren Williams,RB,14,23.7,17.200294117647058
5,Bucky Irving,RB,14,2.8,-3.6997058823529416
5,Joshua Palmer,WR,14,13.8,5.19985294117647
5,Marvin Harrison Jr.,WR,14,8.9,0.29985294117646966
5,David Njoku,TE,14,17.2,7.709460784313723
5,Jonnu Smith,TE,14,13.4,3.9094607843137243
5,Cooper Rush,QB,14,14.82,3.93621568627451
5,Jason Sanders,K,14,15,8.31421568627451
5,Cincinnati Bengals,DST,14,7,3.351470588235294
6,Josh Allen,QB,14,51.88,40.99621568627451
6,Tony Pollard,RB,14,14.4,4.909460784313724
6,Jahmyr Gibbs,RB,14,19.3,9.809460784313725
6,Tee Higgins,WR,14,4.3,-4.300147058823531
6,A.J. Brown,WR,14,8.3,-0.30014705882353
6,Juwan Johnson,TE,14,15,8.714558823529412
6,D'Andre Swift,RB,14,5,-4.490539215686276
6,Kirk Cousins,QB,14,11.76,0.8762156862745094
6,Cameron Dicker,K,14,5,-1.68578431372549
6,Tennessee Titans,DST,14,9,5.351470588235294
7,Jared Goff,QB,14,23.02,16.119852941176468
7,Bijan Robinson,RB,14,20.1,9.216215686274511
7,James Conner,RB,14,22.2,11.316215686274509
7,Garrett Wilson,WR,14,18.4,9.799852941176468
7,Puka Nacua,WR,14,41.8,33.19985294117647
7,Travis Kelce,TE,14,9.5,3.214558823529412
7,Isaac Guerendo,RB,14,26.8,15.91621568627451
7,Rico Dowdle,RB,14,15.1,4.216215686274509
7,Jake Moody,K,14,8,1.31421568627451
7,New Orleans Saints,DST,14,10,6.351470588235294
8,Jalen Hurts,QB,14,24.22,17.31985294117647
8,Chuba Hubbard,RB,14,20.7,9.816215686274509
8,Zach Charbonnet,RB,14,38.3,27.416215686274505
8,Jordan Addison,WR,14,39.3,28.416215686274505
8,Amari Cooper,WR,14,15.5,4.61621568627451
8,T.J. Hockenson,TE,14,8.5,2.214558823529412
8,Rachaad White,RB,14,24.9,14.016215686274508
8,Xavier Legette,WR,14,5.9,-4.98378431372549
8,Jake Bates,K,14,11,4.31421568627451
8,Jacksonville Jaguars,DST,14,10,6.351470588235294
9,Caleb Williams,QB,14,14.06,3.17621568627451
9,Najee Harris,RB,14,11.3,1.8094607843137247
9,Nick Chubb,RB,14,4.8,-4.690539215686276
9,Khalil Shakir,WR,14,21.6,12.99985294117647
9,Jaxon Smith-Njigba,WR,14,19.6,10.99985294117647
9,Jake Ferguson,TE,14,6.2,-0.0854411764705878
9,Braelon Allen,RB,14,12.1,2.6094607843137236
9,Jameis Winston,QB,14,17.28,6.396215686274511
9,Will Reichard,K,14,5,-1.68578431372549
9,Seattle Seahawks,DST,14,8,4.351470588235294
10,Justin Fields,QB,14,0,-6.90014705882353
10,Alvin Kamara,RB,14,12.9,6.400294117647059
10,Chase Brown,RB,14,24.3,17.80029411764706
10,Jakobi Meyers,WR,14,13.7,2.816215686274509
10,Tyreek Hill,WR,14,28.1,17.21621568627451
10,George Kittle,TE,14,21.1,14.814558823529413
10,DeAndre Hopkins,WR,14,13.2,2.316215686274509
10,Davante Adams,WR,14,25.9,15.016215686274508
10,Brandon Aubrey,K,14,9,2.31421568627451
10,Philadelphia Eagles,DST,14,4,0.3514705882352942
11,Drew Lock,QB,14,15.98,9.07985294117647
11,Breece Hall,RB,14,0,-6.4997058823529414
11,Raheem Mostert,RB,14,0,-6.4997058823529414
11,Jameson Williams,WR,14,13,2.1162156862745096
11,DK Metcalf,WR,14,8.9,-1.98378431372549
11,Cade Otton,TE,14,10,3.714558823529412
11,Brian Thomas Jr.,WR,14,16.6,5.716215686274511
11,Jauan Jennings,WR,14,28,17.116215686274508
11,Chase McLaughlin,K,14,4,-2.68578431372549
11,Tampa Bay Buccaneers,DST,14,10,6.351470588235294
12,Jordan Love,QB,14,14.54,3.6562156862745088
12,Saquon Barkley,RB,14,14.4,4.909460784313724
12,Josh Jacobs,RB,14,24.6,15.109460784313725
12,George Pickens,WR,14,0,-8.60014705882353
12,Calvin Ridley,WR,14,12.9,4.29985294117647
12,Sam LaPorta,TE,14,10.4,4.114558823529412
12,Aaron Jones,RB,14,16.4,6.909460784313723
12,Baker Mayfield,QB,14,21,10.11621568627451
12,Chris Boswell,K,14,11,4.31421568627451
12,Pittsburgh Steelers,DST,14,9,5.351470588235294
1,Justin Herbert,QB,15,14.8,5.224049019607845
1,David Montgomery,RB,15,7.5,-0.7963725490196065
1,Nick Chubb,RB,15,2.1,-6.196372549019607
1,Jerry Jeudy,WR,15,21.8,12.811127450980393
1,Ja'Marr Chase,WR,15,18.4,9.411127450980391
1,Hunter Henry,TE,15,6.5,-0.5904411764705895
1,Adam Thielen,WR,15,10.1,1.1111274509803923
1,Kyler Murray,QB,15,10.06,0.48404901960784485
1,Nick Folk,K,15,3,-4.21078431372549
1,Arizona Cardinals,DST,15,6,-1.1485294117647058
2,Brock Purdy,QB,15,4.98,-4.595950980392155
2,De'Von Achane,RB,15,14.6,6.303627450980393
2,Kenneth Gainwell,RB,15,9,0.7036274509803935
2,CeeDee Lamb,WR,15,26.6,17.611127450980394
2,Mike Evans,WR,15,36.9,27.91112745098039
2,Isaiah Likely,TE,15,3.7,-3.3904411764705893
2,Drake London,WR,15,14.3,5.311127450980393
2,Patrick Mahomes,QB,15,15.76,6.184049019607844
2,Younghoe Koo,K,15,8,0.7892156862745097
2,Detroit Lions,DST,15,-4,-11.148529411764706
3,Tua Tagovailoa,QB,15,6.84,-2.735950980392156
3,Joe Mixon,RB,15,10.6,1.6111274509803923
3,Javonte Williams,RB,15,4.3,-4.6888725490196075
3,D.J. Moore,WR,15,15,6.66235294117647
3,Justin Jefferson,WR,15,20.3,11.962352941176471
3,Brock Bowers,TE,15,6.5,-0.5904411764705895
3,Tyrone Tracy Jr.,RB,15,4.5,-4.488872549019607
3,Sam Darnold,QB,15,12.24,2.6640490196078446
3,Jake Elliott,K,15,10,2.7892156862745097
3,San Francisco 49ers,DST,15,4,-3.148529411764706
4,Joe Burrow,QB,15,18.84,9.264049019607844
4,Jonathan Taylor,RB,15,10.1,1.8036274509803931
4,James Cook,RB,15,26.3,18.003627450980396
4,Amon-Ra St. Brown,WR,15,37.3,28.31112745098039
4,Cooper Kupp,WR,15,0,-8.988872549019607
4,Trey McBride,TE,15,17.7,10.60955882352941
4,Terry McLaurin,WR,15,26.3,17.311127450980393
4,Matthew Stafford,QB,15,8.2,-1.3759509803921564
4,Justin Tucker,K,15,5,-2.2107843137254903
4,Minnesota Vikings,DST,15,9,1.8514705882352942
5,Geno Smith,QB,15,5.46,-4.115950980392156
5,Kyren Williams,RB,15,13.2,4.903627450980393
5,Bucky Irving,RB,15,13.3,5.003627450980394
5,Courtland Sutton,WR,15,12.2,3.211127450980392
5,Ladd McConkey,WR,15,16.8,7.811127450980393
5,Jonnu Smith,TE,15,19.8,12.709558823529411
5,Marvin Harrison Jr.,WR,15,5.2,-3.788872549019607
5,Cooper Rush,QB,15,19.06,9.484049019607843
5,Jason Sanders,K,15,7,-0.21078431372549034
5,Cincinnati Bengals,DST,15,21,13.851470588235294
6,Josh Allen,QB,15,41.28,31.704049019607844
6,Tony Pollard,RB,15,8.5,0.20362745098039348
6,Jahmyr Gibbs,RB,15,28.4,20.10362745098039
6,Tee Higgins,WR,15,19.8,10.811127450980393
6,A.J. Brown,WR,15,25,16.011127450980393
6,Juwan Johnson,TE,15,3.2,-3.8904411764705893
6,Tank Dell,WR,15,6.1,-2.8888725490196077
6,Kirk Cousins,QB,15,7.48,-2.095950980392155
6,Cameron Dicker,K,15,6,-1.2107843137254903
6,Baltimore Ravens,DST,15,6,-1.1485294117647058
7,Jared Goff,QB,15,41.06,31.484049019607845
7,Bijan Robinson,RB,15,14.5,5.511127450980393
7,James Conner,RB,15,30.8,21.811127450980393
7,Puka Nacua,WR,15,17.8,9.462352941176471
7,Nico Collins,WR,15,17.7,9.36235294117647
7,Travis Kelce,TE,15,6.7,-0.3904411764705893
7,Rico Dowdle,RB,15,14.9,5.911127450980393
7,Drake Maye,QB,15,18.48,8.904049019607845
7,Wil Lutz,K,15,8,0.7892156862745097
7,New Orleans Saints,DST,15,10,2.851470588235294
8,Jalen Hurts,QB,15,28.1,18.524049019607844
8,Chuba Hubbard,RB,15,8.9,0.6036274509803938
8,Zach Charbonnet,RB,15,13.6,5.303627450980393
8,Amari Cooper,WR,15,0,-8.988872549019607
8,Jordan Addison,WR,15,13.3,4.311127450980393
8,T.J. Hockenson,TE,15,10.2,3.10955882352941
8,Xavier Legette,WR,15,2.9,-6.088872549019607
8,Bo Nix,QB,15,16.5,6.924049019607844
8,Jake Bates,K,15,5,-2.2107843137254903
8,Denver Broncos,DST,15,22,14.851470588235294
9,Caleb Williams,QB,15,9.94,0.36404901960784386
9,Najee Harris,RB,15,3.1,-5.196372549019607
9,Tank Bigsby,RB,15,4.2,-4.096372549019606
9,Khalil Shakir,WR,15,15.9,6.911127450980393
9,Jaxon Smith-Njigba,WR,15,18.3,9.311127450980393
9,Zach Ertz,TE,15,4.5,-2.5904411764705895
9,Malik Nabers,WR,15,24.2,15.211127450980392
9,Jameis Winston,QB,15,2.64,-6.935950980392155
9,Will Reichard,K,15,15,7.78921568627451
9,Seattle Seahawks,DST,15,2,-5.148529411764706
10,Jayden Daniels,QB,15,23.64,14.064049019607845
10,Alvin Kamara,RB,15,17,8.703627450980393
10,Chase Brown,RB,15,26.3,18.003627450980396
10,Jakobi Meyers,WR,15,10.9,1.911127450980393
10,Tyreek Hill,WR,15,5.6,-3.3888725490196077
10,George Kittle,TE,15,10.1,3.00955882352941
10,Davante Adams,WR,15,42.8,33.81112745098039
10,C.J. Stroud,QB,15,11.64,2.064049019607845
10,Brandon Aubrey,K,15,15,7.78921568627451
10,Kansas City Chiefs,DST,15,23,15.851470588235294
11,Lamar Jackson,QB,15,36.1,29.61985294117647
11,Breece Hall,RB,15,13.1,4.803627450980393
11,Jameson Williams,WR,15,12.7,3.1240490196078436
11,DK Metcalf,WR,15,5.8,-3.775950980392156
11,Cade Otton,TE,15,4.4,-2.690441176470589
11,Brian Thomas Jr.,WR,15,32.5,22.924049019607843
11,Jauan Jennings,WR,15,5.1,-4.475950980392156
11,Chase McLaughlin,K,15,18,10.78921568627451
11,Tampa Bay Buccaneers,DST,15,10,2.851470588235294
12,Jordan Love,QB,15,17.56,7.984049019607843
12,Saquon Barkley,RB,15,9.4,0.41112745098039305
12,Derrick Henry,RB,15,6.7,-2.288872549019607
12,Calvin Ridley,WR,15,9,0.6623529411764704
12,George Pickens,WR,15,0,-8.33764705882353
12,Sam LaPorta,TE,15,18.1,11.009558823529412
12,Aaron Jones,RB,15,18.6,9.611127450980394
12,Baker Mayfield,QB,15,29.02,19.444049019607846
12,Chris Boswell,K,15,8,0.7892156862745097
12,Pittsburgh Steelers,DST,15,8,0.8514705882352942
1,Aaron Rodgers,QB,16,12.84,0.7323823529411762
1,Gus Edwards,RB,16,20.1,11.55279411764706
1,Kareem Hunt,RB,16,15.9,7.3527941176470595
1,Keenan Allen,WR,16,29.1,20.74696078431373
1,Ja'Marr Chase,WR,16,22.4,14.046960784313725
1,Hunter Henry,TE,16,13.9,6.331225490196079
1,Zay Flowers,WR,16,15.3,6.9469607843137275
1,Kyler Murray,QB,16,21.38,9.272382352941175
1,Jason Myers,K,16,6,-0.8024509803921553
1,Atlanta Falcons,DST,16,26,19.784803921568628
2,Brock Purdy,QB,16,22.12,10.012382352941177
2,De'Von Achane,RB,16,31,22.45279411764706
2,Kenneth Gainwell,RB,16,2.3,-6.247205882352941
2,CeeDee Lamb,WR,16,17.5,9.146960784313727
2,Mike Evans,WR,16,11.9,3.546960784313727
2,Isaiah Likely,TE,16,11.9,4.331225490196079
2,Drake London,WR,16,10.9,2.546960784313727
2,Patrick Mahomes,QB,16,23.7,11.592382352941176
2,Tyler Bass,K,16,8,1.1975490196078447
2,Detroit Lions,DST,16,8,1.7848039215686278
3,Tua Tagovailoa,QB,16,12.5,0.3923823529411763
3,Joe Mixon,RB,16,8.1,-0.2530392156862735
3,Javonte Williams,RB,16,12.3,3.9469607843137275
3,D.J. Moore,WR,16,14,5.685686274509804
3,Justin Jefferson,WR,16,36.4,28.085686274509804
3,Brock Bowers,TE,16,20.9,13.331225490196077
3,Kenneth Walker III,RB,16,13.9,5.546960784313727
3,Sam Darnold,QB,16,22.94,10.832382352941178
3,Jake Elliott,K,16,18,11.197549019607845
3,San Francisco 49ers,DST,16,-1,-7.215196078431372
4,Joe Burrow,QB,16,21.98,9.872382352941177
4,Jonathan Taylor,RB,16,39.8,31.252794117647056
4,James Cook,RB,16,27.6,19.05279411764706
4,Amon-Ra St. Brown,WR,16,19,10.646960784313727
4,Cooper Kupp,WR,16,5.4,-2.953039215686273
4,Trey McBride,TE,16,5,-2.568774509803921
4,Terry McLaurin,WR,16,17,8.646960784313727
4,Matthew Stafford,QB,16,7,-5.107617647058824
4,Justin Tucker,K,16,12,5.197549019607845
4,Minnesota Vikings,DST,16,6,-0.21519607843137223
5,Geno Smith,QB,16,23.36,11.252382352941176
5,Kyren Williams,RB,16,19.9,11.352794117647058
5,Bucky Irving,RB,16,18.2,9.652794117647058
5,Courtland Sutton,WR,16,10,1.6856862745098038
5,Ladd McConkey,WR,16,14.7,6.385686274509803
5,Jonnu Smith,TE,16,12.2,3.846960784313726
5,David Njoku,TE,16,14.6,6.2469607843137265
5,Cooper Rush,QB,16,15.28,3.1723823529411757
5,Jason Sanders,K,16,21,14.197549019607845
5,Cincinnati Bengals,DST,16,20,13.784803921568628
6,Josh Allen,QB,16,12.16,0.052382352941176435
6,Tony Pollard,RB,16,8,-0.5472058823529409
6,Jahmyr Gibbs,RB,16,25.4,16.852794117647058
6,Tee Higgins,WR,16,19.8,11.446960784313728
6,A.J. Brown,WR,16,23.7,15.346960784313726
6,Juwan Johnson,TE,16,4.7,-2.868774509803921
6,Darnell Mooney,WR,16,13.2,4.846960784313726
6,Michael Penix Jr.,QB,16,7.38,-4.727617647058824
6,Cameron Dicker,K,16,10,3.1975490196078447
6,Baltimore Ravens,DST,16,16,9.784803921568628
7,Jared Goff,QB,16,25.34,13.232382352941176
7,Bijan Robinson,RB,16,24.3,15.946960784313728
7,James Conner,RB,16,26.6,18.24696078431373
7,Puka Nacua,WR,16,13.6,5.285686274509803
7,Nico Collins,WR,16,13,4.685686274509804
7,Travis Kelce,TE,16,8,0.4312254901960788
7,Rico Dowdle,RB,16,8.1,-0.2530392156862735
7,Drake Maye,QB,16,18.44,6.332382352941178
7,Wil Lutz,K,16,12,5.197549019607845
7,Jacksonville Jaguars,DST,16,3,-3.2151960784313722
8,Jalen Hurts,QB,16,4.54,-7.567617647058824
8,Chuba Hubbard,RB,16,32.5,24.146960784313727
8,Jerome Ford,RB,16,24.1,15.746960784313728
8,Amari Cooper,WR,16,2,-6.314313725490196
8,Jordan Addison,WR,16,14.5,6.185686274509804
8,T.J. Hockenson,TE,16,4.7,-2.868774509803921
8,Rachaad White,RB,16,11,2.646960784313727
8,Bo Nix,QB,16,21.02,8.912382352941176
8,Jake Bates,K,16,9,2.1975490196078447
8,Denver Broncos,DST,16,4,-2.2151960784313722
9,Caleb Williams,QB,16,22.76,10.652382352941178
9,Najee Harris,RB,16,4.2,-4.347205882352941
9,Craig Reynolds,RB,16,3.3,-5.247205882352941
9,Khalil Shakir,WR,16,4.2,-4.153039215686273
9,Jaxon Smith-Njigba,WR,16,24,15.646960784313727
9,Brenton Strange,TE,16,2.2,-5.368774509803921
9,Malik Nabers,WR,16,13.8,5.4469607843137275
9,Aidan O'Connell,QB,16,11.48,-0.6276176470588233
9,Will Reichard,K,16,12,5.197549019607845
9,Indianapolis Colts,DST,16,6,-0.21519607843137223
10,Jayden Daniels,QB,16,36.42,24.312382352941178
10,Brian Robinson Jr.,RB,16,2.1,-6.447205882352941
10,Chase Brown,RB,16,13.9,5.3527941176470595
10,Jakobi Meyers,WR,16,6.1,-2.2530392156862735
10,Tyreek Hill,WR,16,11.9,3.546960784313727
10,George Kittle,TE,16,18.6,11.03122549019608
10,Davante Adams,WR,16,19.8,11.446960784313728
10,C.J. Stroud,QB,16,18.06,5.952382352941175
10,Brandon Aubrey,K,16,21,14.197549019607845
10,Kansas City Chiefs,DST,16,8,1.7848039215686278
11,Lamar Jackson,QB,16,21.48,13.522852941176472
11,Breece Hall,RB,16,14,5.452794117647059
11,Rhamondre Stevenson,RB,16,12.3,3.75279411764706
11,Jameson Williams,WR,16,26,13.892382352941176
11,DK Metcalf,WR,16,14.7,2.5923823529411756
11,Tucker Kraft,TE,16,9.5,1.9312254901960788
11,Brian Thomas Jr.,WR,16,28.2,16.092382352941176
11,Jauan Jennings,WR,16,9.1,-3.007617647058824
11,Chase McLaughlin,K,16,7,0.19754901960784466
11,Tampa Bay Buccaneers,DST,16,1,-5.215196078431372
12,Jordan Love,QB,16,11.48,-0.6276176470588233
12,Saquon Barkley,RB,16,27,18.646960784313727
12,Josh Jacobs,RB,16,20.7,12.346960784313726
12,Calvin Ridley,WR,16,16.8,8.485686274509805
12,Tim Patrick,WR,16,0,-8.314313725490196
12,Sam LaPorta,TE,16,14.3,6.7312254901960795
12,Derrick Henry,RB,16,20.9,12.546960784313725
12,Baker Mayfield,QB,16,23.32,11.212382352941177
12,Chris Boswell,K,16,7,0.19754901960784466
12,Pittsburgh Steelers,DST,16,4,-2.2151960784313722
1,Aaron Rodgers,QB,17,2.48,-9.453784313725489
1,Raheem Mostert,RB,17,3.9,-4.868872549019606
1,Kareem Hunt,RB,17,8,-0.7688725490196067
1,Keenan Allen,WR,17,7.5,-3.7580392156862743
1,Ja'Marr Chase,WR,17,19.2,7.941960784313725
1,Hunter Henry,TE,17,0,-7.726274509803922
1,Zay Flowers,WR,17,5.1,-6.158039215686275
1,Kyler Murray,QB,17,18.04,6.10621568627451
1,Jason Myers,K,17,8,2.5392156862745097
1,Atlanta Falcons,DST,17,6,-1.3235294117647056
2,Brock Purdy,QB,17,32.28,20.346215686274512
2,De'Von Achane,RB,17,5.8,-2.968872549019607
2,J.K. Dobbins,RB,17,15.3,6.531127450980394
2,Deebo Samuel Sr.,WR,17,9.1,-2.1580392156862747
2,Mike Evans,WR,17,29.7,18.441960784313725
2,Isaiah Likely,TE,17,7.9,0.17372549019607852
2,Drake London,WR,17,17.6,6.341960784313727
2,Patrick Mahomes,QB,17,26,14.06621568627451
2,Tyler Bass,K,17,8,2.5392156862745097
2,Buffalo Bills,DST,17,14,6.676470588235294
3,Tua Tagovailoa,QB,17,0,-11.93378431372549
3,Joe Mixon,RB,17,5.9,-5.358039215686274
3,Javonte Williams,RB,17,2,-9.258039215686274
3,D.J. Moore,WR,17,12.2,1.1206862745098043
3,Justin Jefferson,WR,17,17.2,6.120686274509804
3,Brock Bowers,TE,17,14.6,6.873725490196078
3,Kenneth Walker III,RB,17,0,-11.258039215686274
3,Sam Darnold,QB,17,25.78,13.846215686274512
3,Jake Elliott,K,17,11,5.53921568627451
3,San Francisco 49ers,DST,17,0,-7.323529411764706
4,Joe Burrow,QB,17,36.98,25.046215686274508
4,Jonathan Taylor,RB,17,27.6,18.831127450980397
4,James Cook,RB,17,11.3,2.531127450980394
4,Amon-Ra St. Brown,WR,17,20,8.741960784313726
4,Cooper Kupp,WR,17,3.9,-7.358039215686274
4,Trey McBride,TE,17,30.3,22.57372549019608
4,Terry McLaurin,WR,17,1.5,-9.758039215686274
4,Matthew Stafford,QB,17,9.16,-2.773784313725489
4,Justin Tucker,K,17,9,3.5392156862745097
4,Miami Dolphins,DST,17,13,5.676470588235294
5,Geno Smith,QB,17,8.3,-3.6337843137254886
5,Kyren Williams,RB,17,16.2,7.431127450980393
5,Bucky Irving,RB,17,23,14.231127450980393
5,Courtland Sutton,WR,17,16.5,5.241960784313726
5,Ladd McConkey,WR,17,29.4,18.141960784313724
5,Jonnu Smith,TE,17,11.6,3.873725490196078
5,Marvin Harrison Jr.,WR,17,15.6,4.341960784313725
5,Cooper Rush,QB,17,8.08,-3.8537843137254892
5,Jason Sanders,K,17,10,4.53921568627451
5,Cincinnati Bengals,DST,17,6,-1.3235294117647056
6,Josh Allen,QB,17,22.98,11.046215686274511
6,Tony Pollard,RB,17,0,-8.768872549019607
6,Jahmyr Gibbs,RB,17,26.3,17.531127450980392
6,Tee Higgins,WR,17,40.1,28.841960784313727
6,A.J. Brown,WR,17,12.6,1.3419607843137253
6,Juwan Johnson,TE,17,12.6,4.873725490196078
6,Darnell Mooney,WR,17,5.7,-5.558039215686274
6,Michael Penix Jr.,QB,17,12.22,0.2862156862745113
6,Cameron Dicker,K,17,17,11.53921568627451
6,Baltimore Ravens,DST,17,18,10.676470588235293
7,Jared Goff,QB,17,25.82,13.886215686274511
7,Bijan Robinson,RB,17,24.8,16.031127450980392
7,James Conner,RB,17,2.8,-5.968872549019607
7,Puka Nacua,WR,17,22.9,11.641960784313724
7,Nico Collins,WR,17,8.9,-2.358039215686274
7,Travis Kelce,TE,17,22.4,14.673725490196077
7,Garrett Wilson,WR,17,17.6,6.341960784313727
7,Drake Maye,QB,17,9.88,-2.0537843137254885
7,Wil Lutz,K,17,6,0.5392156862745097
7,Jacksonville Jaguars,DST,17,10,2.6764705882352944
8,Jalen Hurts,QB,17,0,-11.93378431372549
8,Chuba Hubbard,RB,17,0,-11.258039215686274
8,Jerome Ford,RB,17,2.2,-9.058039215686275
8,Amari Cooper,WR,17,14.6,3.5206862745098046
8,Jordan Addison,WR,17,18.9,7.820686274509804
8,T.J. Hockenson,TE,17,11.8,4.073725490196079
8,Rachaad White,RB,17,4.4,-6.858039215686274
8,Bo Nix,QB,17,22.86,10.92621568627451
8,Jake Bates,K,17,9,3.5392156862745097
8,Denver Broncos,DST,17,9,1.6764705882352944
9,Caleb Williams,QB,17,7.58,-4.353784313725489
9,Jaylen Warren,RB,17,16.2,7.431127450980393
9,Raheem Blackshear,RB,17,2,-6.768872549019607
9,Khalil Shakir,WR,17,5.5,-5.758039215686274
9,Jaxon Smith-Njigba,WR,17,6.2,-5.058039215686274
9,Jake Ferguson,TE,17,2.8,-4.926274509803922
9,Malik Nabers,WR,17,36.1,24.841960784313727
9,Joe Flacco,QB,17,17.3,5.366215686274511
9,Will Reichard,K,17,9,3.5392156862745097
9,Indianapolis Colts,DST,17,-3,-10.323529411764707
10,Jayden Daniels,QB,17,32.78,20.846215686274512
10,Brian Robinson Jr.,RB,17,8.9,0.1311274509803937
10,Chase Brown,RB,17,13.1,4.331127450980393
10,Jakobi Meyers,WR,17,17.1,5.841960784313727
10,Tyreek Hill,WR,17,19.5,8.241960784313726
10,George Kittle,TE,17,19.2,11.473725490196077
10,Davante Adams,WR,17,9.7,-1.558039215686275
10,C.J. Stroud,QB,17,7.1,-4.83378431372549
10,Brandon Aubrey,K,17,0,-5.46078431372549
10,Philadelphia Eagles,DST,17,21,13.676470588235293
11,Lamar Jackson,QB,17,29.42,20.528352941176472
11,Breece Hall,RB,17,6.3,-2.468872549019607
11,Rhamondre Stevenson,RB,17,0.1,-8.668872549019607
11,Jameson Williams,WR,17,24.5,12.56621568627451
11,DK Metcalf,WR,17,7.2,-4.733784313725489
11,Tucker Kraft,TE,17,7.3,-0.426274509803922
11,Brian Thomas Jr.,WR,17,23.9,11.96621568627451
11,Jauan Jennings,WR,17,13.7,1.76621568627451
11,Chase McLaughlin,K,17,12,6.53921568627451
11,Tampa Bay Buccaneers,DST,17,15,7.676470588235294
12,Jordan Love,QB,17,14,2.0662156862745107
12,Saquon Barkley,RB,17,18.9,7.641960784313724
12,Josh Jacobs,RB,17,10.9,-0.35803921568627395
12,Calvin Ridley,WR,17,14.1,3.0206862745098046
12,Tim Patrick,WR,17,2,-9.079313725490195
12,Sam LaPorta,TE,17,18.4,10.673725490196077
12,Derrick Henry,RB,17,24.5,13.241960784313726
12,Baker Mayfield,QB,17,34.56,22.626215686274513
12,Chris Boswell,K,17,4,-1.4607843137254903
12,Pittsburgh Steelers,DST,17,0,-7.323529411764706
